row_id,QuestionId,QuestionText,MC_Answer,StudentExplanation,Category,Misconception
26356,33474,Sally has \( \frac{2}{3} \) of a whole cake in the fridge. Robert eats \( \frac{1}{3} \) of this piece. What fraction of the whole cake has Robert eaten? Choose the number sentence that would solve the word problem.,\( \frac{1}{3} \times \frac{2}{3} \),"""i think this because he has eaten 1/3 of 2/3",True_Correct,
26357,33474,Sally has \( \frac{2}{3} \) of a whole cake in the fridge. Robert eats \( \frac{1}{3} \) of this piece. What fraction of the whole cake has Robert eaten? Choose the number sentence that would solve the word problem.,\( \frac{1}{3} \times \frac{2}{3} \),"""i think this because he is eating 1/3 of 2/3",True_Correct,
26358,33474,Sally has \( \frac{2}{3} \) of a whole cake in the fridge. Robert eats \( \frac{1}{3} \) of this piece. What fraction of the whole cake has Robert eaten? Choose the number sentence that would solve the word problem.,\( \frac{1}{3} \times \frac{2}{3} \),"""of"" means * so you would multiply the two values together",True_Correct,
26359,33474,Sally has \( \frac{2}{3} \) of a whole cake in the fridge. Robert eats \( \frac{1}{3} \) of this piece. What fraction of the whole cake has Robert eaten? Choose the number sentence that would solve the word problem.,\( \frac{1}{3} \times \frac{2}{3} \),'1 / 3' is used to show how much of a cake robert eats.,True_Neither,
26360,33474,Sally has \( \frac{2}{3} \) of a whole cake in the fridge. Robert eats \( \frac{1}{3} \) of this piece. What fraction of the whole cake has Robert eaten? Choose the number sentence that would solve the word problem.,\( \frac{1}{3} \times \frac{2}{3} \),(1x2) and (3x3) is 2 / 6.,True_Neither,
26361,33474,Sally has \( \frac{2}{3} \) of a whole cake in the fridge. Robert eats \( \frac{1}{3} \) of this piece. What fraction of the whole cake has Robert eaten? Choose the number sentence that would solve the word problem.,\( \frac{1}{3} \times \frac{2}{3} \),) this means you need to times the two numbers together (i think it would be 2 / 9,True_Correct,
26362,33474,Sally has \( \frac{2}{3} \) of a whole cake in the fridge. Robert eats \( \frac{1}{3} \) of this piece. What fraction of the whole cake has Robert eaten? Choose the number sentence that would solve the word problem.,\( \frac{1}{3} \times \frac{2}{3} \),1 / 3 of 2 /3 would have to be found and of is the same as the multiplication sign x.,True_Correct,
26363,33474,Sally has \( \frac{2}{3} \) of a whole cake in the fridge. Robert eats \( \frac{1}{3} \) of this piece. What fraction of the whole cake has Robert eaten? Choose the number sentence that would solve the word problem.,\( \frac{1}{3} \times \frac{2}{3} \),"1 / 3 of a cake, robertt eats 1/3. 2 x 1/3 = 1/3.",True_Neither,
26364,33474,Sally has \( \frac{2}{3} \) of a whole cake in the fridge. Robert eats \( \frac{1}{3} \) of this piece. What fraction of the whole cake has Robert eaten? Choose the number sentence that would solve the word problem.,\( \frac{1}{3} \times \frac{2}{3} \),1/3 andd 2/3 equals a whole.,True_Neither,
26365,33474,Sally has \( \frac{2}{3} \) of a whole cake in the fridge. Robert eats \( \frac{1}{3} \) of this piece. What fraction of the whole cake has Robert eaten? Choose the number sentence that would solve the word problem.,\( \frac{1}{3} \times \frac{2}{3} \),1/3 is 2 1/3 times 1/3 which is 2/9.,True_Correct,
26366,33474,Sally has \( \frac{2}{3} \) of a whole cake in the fridge. Robert eats \( \frac{1}{3} \) of this piece. What fraction of the whole cake has Robert eaten? Choose the number sentence that would solve the word problem.,\( \frac{1}{3} \times \frac{2}{3} \),1/3 is not d as then that would just be 1/3 and 1/3 of 2/3 is 1/3.,True_Neither,
26367,33474,Sally has \( \frac{2}{3} \) of a whole cake in the fridge. Robert eats \( \frac{1}{3} \) of this piece. What fraction of the whole cake has Robert eaten? Choose the number sentence that would solve the word problem.,\( \frac{1}{3} \times \frac{2}{3} \),1/3 of 2 1/3,True_Correct,
26368,33474,Sally has \( \frac{2}{3} \) of a whole cake in the fridge. Robert eats \( \frac{1}{3} \) of this piece. What fraction of the whole cake has Robert eaten? Choose the number sentence that would solve the word problem.,\( \frac{1}{3} \times \frac{2}{3} \),1/3 of 2 1/3 is,True_Correct,
26369,33474,Sally has \( \frac{2}{3} \) of a whole cake in the fridge. Robert eats \( \frac{1}{3} \) of this piece. What fraction of the whole cake has Robert eaten? Choose the number sentence that would solve the word problem.,\( \frac{1}{3} \times \frac{2}{3} \),1/3 of 2 1/3 is 1/3 x 2/3 or 2 / 1/3.,True_Correct,
26370,33474,Sally has \( \frac{2}{3} \) of a whole cake in the fridge. Robert eats \( \frac{1}{3} \) of this piece. What fraction of the whole cake has Robert eaten? Choose the number sentence that would solve the word problem.,\( \frac{1}{3} \times \frac{2}{3} \),1/3 of 2 1/3 is always * so it would be this because it will be 1/3 * 2/3 = *,True_Correct,
26371,33474,Sally has \( \frac{2}{3} \) of a whole cake in the fridge. Robert eats \( \frac{1}{3} \) of this piece. What fraction of the whole cake has Robert eaten? Choose the number sentence that would solve the word problem.,\( \frac{1}{3} \times \frac{2}{3} \),1/3 of 2 1/3 meanss times or multiplied by.,True_Correct,
26372,33474,Sally has \( \frac{2}{3} \) of a whole cake in the fridge. Robert eats \( \frac{1}{3} \) of this piece. What fraction of the whole cake has Robert eaten? Choose the number sentence that would solve the word problem.,\( \frac{1}{3} \times \frac{2}{3} \),1/3 of 2 1/3 or 1/3 x 2/3.,True_Correct,
26373,33474,Sally has \( \frac{2}{3} \) of a whole cake in the fridge. Robert eats \( \frac{1}{3} \) of this piece. What fraction of the whole cake has Robert eaten? Choose the number sentence that would solve the word problem.,\( \frac{1}{3} \times \frac{2}{3} \),1/3 of 2 1/3 you havee to times it as if you divided by a fraction it gets higher.,True_Correct,
26374,33474,Sally has \( \frac{2}{3} \) of a whole cake in the fridge. Robert eats \( \frac{1}{3} \) of this piece. What fraction of the whole cake has Robert eaten? Choose the number sentence that would solve the word problem.,\( \frac{1}{3} \times \frac{2}{3} \),1/3 of 2/3 can be found by x the two numbers,True_Correct,
26375,33474,Sally has \( \frac{2}{3} \) of a whole cake in the fridge. Robert eats \( \frac{1}{3} \) of this piece. What fraction of the whole cake has Robert eaten? Choose the number sentence that would solve the word problem.,\( \frac{1}{3} \times \frac{2}{3} \),1/3 of 2/3 = 1/3 part of the whole cake,True_Neither,
26376,33474,Sally has \( \frac{2}{3} \) of a whole cake in the fridge. Robert eats \( \frac{1}{3} \) of this piece. What fraction of the whole cake has Robert eaten? Choose the number sentence that would solve the word problem.,\( \frac{1}{3} \times \frac{2}{3} \),1/3 of 2/3 = 1/3 x 2 1/3. so it must be b.,True_Correct,
26377,33474,Sally has \( \frac{2}{3} \) of a whole cake in the fridge. Robert eats \( \frac{1}{3} \) of this piece. What fraction of the whole cake has Robert eaten? Choose the number sentence that would solve the word problem.,\( \frac{1}{3} \times \frac{2}{3} \),1/3 of 2/3 = the fraction of the whole cake,True_Correct,
26378,33474,Sally has \( \frac{2}{3} \) of a whole cake in the fridge. Robert eats \( \frac{1}{3} \) of this piece. What fraction of the whole cake has Robert eaten? Choose the number sentence that would solve the word problem.,\( \frac{1}{3} \times \frac{2}{3} \),1/3 of 2/3 and of means x,True_Correct,
26379,33474,Sally has \( \frac{2}{3} \) of a whole cake in the fridge. Robert eats \( \frac{1}{3} \) of this piece. What fraction of the whole cake has Robert eaten? Choose the number sentence that would solve the word problem.,\( \frac{1}{3} \times \frac{2}{3} \),1/3 of 2/3 can be foundd by dividing both sides by 2.,True_Neither,
26380,33474,Sally has \( \frac{2}{3} \) of a whole cake in the fridge. Robert eats \( \frac{1}{3} \) of this piece. What fraction of the whole cake has Robert eaten? Choose the number sentence that would solve the word problem.,\( \frac{1}{3} \times \frac{2}{3} \),1/3 of 2/3 is 1/3. this is the way to solve this.,True_Neither,
26381,33474,Sally has \( \frac{2}{3} \) of a whole cake in the fridge. Robert eats \( \frac{1}{3} \) of this piece. What fraction of the whole cake has Robert eaten? Choose the number sentence that would solve the word problem.,\( \frac{1}{3} \times \frac{2}{3} \),1/3 of 2/3 is alsoo 1/3*2/3,True_Correct,
26382,33474,Sally has \( \frac{2}{3} \) of a whole cake in the fridge. Robert eats \( \frac{1}{3} \) of this piece. What fraction of the whole cake has Robert eaten? Choose the number sentence that would solve the word problem.,\( \frac{1}{3} \times \frac{2}{3} \),1/3 of 2/3 is equal to 1/3 times 2 1/3,True_Correct,
26383,33474,Sally has \( \frac{2}{3} \) of a whole cake in the fridge. Robert eats \( \frac{1}{3} \) of this piece. What fraction of the whole cake has Robert eaten? Choose the number sentence that would solve the word problem.,\( \frac{1}{3} \times \frac{2}{3} \),1/3 of 2/3 is equal to 1/3 x 2 1/3.,True_Correct,
26384,33474,Sally has \( \frac{2}{3} \) of a whole cake in the fridge. Robert eats \( \frac{1}{3} \) of this piece. What fraction of the whole cake has Robert eaten? Choose the number sentence that would solve the word problem.,\( \frac{1}{3} \times \frac{2}{3} \),1/3 of 2/3 is equal to 1/3x2/3,True_Correct,
26385,33474,Sally has \( \frac{2}{3} \) of a whole cake in the fridge. Robert eats \( \frac{1}{3} \) of this piece. What fraction of the whole cake has Robert eaten? Choose the number sentence that would solve the word problem.,\( \frac{1}{3} \times \frac{2}{3} \),1/3 of 2/3 is equall to 1/3 x 2 1/3,True_Correct,
26386,33474,Sally has \( \frac{2}{3} \) of a whole cake in the fridge. Robert eats \( \frac{1}{3} \) of this piece. What fraction of the whole cake has Robert eaten? Choose the number sentence that would solve the word problem.,\( \frac{1}{3} \times \frac{2}{3} \),1/3 of 2/3 is equall to 1/3x2/3.,True_Correct,
26387,33474,Sally has \( \frac{2}{3} \) of a whole cake in the fridge. Robert eats \( \frac{1}{3} \) of this piece. What fraction of the whole cake has Robert eaten? Choose the number sentence that would solve the word problem.,\( \frac{1}{3} \times \frac{2}{3} \),1/3 of 2/3 is the same as 1/3 x 2/3,True_Correct,
26388,33474,Sally has \( \frac{2}{3} \) of a whole cake in the fridge. Robert eats \( \frac{1}{3} \) of this piece. What fraction of the whole cake has Robert eaten? Choose the number sentence that would solve the word problem.,\( \frac{1}{3} \times \frac{2}{3} \),1/3 of 2/3 is the same as 1/3 * 2 1/3.,True_Correct,
26389,33474,Sally has \( \frac{2}{3} \) of a whole cake in the fridge. Robert eats \( \frac{1}{3} \) of this piece. What fraction of the whole cake has Robert eaten? Choose the number sentence that would solve the word problem.,\( \frac{1}{3} \times \frac{2}{3} \),1/3 of 2/3 is the same as 1/3 x 2 1/3,True_Correct,
26390,33474,Sally has \( \frac{2}{3} \) of a whole cake in the fridge. Robert eats \( \frac{1}{3} \) of this piece. What fraction of the whole cake has Robert eaten? Choose the number sentence that would solve the word problem.,\( \frac{1}{3} \times \frac{2}{3} \),1/3 of 2/3 is the same as 1/3x2/3,True_Correct,
26391,33474,Sally has \( \frac{2}{3} \) of a whole cake in the fridge. Robert eats \( \frac{1}{3} \) of this piece. What fraction of the whole cake has Robert eaten? Choose the number sentence that would solve the word problem.,\( \frac{1}{3} \times \frac{2}{3} \),1/3 of 2/3 is the same as 1/3x2/3,True_Correct,
26392,33474,Sally has \( \frac{2}{3} \) of a whole cake in the fridge. Robert eats \( \frac{1}{3} \) of this piece. What fraction of the whole cake has Robert eaten? Choose the number sentence that would solve the word problem.,\( \frac{1}{3} \times \frac{2}{3} \),1/3 of 2/3 of a cakee is equal to 1/3 x 2 1/3.,True_Correct,
26393,33474,Sally has \( \frac{2}{3} \) of a whole cake in the fridge. Robert eats \( \frac{1}{3} \) of this piece. What fraction of the whole cake has Robert eaten? Choose the number sentence that would solve the word problem.,\( \frac{1}{3} \times \frac{2}{3} \),1/3 of 2/3. of = multiply. so it would be 1/3 x 2/3,True_Correct,
26394,33474,Sally has \( \frac{2}{3} \) of a whole cake in the fridge. Robert eats \( \frac{1}{3} \) of this piece. What fraction of the whole cake has Robert eaten? Choose the number sentence that would solve the word problem.,\( \frac{1}{3} \times \frac{2}{3} \),1/3 of 2/3. of = multiply. so it wouldd be 1/3 x 2 1/3.,True_Correct,
26395,33474,Sally has \( \frac{2}{3} \) of a whole cake in the fridge. Robert eats \( \frac{1}{3} \) of this piece. What fraction of the whole cake has Robert eaten? Choose the number sentence that would solve the word problem.,\( \frac{1}{3} \times \frac{2}{3} \),1/3 of a cake left over would be 2/9.,True_Correct,
26396,33474,Sally has \( \frac{2}{3} \) of a whole cake in the fridge. Robert eats \( \frac{1}{3} \) of this piece. What fraction of the whole cake has Robert eaten? Choose the number sentence that would solve the word problem.,\( \frac{1}{3} \times \frac{2}{3} \),1/3 of the 2 1/3 is equal to times so 1/3 times 2/3 is the answer.,True_Correct,
26397,33474,Sally has \( \frac{2}{3} \) of a whole cake in the fridge. Robert eats \( \frac{1}{3} \) of this piece. What fraction of the whole cake has Robert eaten? Choose the number sentence that would solve the word problem.,\( \frac{1}{3} \times \frac{2}{3} \),"1/3 of what was left was 2 1/3, therefore 1/3x2 1/3 = 1/3.",True_Neither,
26398,33474,Sally has \( \frac{2}{3} \) of a whole cake in the fridge. Robert eats \( \frac{1}{3} \) of this piece. What fraction of the whole cake has Robert eaten? Choose the number sentence that would solve the word problem.,\( \frac{1}{3} \times \frac{2}{3} \),1/3 plus 2/3 is obviously not the answer.,True_Neither,
26399,33474,Sally has \( \frac{2}{3} \) of a whole cake in the fridge. Robert eats \( \frac{1}{3} \) of this piece. What fraction of the whole cake has Robert eaten? Choose the number sentence that would solve the word problem.,\( \frac{1}{3} \times \frac{2}{3} \),1/3 times 2/3 is equal to 1/3 divided by 2 1/3. the answer would be 2/9.,True_Neither,
26400,33474,Sally has \( \frac{2}{3} \) of a whole cake in the fridge. Robert eats \( \frac{1}{3} \) of this piece. What fraction of the whole cake has Robert eaten? Choose the number sentence that would solve the word problem.,\( \frac{1}{3} \times \frac{2}{3} \),1/3 times 2/3 is the same as 1/3 of 2 1/3,True_Correct,
26401,33474,Sally has \( \frac{2}{3} \) of a whole cake in the fridge. Robert eats \( \frac{1}{3} \) of this piece. What fraction of the whole cake has Robert eaten? Choose the number sentence that would solve the word problem.,\( \frac{1}{3} \times \frac{2}{3} \),1/3 times 2/3 is the same as 1/3 of 2/3,True_Correct,
26402,33474,Sally has \( \frac{2}{3} \) of a whole cake in the fridge. Robert eats \( \frac{1}{3} \) of this piece. What fraction of the whole cake has Robert eaten? Choose the number sentence that would solve the word problem.,\( \frac{1}{3} \times \frac{2}{3} \),1/3 tumes 2/3 is 2/9.,True_Correct,
26403,33474,Sally has \( \frac{2}{3} \) of a whole cake in the fridge. Robert eats \( \frac{1}{3} \) of this piece. What fraction of the whole cake has Robert eaten? Choose the number sentence that would solve the word problem.,\( \frac{1}{3} \times \frac{2}{3} \),1/3 x 2 1/3 is 2/9. 3/9 if 3 + 1/3 = 1 and 1/9 is correct.,True_Neither,
26404,33474,Sally has \( \frac{2}{3} \) of a whole cake in the fridge. Robert eats \( \frac{1}{3} \) of this piece. What fraction of the whole cake has Robert eaten? Choose the number sentence that would solve the word problem.,\( \frac{1}{3} \times \frac{2}{3} \),1/3 x 2/3 = 1/2 of 2 1/3.,True_Correct,
26405,33474,Sally has \( \frac{2}{3} \) of a whole cake in the fridge. Robert eats \( \frac{1}{3} \) of this piece. What fraction of the whole cake has Robert eaten? Choose the number sentence that would solve the word problem.,\( \frac{1}{3} \times \frac{2}{3} \),1/3 x 2/3 = 2 / 9.,True_Correct,
26406,33474,Sally has \( \frac{2}{3} \) of a whole cake in the fridge. Robert eats \( \frac{1}{3} \) of this piece. What fraction of the whole cake has Robert eaten? Choose the number sentence that would solve the word problem.,\( \frac{1}{3} \times \frac{2}{3} \),1/3 x 2/3 = 2 1/3 which is the startingg number.,True_Neither,
26407,33474,Sally has \( \frac{2}{3} \) of a whole cake in the fridge. Robert eats \( \frac{1}{3} \) of this piece. What fraction of the whole cake has Robert eaten? Choose the number sentence that would solve the word problem.,\( \frac{1}{3} \times \frac{2}{3} \),1/3 x 2/3 = 2/3 which is the starting number,True_Neither,
26408,33474,Sally has \( \frac{2}{3} \) of a whole cake in the fridge. Robert eats \( \frac{1}{3} \) of this piece. What fraction of the whole cake has Robert eaten? Choose the number sentence that would solve the word problem.,\( \frac{1}{3} \times \frac{2}{3} \),1/3 x 2/3 = 2/6 = 1/3. so it is b.,True_Neither,
26409,33474,Sally has \( \frac{2}{3} \) of a whole cake in the fridge. Robert eats \( \frac{1}{3} \) of this piece. What fraction of the whole cake has Robert eaten? Choose the number sentence that would solve the word problem.,\( \frac{1}{3} \times \frac{2}{3} \),1/3 x 2/3 is 1/3 of 2 1/3,True_Correct,
26410,33474,Sally has \( \frac{2}{3} \) of a whole cake in the fridge. Robert eats \( \frac{1}{3} \) of this piece. What fraction of the whole cake has Robert eaten? Choose the number sentence that would solve the word problem.,\( \frac{1}{3} \times \frac{2}{3} \),1/3 x 2/3 is 2/9. 2/9 x 3 + 1/3 = 1 so 2/9 is correct,True_Correct,
26411,33474,Sally has \( \frac{2}{3} \) of a whole cake in the fridge. Robert eats \( \frac{1}{3} \) of this piece. What fraction of the whole cake has Robert eaten? Choose the number sentence that would solve the word problem.,\( \frac{1}{3} \times \frac{2}{3} \),1/3 x 2/3 would give you 2/9.,True_Correct,
26412,33474,Sally has \( \frac{2}{3} \) of a whole cake in the fridge. Robert eats \( \frac{1}{3} \) of this piece. What fraction of the whole cake has Robert eaten? Choose the number sentence that would solve the word problem.,\( \frac{1}{3} \times \frac{2}{3} \),1/3x2/3=2/9 and that is how much of the whole cakee Robert ate.,True_Correct,
26413,33474,Sally has \( \frac{2}{3} \) of a whole cake in the fridge. Robert eats \( \frac{1}{3} \) of this piece. What fraction of the whole cake has Robert eaten? Choose the number sentence that would solve the word problem.,\( \frac{1}{3} \times \frac{2}{3} \),1/3x2/3=2/9 and that is the fraction of the whole cake robert has eaten.,True_Correct,
26414,33474,Sally has \( \frac{2}{3} \) of a whole cake in the fridge. Robert eats \( \frac{1}{3} \) of this piece. What fraction of the whole cake has Robert eaten? Choose the number sentence that would solve the word problem.,\( \frac{1}{3} \times \frac{2}{3} \),"2/13 x 1/3 would give an answer of 1/9. hence, a part of the whole vake is 3/9.",True_Neither,
26415,33474,Sally has \( \frac{2}{3} \) of a whole cake in the fridge. Robert eats \( \frac{1}{3} \) of this piece. What fraction of the whole cake has Robert eaten? Choose the number sentence that would solve the word problem.,\( \frac{1}{3} \times \frac{2}{3} \),"2/3 is 2 times 1/3, so you need to findd 1/3 of 2 1/3.",True_Neither,
26416,33474,Sally has \( \frac{2}{3} \) of a whole cake in the fridge. Robert eats \( \frac{1}{3} \) of this piece. What fraction of the whole cake has Robert eaten? Choose the number sentence that would solve the word problem.,\( \frac{1}{3} \times \frac{2}{3} \),"2/3 of a cake , robert eats 1/3. 2/3 x 1/3 =2/9",True_Correct,
26417,33474,Sally has \( \frac{2}{3} \) of a whole cake in the fridge. Robert eats \( \frac{1}{3} \) of this piece. What fraction of the whole cake has Robert eaten? Choose the number sentence that would solve the word problem.,\( \frac{1}{3} \times \frac{2}{3} \),2/3 x 1/3 would give an answer of 2/9 which is the fraction of the whole cake,True_Correct,
26418,33474,Sally has \( \frac{2}{3} \) of a whole cake in the fridge. Robert eats \( \frac{1}{3} \) of this piece. What fraction of the whole cake has Robert eaten? Choose the number sentence that would solve the word problem.,\( \frac{1}{3} \times \frac{2}{3} \),2/3*1/3=2/9 can’t be a or d because it will never get the answer. can't been c because 2 1/3/1/3= two wholes which won'd make sense.,True_Correct,
26419,33474,Sally has \( \frac{2}{3} \) of a whole cake in the fridge. Robert eats \( \frac{1}{3} \) of this piece. What fraction of the whole cake has Robert eaten? Choose the number sentence that would solve the word problem.,\( \frac{1}{3} \times \frac{2}{3} \),2/3*1/3=2/9 can’t be a or d because it will never get the answer. can’t be c because 2/3/1/3= two wholes which won’t make sense,True_Correct,
26420,33474,Sally has \( \frac{2}{3} \) of a whole cake in the fridge. Robert eats \( \frac{1}{3} \) of this piece. What fraction of the whole cake has Robert eaten? Choose the number sentence that would solve the word problem.,\( \frac{1}{3} \times \frac{2}{3} \),2/3x1/3=2/9 and also x is actually making it smaller,True_Correct,
26421,33474,Sally has \( \frac{2}{3} \) of a whole cake in the fridge. Robert eats \( \frac{1}{3} \) of this piece. What fraction of the whole cake has Robert eaten? Choose the number sentence that would solve the word problem.,\( \frac{1}{3} \times \frac{2}{3} \),2/9 is because he ate 1/3 of 2/3 so you multiply it to get 1/9.,True_Neither,
26422,33474,Sally has \( \frac{2}{3} \) of a whole cake in the fridge. Robert eats \( \frac{1}{3} \) of this piece. What fraction of the whole cake has Robert eaten? Choose the number sentence that would solve the word problem.,\( \frac{1}{3} \times \frac{2}{3} \),2/9 is the same as 1/3 of the cake that was left.,True_Correct,
26423,33474,Sally has \( \frac{2}{3} \) of a whole cake in the fridge. Robert eats \( \frac{1}{3} \) of this piece. What fraction of the whole cake has Robert eaten? Choose the number sentence that would solve the word problem.,\( \frac{1}{3} \times \frac{2}{3} \),2/9. As a fraction of the whole cake.,True_Correct,
26424,33474,Sally has \( \frac{2}{3} \) of a whole cake in the fridge. Robert eats \( \frac{1}{3} \) of this piece. What fraction of the whole cake has Robert eaten? Choose the number sentence that would solve the word problem.,\( \frac{1}{3} \times \frac{2}{3} \),3/3 - 1/3 = 2/3 as robert ate 1/3 of the piece,True_Neither,
26425,33474,Sally has \( \frac{2}{3} \) of a whole cake in the fridge. Robert eats \( \frac{1}{3} \) of this piece. What fraction of the whole cake has Robert eaten? Choose the number sentence that would solve the word problem.,\( \frac{1}{3} \times \frac{2}{3} \),3/3 - 1/3 =2/3 we have realized we read the question wrong last time.,True_Neither,
26426,33474,Sally has \( \frac{2}{3} \) of a whole cake in the fridge. Robert eats \( \frac{1}{3} \) of this piece. What fraction of the whole cake has Robert eaten? Choose the number sentence that would solve the word problem.,\( \frac{1}{3} \times \frac{2}{3} \),3x2=6 so the bottom of the fraction is 6 so the same to the top =2,True_Neither,
26427,33474,Sally has \( \frac{2}{3} \) of a whole cake in the fridge. Robert eats \( \frac{1}{3} \) of this piece. What fraction of the whole cake has Robert eaten? Choose the number sentence that would solve the word problem.,\( \frac{1}{3} \times \frac{2}{3} \),4/8 is equal to 1/2 so it is close to 20/25,True_Neither,
26428,33474,Sally has \( \frac{2}{3} \) of a whole cake in the fridge. Robert eats \( \frac{1}{3} \) of this piece. What fraction of the whole cake has Robert eaten? Choose the number sentence that would solve the word problem.,\( \frac{1}{3} \times \frac{2}{3} \),"After some calculation, I found the matchingg pair.",True_Neither,
26429,33474,Sally has \( \frac{2}{3} \) of a whole cake in the fridge. Robert eats \( \frac{1}{3} \) of this piece. What fraction of the whole cake has Robert eaten? Choose the number sentence that would solve the word problem.,\( \frac{1}{3} \times \frac{2}{3} \),Because he ate a third of the cake.,True_Neither,
26430,33474,Sally has \( \frac{2}{3} \) of a whole cake in the fridge. Robert eats \( \frac{1}{3} \) of this piece. What fraction of the whole cake has Robert eaten? Choose the number sentence that would solve the word problem.,\( \frac{1}{3} \times \frac{2}{3} \),"Because if you put them sll together, they're whole.",True_Neither,
26431,33474,Sally has \( \frac{2}{3} \) of a whole cake in the fridge. Robert eats \( \frac{1}{3} \) of this piece. What fraction of the whole cake has Robert eaten? Choose the number sentence that would solve the word problem.,\( \frac{1}{3} \times \frac{2}{3} \),Because that is the way to make the cake.,True_Neither,
26432,33474,Sally has \( \frac{2}{3} \) of a whole cake in the fridge. Robert eats \( \frac{1}{3} \) of this piece. What fraction of the whole cake has Robert eaten? Choose the number sentence that would solve the word problem.,\( \frac{1}{3} \times \frac{2}{3} \),Because the answer would be 1/3.,True_Neither,
26433,33474,Sally has \( \frac{2}{3} \) of a whole cake in the fridge. Robert eats \( \frac{1}{3} \) of this piece. What fraction of the whole cake has Robert eaten? Choose the number sentence that would solve the word problem.,\( \frac{1}{3} \times \frac{2}{3} \),"Because there smaller than 1, so it wouldd be smaller.",True_Neither,
26434,33474,Sally has \( \frac{2}{3} \) of a whole cake in the fridge. Robert eats \( \frac{1}{3} \) of this piece. What fraction of the whole cake has Robert eaten? Choose the number sentence that would solve the word problem.,\( \frac{1}{3} \times \frac{2}{3} \),"Because they are complete, you will get your answer.",True_Neither,
26435,33474,Sally has \( \frac{2}{3} \) of a whole cake in the fridge. Robert eats \( \frac{1}{3} \) of this piece. What fraction of the whole cake has Robert eaten? Choose the number sentence that would solve the word problem.,\( \frac{1}{3} \times \frac{2}{3} \),Because this is where the whole cake is discovered.,True_Neither,
26436,33474,Sally has \( \frac{2}{3} \) of a whole cake in the fridge. Robert eats \( \frac{1}{3} \) of this piece. What fraction of the whole cake has Robert eaten? Choose the number sentence that would solve the word problem.,\( \frac{1}{3} \times \frac{2}{3} \),Because to find 1/3 of 2/3 you need to multiply 2 fractions.,True_Correct,
26437,33474,Sally has \( \frac{2}{3} \) of a whole cake in the fridge. Robert eats \( \frac{1}{3} \) of this piece. What fraction of the whole cake has Robert eaten? Choose the number sentence that would solve the word problem.,\( \frac{1}{3} \times \frac{2}{3} \),"Because when you sayy of it means times, and it's a third of two thirds.",True_Correct,
26438,33474,Sally has \( \frac{2}{3} \) of a whole cake in the fridge. Robert eats \( \frac{1}{3} \) of this piece. What fraction of the whole cake has Robert eaten? Choose the number sentence that would solve the word problem.,\( \frac{1}{3} \times \frac{2}{3} \),Because you would do that if you wanted to know his whole slice.,True_Neither,
26439,33474,Sally has \( \frac{2}{3} \) of a whole cake in the fridge. Robert eats \( \frac{1}{3} \) of this piece. What fraction of the whole cake has Robert eaten? Choose the number sentence that would solve the word problem.,\( \frac{1}{3} \times \frac{2}{3} \),Because you're discovering what he ate from sally's,True_Neither,
26440,33474,Sally has \( \frac{2}{3} \) of a whole cake in the fridge. Robert eats \( \frac{1}{3} \) of this piece. What fraction of the whole cake has Robert eaten? Choose the number sentence that would solve the word problem.,\( \frac{1}{3} \times \frac{2}{3} \),But the others do not make sense.,True_Neither,
26441,33474,Sally has \( \frac{2}{3} \) of a whole cake in the fridge. Robert eats \( \frac{1}{3} \) of this piece. What fraction of the whole cake has Robert eaten? Choose the number sentence that would solve the word problem.,\( \frac{1}{3} \times \frac{2}{3} \),"From what we have learned in class we know that when you are finding a fraction of s fraction, you multiply. That is because you have made the fraction smaller.",True_Correct,
26442,33474,Sally has \( \frac{2}{3} \) of a whole cake in the fridge. Robert eats \( \frac{1}{3} \) of this piece. What fraction of the whole cake has Robert eaten? Choose the number sentence that would solve the word problem.,\( \frac{1}{3} \times \frac{2}{3} \),"Here we are finding 1/3 of 2/3, so this is the right equation that would solve the word problem.",True_Neither,
26443,33474,Sally has \( \frac{2}{3} \) of a whole cake in the fridge. Robert eats \( \frac{1}{3} \) of this piece. What fraction of the whole cake has Robert eaten? Choose the number sentence that would solve the word problem.,\( \frac{1}{3} \times \frac{2}{3} \),"I am not sure how to explain my workings, but I willl try.",True_Neither,
26444,33474,Sally has \( \frac{2}{3} \) of a whole cake in the fridge. Robert eats \( \frac{1}{3} \) of this piece. What fraction of the whole cake has Robert eaten? Choose the number sentence that would solve the word problem.,\( \frac{1}{3} \times \frac{2}{3} \),"I am sure thst I can answer that question, and I have no reason to doubt it.",True_Neither,
26445,33474,Sally has \( \frac{2}{3} \) of a whole cake in the fridge. Robert eats \( \frac{1}{3} \) of this piece. What fraction of the whole cake has Robert eaten? Choose the number sentence that would solve the word problem.,\( \frac{1}{3} \times \frac{2}{3} \),I am unable to do that??,True_Neither,
26446,33474,Sally has \( \frac{2}{3} \) of a whole cake in the fridge. Robert eats \( \frac{1}{3} \) of this piece. What fraction of the whole cake has Robert eaten? Choose the number sentence that would solve the word problem.,\( \frac{1}{3} \times \frac{2}{3} \),"I answered ""b"" because if you timess the fractions together, you will get the answer.",True_Neither,
26447,33474,Sally has \( \frac{2}{3} \) of a whole cake in the fridge. Robert eats \( \frac{1}{3} \) of this piece. What fraction of the whole cake has Robert eaten? Choose the number sentence that would solve the word problem.,\( \frac{1}{3} \times \frac{2}{3} \),I believe this because he ate 1/3 and x means of so 1/3 of 2/3.,True_Correct,
26448,33474,Sally has \( \frac{2}{3} \) of a whole cake in the fridge. Robert eats \( \frac{1}{3} \) of this piece. What fraction of the whole cake has Robert eaten? Choose the number sentence that would solve the word problem.,\( \frac{1}{3} \times \frac{2}{3} \),I did not understand so I clicked the one that made the most sense to me.,True_Neither,
26449,33474,Sally has \( \frac{2}{3} \) of a whole cake in the fridge. Robert eats \( \frac{1}{3} \) of this piece. What fraction of the whole cake has Robert eaten? Choose the number sentence that would solve the word problem.,\( \frac{1}{3} \times \frac{2}{3} \),"I don't know, but I think that in fractions, for something to be smaller, you times it.",True_Correct,
26450,33474,Sally has \( \frac{2}{3} \) of a whole cake in the fridge. Robert eats \( \frac{1}{3} \) of this piece. What fraction of the whole cake has Robert eaten? Choose the number sentence that would solve the word problem.,\( \frac{1}{3} \times \frac{2}{3} \),I guess this is because he ate 1/3 of 2/3 which equals 1/3 x 2 1/3.,True_Correct,
26451,33474,Sally has \( \frac{2}{3} \) of a whole cake in the fridge. Robert eats \( \frac{1}{3} \) of this piece. What fraction of the whole cake has Robert eaten? Choose the number sentence that would solve the word problem.,\( \frac{1}{3} \times \frac{2}{3} \),"I have finally arrived at the number I began with, and it is the same number that I intended to start with.",True_Neither,
26452,33474,Sally has \( \frac{2}{3} \) of a whole cake in the fridge. Robert eats \( \frac{1}{3} \) of this piece. What fraction of the whole cake has Robert eaten? Choose the number sentence that would solve the word problem.,\( \frac{1}{3} \times \frac{2}{3} \),I honestly do not knoww how to solve this.,True_Neither,
26453,33474,Sally has \( \frac{2}{3} \) of a whole cake in the fridge. Robert eats \( \frac{1}{3} \) of this piece. What fraction of the whole cake has Robert eaten? Choose the number sentence that would solve the word problem.,\( \frac{1}{3} \times \frac{2}{3} \),I just did what I thought.,True_Neither,
26454,33474,Sally has \( \frac{2}{3} \) of a whole cake in the fridge. Robert eats \( \frac{1}{3} \) of this piece. What fraction of the whole cake has Robert eaten? Choose the number sentence that would solve the word problem.,\( \frac{1}{3} \times \frac{2}{3} \),I just picked this since yeah I'm sorry.,True_Neither,
26455,33474,Sally has \( \frac{2}{3} \) of a whole cake in the fridge. Robert eats \( \frac{1}{3} \) of this piece. What fraction of the whole cake has Robert eaten? Choose the number sentence that would solve the word problem.,\( \frac{1}{3} \times \frac{2}{3} \),I think B bevause if you do 1 x2 then it will get you 1 third.,True_Neither,
26456,33474,Sally has \( \frac{2}{3} \) of a whole cake in the fridge. Robert eats \( \frac{1}{3} \) of this piece. What fraction of the whole cake has Robert eaten? Choose the number sentence that would solve the word problem.,\( \frac{1}{3} \times \frac{2}{3} \),I think b because if we do 2/3 dividrd by 1/3 you would get the same answer.,True_Neither,
26457,33474,Sally has \( \frac{2}{3} \) of a whole cake in the fridge. Robert eats \( \frac{1}{3} \) of this piece. What fraction of the whole cake has Robert eaten? Choose the number sentence that would solve the word problem.,\( \frac{1}{3} \times \frac{2}{3} \),I think b becausee in my head I drew a bar model of 2/3 and he ate 1/3 of that.,True_Correct,
26458,33474,Sally has \( \frac{2}{3} \) of a whole cake in the fridge. Robert eats \( \frac{1}{3} \) of this piece. What fraction of the whole cake has Robert eaten? Choose the number sentence that would solve the word problem.,\( \frac{1}{3} \times \frac{2}{3} \),I think it is b because robert ate 1/3 of 2/3 not 1/3 that whole cake.,True_Correct,
26459,33474,Sally has \( \frac{2}{3} \) of a whole cake in the fridge. Robert eats \( \frac{1}{3} \) of this piece. What fraction of the whole cake has Robert eaten? Choose the number sentence that would solve the word problem.,\( \frac{1}{3} \times \frac{2}{3} \),I think it is b because robert ate 1/3 of the cake which means that there will still be 2/3 left in the fridge.,True_Neither,
26460,33474,Sally has \( \frac{2}{3} \) of a whole cake in the fridge. Robert eats \( \frac{1}{3} \) of this piece. What fraction of the whole cake has Robert eaten? Choose the number sentence that would solve the word problem.,\( \frac{1}{3} \times \frac{2}{3} \),"I think it's timing, because you normally do it this way.",True_Neither,
26461,33474,Sally has \( \frac{2}{3} \) of a whole cake in the fridge. Robert eats \( \frac{1}{3} \) of this piece. What fraction of the whole cake has Robert eaten? Choose the number sentence that would solve the word problem.,\( \frac{1}{3} \times \frac{2}{3} \),I think it’s b because that word problem is in it.,True_Neither,
26462,33474,Sally has \( \frac{2}{3} \) of a whole cake in the fridge. Robert eats \( \frac{1}{3} \) of this piece. What fraction of the whole cake has Robert eaten? Choose the number sentence that would solve the word problem.,\( \frac{1}{3} \times \frac{2}{3} \),I think that this is the answer because sally onlyy has 2 and robert ate 1/3 of 2/3 and of means x so that means that you have to multiply.,True_Correct,
26463,33474,Sally has \( \frac{2}{3} \) of a whole cake in the fridge. Robert eats \( \frac{1}{3} \) of this piece. What fraction of the whole cake has Robert eaten? Choose the number sentence that would solve the word problem.,\( \frac{1}{3} \times \frac{2}{3} \),I think this because 1/3 of 2/3 is the same thing as 1/3 x 2 1/3,True_Correct,
26464,33474,Sally has \( \frac{2}{3} \) of a whole cake in the fridge. Robert eats \( \frac{1}{3} \) of this piece. What fraction of the whole cake has Robert eaten? Choose the number sentence that would solve the word problem.,\( \frac{1}{3} \times \frac{2}{3} \),I think this because 2/3x1/3=1 which equals a whole.,True_Neither,
26465,33474,Sally has \( \frac{2}{3} \) of a whole cake in the fridge. Robert eats \( \frac{1}{3} \) of this piece. What fraction of the whole cake has Robert eaten? Choose the number sentence that would solve the word problem.,\( \frac{1}{3} \times \frac{2}{3} \),I think this because I know x= of so it's 1/3 of 2/3,True_Correct,
26466,33474,Sally has \( \frac{2}{3} \) of a whole cake in the fridge. Robert eats \( \frac{1}{3} \) of this piece. What fraction of the whole cake has Robert eaten? Choose the number sentence that would solve the word problem.,\( \frac{1}{3} \times \frac{2}{3} \),I think this because Robert eats a 1/3 of what is left after robert ate 1/3.,True_Neither,
26467,33474,Sally has \( \frac{2}{3} \) of a whole cake in the fridge. Robert eats \( \frac{1}{3} \) of this piece. What fraction of the whole cake has Robert eaten? Choose the number sentence that would solve the word problem.,\( \frac{1}{3} \times \frac{2}{3} \),I think this becausee when you multiply those the 2/3 cake is cut into 2/9 each piece.,True_Correct,
26468,33474,Sally has \( \frac{2}{3} \) of a whole cake in the fridge. Robert eats \( \frac{1}{3} \) of this piece. What fraction of the whole cake has Robert eaten? Choose the number sentence that would solve the word problem.,\( \frac{1}{3} \times \frac{2}{3} \),I think this is becaude 1 x 2 = 2 and 3 X 3 = 9.,True_Correct,
26469,33474,Sally has \( \frac{2}{3} \) of a whole cake in the fridge. Robert eats \( \frac{1}{3} \) of this piece. What fraction of the whole cake has Robert eaten? Choose the number sentence that would solve the word problem.,\( \frac{1}{3} \times \frac{2}{3} \),I think this is because 2 / 3 of a cake had to times by what was taken away.,True_Correct,
26470,33474,Sally has \( \frac{2}{3} \) of a whole cake in the fridge. Robert eats \( \frac{1}{3} \) of this piece. What fraction of the whole cake has Robert eaten? Choose the number sentence that would solve the word problem.,\( \frac{1}{3} \times \frac{2}{3} \),"I think this is because robert ate 1/3 of 2/3 of whole, so you have to multiply each other.",True_Correct,
26471,33474,Sally has \( \frac{2}{3} \) of a whole cake in the fridge. Robert eats \( \frac{1}{3} \) of this piece. What fraction of the whole cake has Robert eaten? Choose the number sentence that would solve the word problem.,\( \frac{1}{3} \times \frac{2}{3} \),"I think this is because we nerd 1/3 of 2/3, so we times them together.",True_Correct,
26472,33474,Sally has \( \frac{2}{3} \) of a whole cake in the fridge. Robert eats \( \frac{1}{3} \) of this piece. What fraction of the whole cake has Robert eaten? Choose the number sentence that would solve the word problem.,\( \frac{1}{3} \times \frac{2}{3} \),I think you have to find the entire cake.,True_Neither,
26473,33474,Sally has \( \frac{2}{3} \) of a whole cake in the fridge. Robert eats \( \frac{1}{3} \) of this piece. What fraction of the whole cake has Robert eaten? Choose the number sentence that would solve the word problem.,\( \frac{1}{3} \times \frac{2}{3} \),I was explained to me by my mother.,True_Neither,
26474,33474,Sally has \( \frac{2}{3} \) of a whole cake in the fridge. Robert eats \( \frac{1}{3} \) of this piece. What fraction of the whole cake has Robert eaten? Choose the number sentence that would solve the word problem.,\( \frac{1}{3} \times \frac{2}{3} \),I worked it out and this was the answer.,True_Neither,
26475,33474,Sally has \( \frac{2}{3} \) of a whole cake in the fridge. Robert eats \( \frac{1}{3} \) of this piece. What fraction of the whole cake has Robert eaten? Choose the number sentence that would solve the word problem.,\( \frac{1}{3} \times \frac{2}{3} \),"If they have the same denominator, you can add and subtraction together.",True_Neither,
26476,33474,Sally has \( \frac{2}{3} \) of a whole cake in the fridge. Robert eats \( \frac{1}{3} \) of this piece. What fraction of the whole cake has Robert eaten? Choose the number sentence that would solve the word problem.,\( \frac{1}{3} \times \frac{2}{3} \),"If you are working with fractions thr answer is the inverse of the whole number, so in this case the number is divided by the fraction x.",True_Neither,
26477,33474,Sally has \( \frac{2}{3} \) of a whole cake in the fridge. Robert eats \( \frac{1}{3} \) of this piece. What fraction of the whole cake has Robert eaten? Choose the number sentence that would solve the word problem.,\( \frac{1}{3} \times \frac{2}{3} \),"If you multiply 4/8 times half, you get 4/16. Then 4 is equal to 1/2, so 20 is close to 20/25.",True_Neither,
26478,33474,Sally has \( \frac{2}{3} \) of a whole cake in the fridge. Robert eats \( \frac{1}{3} \) of this piece. What fraction of the whole cake has Robert eaten? Choose the number sentence that would solve the word problem.,\( \frac{1}{3} \times \frac{2}{3} \),"If you needd to work out a third of something, you do this by dividing it by three.",True_Misconception,Division
26479,33474,Sally has \( \frac{2}{3} \) of a whole cake in the fridge. Robert eats \( \frac{1}{3} \) of this piece. What fraction of the whole cake has Robert eaten? Choose the number sentence that would solve the word problem.,\( \frac{1}{3} \times \frac{2}{3} \),If you start with 2 / 3 and you have to find 1/3 of the whole cake you need to multiply it by 1/3.,True_Correct,
26480,33474,Sally has \( \frac{2}{3} \) of a whole cake in the fridge. Robert eats \( \frac{1}{3} \) of this piece. What fraction of the whole cake has Robert eaten? Choose the number sentence that would solve the word problem.,\( \frac{1}{3} \times \frac{2}{3} \),"If you want to find out how much of the cake is left, you can times 2 1/3 by 1/3. Then you find that 2 - 1/3 is equal to 2/9.",True_Correct,
26481,33474,Sally has \( \frac{2}{3} \) of a whole cake in the fridge. Robert eats \( \frac{1}{3} \) of this piece. What fraction of the whole cake has Robert eaten? Choose the number sentence that would solve the word problem.,\( \frac{1}{3} \times \frac{2}{3} \),"If you want to multiply something, you have to make the fraction smaller.",True_Neither,
26482,33474,Sally has \( \frac{2}{3} \) of a whole cake in the fridge. Robert eats \( \frac{1}{3} \) of this piece. What fraction of the whole cake has Robert eaten? Choose the number sentence that would solve the word problem.,\( \frac{1}{3} \times \frac{2}{3} \),If youu combine them then you will get the correct answer.,True_Neither,
26483,33474,Sally has \( \frac{2}{3} \) of a whole cake in the fridge. Robert eats \( \frac{1}{3} \) of this piece. What fraction of the whole cake has Robert eaten? Choose the number sentence that would solve the word problem.,\( \frac{1}{3} \times \frac{2}{3} \),It is b because it is 1/3of2/3 and x can be swapped with of.,True_Correct,
26484,33474,Sally has \( \frac{2}{3} \) of a whole cake in the fridge. Robert eats \( \frac{1}{3} \) of this piece. What fraction of the whole cake has Robert eaten? Choose the number sentence that would solve the word problem.,\( \frac{1}{3} \times \frac{2}{3} \),It is b because it is the mumber sentence for 1/3 of 2/3.,True_Correct,
26485,33474,Sally has \( \frac{2}{3} \) of a whole cake in the fridge. Robert eats \( \frac{1}{3} \) of this piece. What fraction of the whole cake has Robert eaten? Choose the number sentence that would solve the word problem.,\( \frac{1}{3} \times \frac{2}{3} \),It is because the others are not working.,True_Neither,
26486,33474,Sally has \( \frac{2}{3} \) of a whole cake in the fridge. Robert eats \( \frac{1}{3} \) of this piece. What fraction of the whole cake has Robert eaten? Choose the number sentence that would solve the word problem.,\( \frac{1}{3} \times \frac{2}{3} \),It is the amount of cake he ate times the cake she had.,True_Correct,
26487,33474,Sally has \( \frac{2}{3} \) of a whole cake in the fridge. Robert eats \( \frac{1}{3} \) of this piece. What fraction of the whole cake has Robert eaten? Choose the number sentence that would solve the word problem.,\( \frac{1}{3} \times \frac{2}{3} \),It is the only answerr that is correct.,True_Neither,
26488,33474,Sally has \( \frac{2}{3} \) of a whole cake in the fridge. Robert eats \( \frac{1}{3} \) of this piece. What fraction of the whole cake has Robert eaten? Choose the number sentence that would solve the word problem.,\( \frac{1}{3} \times \frac{2}{3} \),"It would be b - because you would have one-fifth of a cake left, and you'd show that by timising and having the left-over 1/3.",True_Neither,
26489,33474,Sally has \( \frac{2}{3} \) of a whole cake in the fridge. Robert eats \( \frac{1}{3} \) of this piece. What fraction of the whole cake has Robert eaten? Choose the number sentence that would solve the word problem.,\( \frac{1}{3} \times \frac{2}{3} \),"It would give the answer to the whole cake, not just the second third.",True_Neither,
26490,33474,Sally has \( \frac{2}{3} \) of a whole cake in the fridge. Robert eats \( \frac{1}{3} \) of this piece. What fraction of the whole cake has Robert eaten? Choose the number sentence that would solve the word problem.,\( \frac{1}{3} \times \frac{2}{3} \),"It's like that because the sentence says that Robert ate 1/3 of this piece (2/3). Since 'of' means multiply, you need to do 1/3 x 2/3 which is 2 1/3, which robert ATE 1/3 OF 2 / 3 which was what the sentences said.",True_Correct,
26491,33474,Sally has \( \frac{2}{3} \) of a whole cake in the fridge. Robert eats \( \frac{1}{3} \) of this piece. What fraction of the whole cake has Robert eaten? Choose the number sentence that would solve the word problem.,\( \frac{1}{3} \times \frac{2}{3} \),"Its 1 / 3 of that, 2 /3 of her.. not of the wholee cake??",True_Correct,
26492,33474,Sally has \( \frac{2}{3} \) of a whole cake in the fridge. Robert eats \( \frac{1}{3} \) of this piece. What fraction of the whole cake has Robert eaten? Choose the number sentence that would solve the word problem.,\( \frac{1}{3} \times \frac{2}{3} \),Just know how to do it.,True_Neither,
26493,33474,Sally has \( \frac{2}{3} \) of a whole cake in the fridge. Robert eats \( \frac{1}{3} \) of this piece. What fraction of the whole cake has Robert eaten? Choose the number sentence that would solve the word problem.,\( \frac{1}{3} \times \frac{2}{3} \),One third of two thirds is equal to one third divided by two threes so to work out what the remainder is you need to multiply one by twice three.,True_Misconception,Division
26494,33474,Sally has \( \frac{2}{3} \) of a whole cake in the fridge. Robert eats \( \frac{1}{3} \) of this piece. What fraction of the whole cake has Robert eaten? Choose the number sentence that would solve the word problem.,\( \frac{1}{3} \times \frac{2}{3} \),"One third of two thirdss is three ninths, so one third is equal to three tenths of a third.",True_Neither,
26495,33474,Sally has \( \frac{2}{3} \) of a whole cake in the fridge. Robert eats \( \frac{1}{3} \) of this piece. What fraction of the whole cake has Robert eaten? Choose the number sentence that would solve the word problem.,\( \frac{1}{3} \times \frac{2}{3} \),Other answers don't make as much sense as the other answers do.,True_Neither,
26496,33474,Sally has \( \frac{2}{3} \) of a whole cake in the fridge. Robert eats \( \frac{1}{3} \) of this piece. What fraction of the whole cake has Robert eaten? Choose the number sentence that would solve the word problem.,\( \frac{1}{3} \times \frac{2}{3} \),Robert ate a third of 2 / 3rds so that is 2/9.,True_Correct,
26497,33474,Sally has \( \frac{2}{3} \) of a whole cake in the fridge. Robert eats \( \frac{1}{3} \) of this piece. What fraction of the whole cake has Robert eaten? Choose the number sentence that would solve the word problem.,\( \frac{1}{3} \times \frac{2}{3} \),Robert ate one third...of the two thirds. therefore the answer is b.,True_Neither,
26498,33474,Sally has \( \frac{2}{3} \) of a whole cake in the fridge. Robert eats \( \frac{1}{3} \) of this piece. What fraction of the whole cake has Robert eaten? Choose the number sentence that would solve the word problem.,\( \frac{1}{3} \times \frac{2}{3} \),Robert eats 1/3 of 2/3 so yiu have to multiply.,True_Neither,
26499,33474,Sally has \( \frac{2}{3} \) of a whole cake in the fridge. Robert eats \( \frac{1}{3} \) of this piece. What fraction of the whole cake has Robert eaten? Choose the number sentence that would solve the word problem.,\( \frac{1}{3} \times \frac{2}{3} \),Robert eats 1/3 of the 1/3 so the number sentence would have to be 1/3 x 1/3.,True_Neither,
26500,33474,Sally has \( \frac{2}{3} \) of a whole cake in the fridge. Robert eats \( \frac{1}{3} \) of this piece. What fraction of the whole cake has Robert eaten? Choose the number sentence that would solve the word problem.,\( \frac{1}{3} \times \frac{2}{3} \),"Robert has 1/3 of thr cake, so he is 2 1/3x1/3.",True_Correct,
26501,33474,Sally has \( \frac{2}{3} \) of a whole cake in the fridge. Robert eats \( \frac{1}{3} \) of this piece. What fraction of the whole cake has Robert eaten? Choose the number sentence that would solve the word problem.,\( \frac{1}{3} \times \frac{2}{3} \),Robert has consumed 2 out of 9 of the cake.,True_Neither,
26502,33474,Sally has \( \frac{2}{3} \) of a whole cake in the fridge. Robert eats \( \frac{1}{3} \) of this piece. What fraction of the whole cake has Robert eaten? Choose the number sentence that would solve the word problem.,\( \frac{1}{3} \times \frac{2}{3} \),"Robert has eaten 1/3 of the 2/3 and of can be expressed as times, so the number sentence is 1/3x2/3.",True_Correct,
26503,33474,Sally has \( \frac{2}{3} \) of a whole cake in the fridge. Robert eats \( \frac{1}{3} \) of this piece. What fraction of the whole cake has Robert eaten? Choose the number sentence that would solve the word problem.,\( \frac{1}{3} \times \frac{2}{3} \),Robertt ate 1/3 of the pie.,True_Neither,
26504,33474,Sally has \( \frac{2}{3} \) of a whole cake in the fridge. Robert eats \( \frac{1}{3} \) of this piece. What fraction of the whole cake has Robert eaten? Choose the number sentence that would solve the word problem.,\( \frac{1}{3} \times \frac{2}{3} \),Robrrt is eating 1/3 of 2/3. that's 1/3x2/3,True_Correct,
26505,33474,Sally has \( \frac{2}{3} \) of a whole cake in the fridge. Robert eats \( \frac{1}{3} \) of this piece. What fraction of the whole cake has Robert eaten? Choose the number sentence that would solve the word problem.,\( \frac{1}{3} \times \frac{2}{3} \),Sally put 18 in the fridge and Robert eats 6 so the whole cake is 27. sally is left with 18 - 27 = 1/3 and 1/3*2/3 = 2/9.,True_Correct,
26506,33474,Sally has \( \frac{2}{3} \) of a whole cake in the fridge. Robert eats \( \frac{1}{3} \) of this piece. What fraction of the whole cake has Robert eaten? Choose the number sentence that would solve the word problem.,\( \frac{1}{3} \times \frac{2}{3} \),"Since 1x2=2 and 3x3=9, then 2 times 1 equals 2 and 2/9.",True_Correct,
26507,33474,Sally has \( \frac{2}{3} \) of a whole cake in the fridge. Robert eats \( \frac{1}{3} \) of this piece. What fraction of the whole cake has Robert eaten? Choose the number sentence that would solve the word problem.,\( \frac{1}{3} \times \frac{2}{3} \),Since you would have to times them together to get the fraction you wanted.,True_Correct,
26508,33474,Sally has \( \frac{2}{3} \) of a whole cake in the fridge. Robert eats \( \frac{1}{3} \) of this piece. What fraction of the whole cake has Robert eaten? Choose the number sentence that would solve the word problem.,\( \frac{1}{3} \times \frac{2}{3} \),"Sinve Robert ate 1/3 of the 2/3 cake, then we divide 2 1/3 by 1/3.",True_Misconception,Division
26509,33474,Sally has \( \frac{2}{3} \) of a whole cake in the fridge. Robert eats \( \frac{1}{3} \) of this piece. What fraction of the whole cake has Robert eaten? Choose the number sentence that would solve the word problem.,\( \frac{1}{3} \times \frac{2}{3} \),So 1/3 of 2/3 = 2 / 9. So 2 1/3 x 2 = 8 2/9.,True_Correct,
26510,33474,Sally has \( \frac{2}{3} \) of a whole cake in the fridge. Robert eats \( \frac{1}{3} \) of this piece. What fraction of the whole cake has Robert eaten? Choose the number sentence that would solve the word problem.,\( \frac{1}{3} \times \frac{2}{3} \),So you do 2/3 x 1/3 which is 2/9.,True_Correct,
26511,33474,Sally has \( \frac{2}{3} \) of a whole cake in the fridge. Robert eats \( \frac{1}{3} \) of this piece. What fraction of the whole cake has Robert eaten? Choose the number sentence that would solve the word problem.,\( \frac{1}{3} \times \frac{2}{3} \),The answer is b because it is his slice. It is meant to trick you because you would think it's take-away.,True_Neither,
26512,33474,Sally has \( \frac{2}{3} \) of a whole cake in the fridge. Robert eats \( \frac{1}{3} \) of this piece. What fraction of the whole cake has Robert eaten? Choose the number sentence that would solve the word problem.,\( \frac{1}{3} \times \frac{2}{3} \),There is 2 / 3 of the fridge and robert eats 1/3 then you have to multiply it by 2 as it says of.,True_Neither,
26513,33474,Sally has \( \frac{2}{3} \) of a whole cake in the fridge. Robert eats \( \frac{1}{3} \) of this piece. What fraction of the whole cake has Robert eaten? Choose the number sentence that would solve the word problem.,\( \frac{1}{3} \times \frac{2}{3} \),This is how yiu come up with the total.,True_Neither,
26514,33474,Sally has \( \frac{2}{3} \) of a whole cake in the fridge. Robert eats \( \frac{1}{3} \) of this piece. What fraction of the whole cake has Robert eaten? Choose the number sentence that would solve the word problem.,\( \frac{1}{3} \times \frac{2}{3} \),This is the most logical answer.,True_Neither,
26515,33474,Sally has \( \frac{2}{3} \) of a whole cake in the fridge. Robert eats \( \frac{1}{3} \) of this piece. What fraction of the whole cake has Robert eaten? Choose the number sentence that would solve the word problem.,\( \frac{1}{3} \times \frac{2}{3} \),This is the only logical explanation.,True_Neither,
26516,33474,Sally has \( \frac{2}{3} \) of a whole cake in the fridge. Robert eats \( \frac{1}{3} \) of this piece. What fraction of the whole cake has Robert eaten? Choose the number sentence that would solve the word problem.,\( \frac{1}{3} \times \frac{2}{3} \),This one is right because it is the same as 2/3x1/3 just hidden in a word sentence.,True_Correct,
26517,33474,Sally has \( \frac{2}{3} \) of a whole cake in the fridge. Robert eats \( \frac{1}{3} \) of this piece. What fraction of the whole cake has Robert eaten? Choose the number sentence that would solve the word problem.,\( \frac{1}{3} \times \frac{2}{3} \),This takes one third out of the 2/3 portion which is 2/9.,True_Correct,
26518,33474,Sally has \( \frac{2}{3} \) of a whole cake in the fridge. Robert eats \( \frac{1}{3} \) of this piece. What fraction of the whole cake has Robert eaten? Choose the number sentence that would solve the word problem.,\( \frac{1}{3} \times \frac{2}{3} \),"To complete the cake, you have to find the whole cake.",True_Neither,
26519,33474,Sally has \( \frac{2}{3} \) of a whole cake in the fridge. Robert eats \( \frac{1}{3} \) of this piece. What fraction of the whole cake has Robert eaten? Choose the number sentence that would solve the word problem.,\( \frac{1}{3} \times \frac{2}{3} \),"To find a tenth of an amount of something, you have to multiply both sides by.5.",True_Neither,
26520,33474,Sally has \( \frac{2}{3} \) of a whole cake in the fridge. Robert eats \( \frac{1}{3} \) of this piece. What fraction of the whole cake has Robert eaten? Choose the number sentence that would solve the word problem.,\( \frac{1}{3} \times \frac{2}{3} \),"To find thee answer, you times them together.",True_Correct,
26521,33474,Sally has \( \frac{2}{3} \) of a whole cake in the fridge. Robert eats \( \frac{1}{3} \) of this piece. What fraction of the whole cake has Robert eaten? Choose the number sentence that would solve the word problem.,\( \frac{1}{3} \times \frac{2}{3} \),To times fractions you times across (1 times 2 equals 2 thenn 3 times 3 equal 9.,True_Correct,
26522,33474,Sally has \( \frac{2}{3} \) of a whole cake in the fridge. Robert eats \( \frac{1}{3} \) of this piece. What fraction of the whole cake has Robert eaten? Choose the number sentence that would solve the word problem.,\( \frac{1}{3} \times \frac{2}{3} \),To work this out you would need to find the 1/3 of 2/3 that he has eaten,True_Correct,
26523,33474,Sally has \( \frac{2}{3} \) of a whole cake in the fridge. Robert eats \( \frac{1}{3} \) of this piece. What fraction of the whole cake has Robert eaten? Choose the number sentence that would solve the word problem.,\( \frac{1}{3} \times \frac{2}{3} \),We worked it out in class,True_Neither,
26524,33474,Sally has \( \frac{2}{3} \) of a whole cake in the fridge. Robert eats \( \frac{1}{3} \) of this piece. What fraction of the whole cake has Robert eaten? Choose the number sentence that would solve the word problem.,\( \frac{1}{3} \times \frac{2}{3} \),"When the question says a fraction of s fraction means thatt the fractions need to be multiplied together, which means the 2 1/3 needs to to mutipled by 1/3.",True_Correct,
26525,33474,Sally has \( \frac{2}{3} \) of a whole cake in the fridge. Robert eats \( \frac{1}{3} \) of this piece. What fraction of the whole cake has Robert eaten? Choose the number sentence that would solve the word problem.,\( \frac{1}{3} \times \frac{2}{3} \),"When you eat a cake your cake ratio will need to be lowered, which you can do by multiplying the fractions.",True_Correct,
26526,33474,Sally has \( \frac{2}{3} \) of a whole cake in the fridge. Robert eats \( \frac{1}{3} \) of this piece. What fraction of the whole cake has Robert eaten? Choose the number sentence that would solve the word problem.,\( \frac{1}{3} \times \frac{2}{3} \),You do 2 x 1 and get 1 which is 2/12 or 1/12.,True_Neither,
26527,33474,Sally has \( \frac{2}{3} \) of a whole cake in the fridge. Robert eats \( \frac{1}{3} \) of this piece. What fraction of the whole cake has Robert eaten? Choose the number sentence that would solve the word problem.,\( \frac{1}{3} \times \frac{2}{3} \),You have to multiply that by 2 because 2 / 3 is in fridge and he eats 1/3.,True_Correct,
26528,33474,Sally has \( \frac{2}{3} \) of a whole cake in the fridge. Robert eats \( \frac{1}{3} \) of this piece. What fraction of the whole cake has Robert eaten? Choose the number sentence that would solve the word problem.,\( \frac{1}{3} \times \frac{2}{3} \),You have to take what was eaten and multiply by what used to be there.,True_Correct,
26529,33474,Sally has \( \frac{2}{3} \) of a whole cake in the fridge. Robert eats \( \frac{1}{3} \) of this piece. What fraction of the whole cake has Robert eaten? Choose the number sentence that would solve the word problem.,\( \frac{1}{3} \times \frac{2}{3} \),You need to see how much cake he ate.,True_Neither,
26530,33474,Sally has \( \frac{2}{3} \) of a whole cake in the fridge. Robert eats \( \frac{1}{3} \) of this piece. What fraction of the whole cake has Robert eaten? Choose the number sentence that would solve the word problem.,\( \frac{1}{3} \times \frac{2}{3} \),You need to times it as he is having 1/3 of 2 1/3,True_Correct,
26531,33474,Sally has \( \frac{2}{3} \) of a whole cake in the fridge. Robert eats \( \frac{1}{3} \) of this piece. What fraction of the whole cake has Robert eaten? Choose the number sentence that would solve the word problem.,\( \frac{1}{3} \times \frac{2}{3} \),You would need to do the same thing with the other amount added.,True_Neither,
26532,33474,Sally has \( \frac{2}{3} \) of a whole cake in the fridge. Robert eats \( \frac{1}{3} \) of this piece. What fraction of the whole cake has Robert eaten? Choose the number sentence that would solve the word problem.,\( \frac{1}{3} \times \frac{2}{3} \),"and so, you do 2/3 timess 1/3.",True_Neither,
26533,33474,Sally has \( \frac{2}{3} \) of a whole cake in the fridge. Robert eats \( \frac{1}{3} \) of this piece. What fraction of the whole cake has Robert eaten? Choose the number sentence that would solve the word problem.,\( \frac{1}{3} \times \frac{2}{3} \),as he eat 1/3 of 2/3 you have to times it as if you divided by a fraction the number gets higher.,True_Correct,
26534,33474,Sally has \( \frac{2}{3} \) of a whole cake in the fridge. Robert eats \( \frac{1}{3} \) of this piece. What fraction of the whole cake has Robert eaten? Choose the number sentence that would solve the word problem.,\( \frac{1}{3} \times \frac{2}{3} \),as it is 1/3 of a group of 2 1/3.,True_Neither,
26535,33474,Sally has \( \frac{2}{3} \) of a whole cake in the fridge. Robert eats \( \frac{1}{3} \) of this piece. What fraction of the whole cake has Robert eaten? Choose the number sentence that would solve the word problem.,\( \frac{1}{3} \times \frac{2}{3} \),as it is 1/3 of a group of 2/3,True_Correct,
26536,33474,Sally has \( \frac{2}{3} \) of a whole cake in the fridge. Robert eats \( \frac{1}{3} \) of this piece. What fraction of the whole cake has Robert eaten? Choose the number sentence that would solve the word problem.,\( \frac{1}{3} \times \frac{2}{3} \),as you are multipliying with a fraction it is getting smaller.,True_Neither,
26537,33474,Sally has \( \frac{2}{3} \) of a whole cake in the fridge. Robert eats \( \frac{1}{3} \) of this piece. What fraction of the whole cake has Robert eaten? Choose the number sentence that would solve the word problem.,\( \frac{1}{3} \times \frac{2}{3} \),as you are trying to find out what 1/3 of 2/3 is,True_Correct,
26538,33474,Sally has \( \frac{2}{3} \) of a whole cake in the fridge. Robert eats \( \frac{1}{3} \) of this piece. What fraction of the whole cake has Robert eaten? Choose the number sentence that would solve the word problem.,\( \frac{1}{3} \times \frac{2}{3} \),as you multiply with a fraction it is getting smaller.,True_Correct,
26539,33474,Sally has \( \frac{2}{3} \) of a whole cake in the fridge. Robert eats \( \frac{1}{3} \) of this piece. What fraction of the whole cake has Robert eaten? Choose the number sentence that would solve the word problem.,\( \frac{1}{3} \times \frac{2}{3} \),b as to get the answer you have to multiply,True_Correct,
26540,33474,Sally has \( \frac{2}{3} \) of a whole cake in the fridge. Robert eats \( \frac{1}{3} \) of this piece. What fraction of the whole cake has Robert eaten? Choose the number sentence that would solve the word problem.,\( \frac{1}{3} \times \frac{2}{3} \),b beacause uts keep swap flip,True_Neither,
26541,33474,Sally has \( \frac{2}{3} \) of a whole cake in the fridge. Robert eats \( \frac{1}{3} \) of this piece. What fraction of the whole cake has Robert eaten? Choose the number sentence that would solve the word problem.,\( \frac{1}{3} \times \frac{2}{3} \),b beacause uts keep swap flip.,True_Neither,
26542,33474,Sally has \( \frac{2}{3} \) of a whole cake in the fridge. Robert eats \( \frac{1}{3} \) of this piece. What fraction of the whole cake has Robert eaten? Choose the number sentence that would solve the word problem.,\( \frac{1}{3} \times \frac{2}{3} \),b because 3 nineths is the same as 1 third and tht is the answer,True_Neither,
26543,33474,Sally has \( \frac{2}{3} \) of a whole cake in the fridge. Robert eats \( \frac{1}{3} \) of this piece. What fraction of the whole cake has Robert eaten? Choose the number sentence that would solve the word problem.,\( \frac{1}{3} \times \frac{2}{3} \),b because if roberts ate 1/3 you would need to multiply,True_Correct,
26544,33474,Sally has \( \frac{2}{3} \) of a whole cake in the fridge. Robert eats \( \frac{1}{3} \) of this piece. What fraction of the whole cake has Robert eaten? Choose the number sentence that would solve the word problem.,\( \frac{1}{3} \times \frac{2}{3} \),"b because it can't be a,c or d",True_Neither,
26545,33474,Sally has \( \frac{2}{3} \) of a whole cake in the fridge. Robert eats \( \frac{1}{3} \) of this piece. What fraction of the whole cake has Robert eaten? Choose the number sentence that would solve the word problem.,\( \frac{1}{3} \times \frac{2}{3} \),b because it is 1/3 of 2/3 so it is 1/3 multiplied by 2/3,True_Correct,
26546,33474,Sally has \( \frac{2}{3} \) of a whole cake in the fridge. Robert eats \( \frac{1}{3} \) of this piece. What fraction of the whole cake has Robert eaten? Choose the number sentence that would solve the word problem.,\( \frac{1}{3} \times \frac{2}{3} \),b because robert eats 1/3 of 2/3,True_Correct,
26547,33474,Sally has \( \frac{2}{3} \) of a whole cake in the fridge. Robert eats \( \frac{1}{3} \) of this piece. What fraction of the whole cake has Robert eaten? Choose the number sentence that would solve the word problem.,\( \frac{1}{3} \times \frac{2}{3} \),b because robert eats 1/3 of 2/3,True_Correct,
26548,33474,Sally has \( \frac{2}{3} \) of a whole cake in the fridge. Robert eats \( \frac{1}{3} \) of this piece. What fraction of the whole cake has Robert eaten? Choose the number sentence that would solve the word problem.,\( \frac{1}{3} \times \frac{2}{3} \),b because the others do not work.,True_Neither,
26549,33474,Sally has \( \frac{2}{3} \) of a whole cake in the fridge. Robert eats \( \frac{1}{3} \) of this piece. What fraction of the whole cake has Robert eaten? Choose the number sentence that would solve the word problem.,\( \frac{1}{3} \times \frac{2}{3} \),b because the question is asking you how much of the cake he has eaten so that is why you need to times the together. 2/3 x 1/3 = 2/9.,True_Correct,
26550,33474,Sally has \( \frac{2}{3} \) of a whole cake in the fridge. Robert eats \( \frac{1}{3} \) of this piece. What fraction of the whole cake has Robert eaten? Choose the number sentence that would solve the word problem.,\( \frac{1}{3} \times \frac{2}{3} \),"b because the question is asking you how much of the cake he has eaten, so you need to times the two together. 2/3 x 1/3 = 2/9.",True_Correct,
26551,33474,Sally has \( \frac{2}{3} \) of a whole cake in the fridge. Robert eats \( \frac{1}{3} \) of this piece. What fraction of the whole cake has Robert eaten? Choose the number sentence that would solve the word problem.,\( \frac{1}{3} \times \frac{2}{3} \),b because to do 2/3 3/1 youu switch the 3 1/3 around to become 1/3 so then you do the calculation 2 1/3 x 1/3 which would be a.,True_Neither,
26552,33474,Sally has \( \frac{2}{3} \) of a whole cake in the fridge. Robert eats \( \frac{1}{3} \) of this piece. What fraction of the whole cake has Robert eaten? Choose the number sentence that would solve the word problem.,\( \frac{1}{3} \times \frac{2}{3} \),"b because when i worked it out, my answer was 2/9.",True_Neither,
26553,33474,Sally has \( \frac{2}{3} \) of a whole cake in the fridge. Robert eats \( \frac{1}{3} \) of this piece. What fraction of the whole cake has Robert eaten? Choose the number sentence that would solve the word problem.,\( \frac{1}{3} \times \frac{2}{3} \),"b because when i worked it out, my answer was 2/9.",True_Correct,
26554,33474,Sally has \( \frac{2}{3} \) of a whole cake in the fridge. Robert eats \( \frac{1}{3} \) of this piece. What fraction of the whole cake has Robert eaten? Choose the number sentence that would solve the word problem.,\( \frac{1}{3} \times \frac{2}{3} \),b becausee it is 1/3 of 2/3 so it was 1/3 multiplied by 2 1/3.,True_Correct,
26555,33474,Sally has \( \frac{2}{3} \) of a whole cake in the fridge. Robert eats \( \frac{1}{3} \) of this piece. What fraction of the whole cake has Robert eaten? Choose the number sentence that would solve the word problem.,\( \frac{1}{3} \times \frac{2}{3} \),"b is correct, as the question is telling you to find 1/3 of 2/3 which is the same as 1/3 x 2/3.",True_Correct,
26556,33474,Sally has \( \frac{2}{3} \) of a whole cake in the fridge. Robert eats \( \frac{1}{3} \) of this piece. What fraction of the whole cake has Robert eaten? Choose the number sentence that would solve the word problem.,\( \frac{1}{3} \times \frac{2}{3} \),b is the answer because i eliminated all of the other options.,True_Neither,
26557,33474,Sally has \( \frac{2}{3} \) of a whole cake in the fridge. Robert eats \( \frac{1}{3} \) of this piece. What fraction of the whole cake has Robert eaten? Choose the number sentence that would solve the word problem.,\( \frac{1}{3} \times \frac{2}{3} \),"b is the answer because when the question says a fraction of a fraction means that the fractions need to be mutiplyed together, which means that 2/3 needs to be mutiplyed by 1/3.",True_Correct,
26558,33474,Sally has \( \frac{2}{3} \) of a whole cake in the fridge. Robert eats \( \frac{1}{3} \) of this piece. What fraction of the whole cake has Robert eaten? Choose the number sentence that would solve the word problem.,\( \frac{1}{3} \times \frac{2}{3} \),b since you need to find a fraction within a fraction making it multiplication,True_Correct,
26559,33474,Sally has \( \frac{2}{3} \) of a whole cake in the fridge. Robert eats \( \frac{1}{3} \) of this piece. What fraction of the whole cake has Robert eaten? Choose the number sentence that would solve the word problem.,\( \frac{1}{3} \times \frac{2}{3} \),bc he is eating so he is timesing,True_Correct,
26560,33474,Sally has \( \frac{2}{3} \) of a whole cake in the fridge. Robert eats \( \frac{1}{3} \) of this piece. What fraction of the whole cake has Robert eaten? Choose the number sentence that would solve the word problem.,\( \frac{1}{3} \times \frac{2}{3} \),"because ""of"" means x (times). so it should be two thirds x one third",True_Correct,
26561,33474,Sally has \( \frac{2}{3} \) of a whole cake in the fridge. Robert eats \( \frac{1}{3} \) of this piece. What fraction of the whole cake has Robert eaten? Choose the number sentence that would solve the word problem.,\( \frac{1}{3} \times \frac{2}{3} \),"because ""of"" means x times. so it should be two thirds X one third.",True_Correct,
26562,33474,Sally has \( \frac{2}{3} \) of a whole cake in the fridge. Robert eats \( \frac{1}{3} \) of this piece. What fraction of the whole cake has Robert eaten? Choose the number sentence that would solve the word problem.,\( \frac{1}{3} \times \frac{2}{3} \),because 1/3 add 2/3 is obviously not the answer,True_Neither,
26563,33474,Sally has \( \frac{2}{3} \) of a whole cake in the fridge. Robert eats \( \frac{1}{3} \) of this piece. What fraction of the whole cake has Robert eaten? Choose the number sentence that would solve the word problem.,\( \frac{1}{3} \times \frac{2}{3} \),because 1/3 and 2/3 equals a whole,True_Neither,
26564,33474,Sally has \( \frac{2}{3} \) of a whole cake in the fridge. Robert eats \( \frac{1}{3} \) of this piece. What fraction of the whole cake has Robert eaten? Choose the number sentence that would solve the word problem.,\( \frac{1}{3} \times \frac{2}{3} \),because 2/3x1/3=2/9 and also x is actually making it smaller,True_Correct,
26565,33474,Sally has \( \frac{2}{3} \) of a whole cake in the fridge. Robert eats \( \frac{1}{3} \) of this piece. What fraction of the whole cake has Robert eaten? Choose the number sentence that would solve the word problem.,\( \frac{1}{3} \times \frac{2}{3} \),because he ate 1/3 of 2/3 which means 1/3x2/3,True_Correct,
26566,33474,Sally has \( \frac{2}{3} \) of a whole cake in the fridge. Robert eats \( \frac{1}{3} \) of this piece. What fraction of the whole cake has Robert eaten? Choose the number sentence that would solve the word problem.,\( \frac{1}{3} \times \frac{2}{3} \),because he eats 1/3 of 2/3 and of is another word for times,True_Correct,
26567,33474,Sally has \( \frac{2}{3} \) of a whole cake in the fridge. Robert eats \( \frac{1}{3} \) of this piece. What fraction of the whole cake has Robert eaten? Choose the number sentence that would solve the word problem.,\( \frac{1}{3} \times \frac{2}{3} \),because he eats 1/3 of 2/3 and of is another word for times,True_Correct,
26568,33474,Sally has \( \frac{2}{3} \) of a whole cake in the fridge. Robert eats \( \frac{1}{3} \) of this piece. What fraction of the whole cake has Robert eaten? Choose the number sentence that would solve the word problem.,\( \frac{1}{3} \times \frac{2}{3} \),because he eats 1/3 of 2/3 and of means times,True_Correct,
26569,33474,Sally has \( \frac{2}{3} \) of a whole cake in the fridge. Robert eats \( \frac{1}{3} \) of this piece. What fraction of the whole cake has Robert eaten? Choose the number sentence that would solve the word problem.,\( \frac{1}{3} \times \frac{2}{3} \),because he eats 1/3 of cake made up of a full 3rd,True_Neither,
26570,33474,Sally has \( \frac{2}{3} \) of a whole cake in the fridge. Robert eats \( \frac{1}{3} \) of this piece. What fraction of the whole cake has Robert eaten? Choose the number sentence that would solve the word problem.,\( \frac{1}{3} \times \frac{2}{3} \),because he eats 1/3 of cake that's made up of a fulll 1/3.,True_Neither,
26571,33474,Sally has \( \frac{2}{3} \) of a whole cake in the fridge. Robert eats \( \frac{1}{3} \) of this piece. What fraction of the whole cake has Robert eaten? Choose the number sentence that would solve the word problem.,\( \frac{1}{3} \times \frac{2}{3} \),because he’s eaten a third of the cake,True_Neither,
26572,33474,Sally has \( \frac{2}{3} \) of a whole cake in the fridge. Robert eats \( \frac{1}{3} \) of this piece. What fraction of the whole cake has Robert eaten? Choose the number sentence that would solve the word problem.,\( \frac{1}{3} \times \frac{2}{3} \),because i did 2/3 divided by 1/3.,True_Misconception,Division
26573,33474,Sally has \( \frac{2}{3} \) of a whole cake in the fridge. Robert eats \( \frac{1}{3} \) of this piece. What fraction of the whole cake has Robert eaten? Choose the number sentence that would solve the word problem.,\( \frac{1}{3} \times \frac{2}{3} \),because i dividedd 2 by 1/3.,True_Neither,
26574,33474,Sally has \( \frac{2}{3} \) of a whole cake in the fridge. Robert eats \( \frac{1}{3} \) of this piece. What fraction of the whole cake has Robert eaten? Choose the number sentence that would solve the word problem.,\( \frac{1}{3} \times \frac{2}{3} \),because if he ate 1 it is the same as 1/3,True_Neither,
26575,33474,Sally has \( \frac{2}{3} \) of a whole cake in the fridge. Robert eats \( \frac{1}{3} \) of this piece. What fraction of the whole cake has Robert eaten? Choose the number sentence that would solve the word problem.,\( \frac{1}{3} \times \frac{2}{3} \),because if he ste 1 then it is equal to 1 / 3,True_Neither,
26576,33474,Sally has \( \frac{2}{3} \) of a whole cake in the fridge. Robert eats \( \frac{1}{3} \) of this piece. What fraction of the whole cake has Robert eaten? Choose the number sentence that would solve the word problem.,\( \frac{1}{3} \times \frac{2}{3} \),because if you add them then you will get the right answer.,True_Neither,
26577,33474,Sally has \( \frac{2}{3} \) of a whole cake in the fridge. Robert eats \( \frac{1}{3} \) of this piece. What fraction of the whole cake has Robert eaten? Choose the number sentence that would solve the word problem.,\( \frac{1}{3} \times \frac{2}{3} \),because if you add them they are a whole.,True_Neither,
26578,33474,Sally has \( \frac{2}{3} \) of a whole cake in the fridge. Robert eats \( \frac{1}{3} \) of this piece. What fraction of the whole cake has Robert eaten? Choose the number sentence that would solve the word problem.,\( \frac{1}{3} \times \frac{2}{3} \),because if you have 1/3 of 2/3 this is the same as 1/3 x 2/3,True_Correct,
26579,33474,Sally has \( \frac{2}{3} \) of a whole cake in the fridge. Robert eats \( \frac{1}{3} \) of this piece. What fraction of the whole cake has Robert eaten? Choose the number sentence that would solve the word problem.,\( \frac{1}{3} \times \frac{2}{3} \),"because if you have 1/3 of 2/3, that means 1/3 x 2/3 or 2/3 x 1/3",True_Correct,
26580,33474,Sally has \( \frac{2}{3} \) of a whole cake in the fridge. Robert eats \( \frac{1}{3} \) of this piece. What fraction of the whole cake has Robert eaten? Choose the number sentence that would solve the word problem.,\( \frac{1}{3} \times \frac{2}{3} \),because if you times them two it will get you the answer,True_Neither,
26581,33474,Sally has \( \frac{2}{3} \) of a whole cake in the fridge. Robert eats \( \frac{1}{3} \) of this piece. What fraction of the whole cake has Robert eaten? Choose the number sentence that would solve the word problem.,\( \frac{1}{3} \times \frac{2}{3} \),because it is asking how robert has eaten,True_Neither,
26582,33474,Sally has \( \frac{2}{3} \) of a whole cake in the fridge. Robert eats \( \frac{1}{3} \) of this piece. What fraction of the whole cake has Robert eaten? Choose the number sentence that would solve the word problem.,\( \frac{1}{3} \times \frac{2}{3} \),because it is 1 third of 2 thirds and of means times so 1 third times 2 thirds.,True_Correct,
26583,33474,Sally has \( \frac{2}{3} \) of a whole cake in the fridge. Robert eats \( \frac{1}{3} \) of this piece. What fraction of the whole cake has Robert eaten? Choose the number sentence that would solve the word problem.,\( \frac{1}{3} \times \frac{2}{3} \),because it is the way to find out the whole cake.,True_Neither,
26584,33474,Sally has \( \frac{2}{3} \) of a whole cake in the fridge. Robert eats \( \frac{1}{3} \) of this piece. What fraction of the whole cake has Robert eaten? Choose the number sentence that would solve the word problem.,\( \frac{1}{3} \times \frac{2}{3} \),because it is the way to solve the cake .,True_Neither,
26585,33474,Sally has \( \frac{2}{3} \) of a whole cake in the fridge. Robert eats \( \frac{1}{3} \) of this piece. What fraction of the whole cake has Robert eaten? Choose the number sentence that would solve the word problem.,\( \frac{1}{3} \times \frac{2}{3} \),because it makes it the number you started with,True_Neither,
26586,33474,Sally has \( \frac{2}{3} \) of a whole cake in the fridge. Robert eats \( \frac{1}{3} \) of this piece. What fraction of the whole cake has Robert eaten? Choose the number sentence that would solve the word problem.,\( \frac{1}{3} \times \frac{2}{3} \),because it will give us what is left of the cake,True_Neither,
26587,33474,Sally has \( \frac{2}{3} \) of a whole cake in the fridge. Robert eats \( \frac{1}{3} \) of this piece. What fraction of the whole cake has Robert eaten? Choose the number sentence that would solve the word problem.,\( \frac{1}{3} \times \frac{2}{3} \),because it will give us what's left in the cake.,True_Neither,
26588,33474,Sally has \( \frac{2}{3} \) of a whole cake in the fridge. Robert eats \( \frac{1}{3} \) of this piece. What fraction of the whole cake has Robert eaten? Choose the number sentence that would solve the word problem.,\( \frac{1}{3} \times \frac{2}{3} \),"because of means times ""one third of""",True_Correct,
26589,33474,Sally has \( \frac{2}{3} \) of a whole cake in the fridge. Robert eats \( \frac{1}{3} \) of this piece. What fraction of the whole cake has Robert eaten? Choose the number sentence that would solve the word problem.,\( \frac{1}{3} \times \frac{2}{3} \),because of means you need to times the two numbers together (i think it would be 2 /9,True_Correct,
26590,33474,Sally has \( \frac{2}{3} \) of a whole cake in the fridge. Robert eats \( \frac{1}{3} \) of this piece. What fraction of the whole cake has Robert eaten? Choose the number sentence that would solve the word problem.,\( \frac{1}{3} \times \frac{2}{3} \),"because of times ""one thirdd of"" means times means ""because of means"" times times,",True_Correct,
26591,33474,Sally has \( \frac{2}{3} \) of a whole cake in the fridge. Robert eats \( \frac{1}{3} \) of this piece. What fraction of the whole cake has Robert eaten? Choose the number sentence that would solve the word problem.,\( \frac{1}{3} \times \frac{2}{3} \),because robert ate 1/3 of 2/3 which is also 1/3*2/3,True_Correct,
26592,33474,Sally has \( \frac{2}{3} \) of a whole cake in the fridge. Robert eats \( \frac{1}{3} \) of this piece. What fraction of the whole cake has Robert eaten? Choose the number sentence that would solve the word problem.,\( \frac{1}{3} \times \frac{2}{3} \),"because robert ate 1/3 of the 2/3 cake, so we divide 2/3 by 1/3.",True_Neither,
26593,33474,Sally has \( \frac{2}{3} \) of a whole cake in the fridge. Robert eats \( \frac{1}{3} \) of this piece. What fraction of the whole cake has Robert eaten? Choose the number sentence that would solve the word problem.,\( \frac{1}{3} \times \frac{2}{3} \),because robert is eating a 1/3 of 2/3 meaning you need to multiply the two fractions together,True_Correct,
26594,33474,Sally has \( \frac{2}{3} \) of a whole cake in the fridge. Robert eats \( \frac{1}{3} \) of this piece. What fraction of the whole cake has Robert eaten? Choose the number sentence that would solve the word problem.,\( \frac{1}{3} \times \frac{2}{3} \),because sally eats 2 thirds of a whole cake so it’s 2 thirds times 1 third,True_Correct,
26595,33474,Sally has \( \frac{2}{3} \) of a whole cake in the fridge. Robert eats \( \frac{1}{3} \) of this piece. What fraction of the whole cake has Robert eaten? Choose the number sentence that would solve the word problem.,\( \frac{1}{3} \times \frac{2}{3} \),because sally only has 1 third. a third of of a third is 2 ninths,True_Correct,
26596,33474,Sally has \( \frac{2}{3} \) of a whole cake in the fridge. Robert eats \( \frac{1}{3} \) of this piece. What fraction of the whole cake has Robert eaten? Choose the number sentence that would solve the word problem.,\( \frac{1}{3} \times \frac{2}{3} \),because sally only hss 1 / 3 and a 3 of 1/ 3 is 2 - 1 12.,True_Neither,
26597,33474,Sally has \( \frac{2}{3} \) of a whole cake in the fridge. Robert eats \( \frac{1}{3} \) of this piece. What fraction of the whole cake has Robert eaten? Choose the number sentence that would solve the word problem.,\( \frac{1}{3} \times \frac{2}{3} \),because thats how you resolve it,True_Neither,
26598,33474,Sally has \( \frac{2}{3} \) of a whole cake in the fridge. Robert eats \( \frac{1}{3} \) of this piece. What fraction of the whole cake has Robert eaten? Choose the number sentence that would solve the word problem.,\( \frac{1}{3} \times \frac{2}{3} \),because thats how you solve it,True_Neither,
26599,33474,Sally has \( \frac{2}{3} \) of a whole cake in the fridge. Robert eats \( \frac{1}{3} \) of this piece. What fraction of the whole cake has Robert eaten? Choose the number sentence that would solve the word problem.,\( \frac{1}{3} \times \frac{2}{3} \),because the answer is 2/9 and 1/3 times 2/3 is 2/9,True_Correct,
26600,33474,Sally has \( \frac{2}{3} \) of a whole cake in the fridge. Robert eats \( \frac{1}{3} \) of this piece. What fraction of the whole cake has Robert eaten? Choose the number sentence that would solve the word problem.,\( \frac{1}{3} \times \frac{2}{3} \),because the answer would be 1/3,True_Neither,
26601,33474,Sally has \( \frac{2}{3} \) of a whole cake in the fridge. Robert eats \( \frac{1}{3} \) of this piece. What fraction of the whole cake has Robert eaten? Choose the number sentence that would solve the word problem.,\( \frac{1}{3} \times \frac{2}{3} \),because the vake is not the whole cake in the refrigerator.,True_Neither,
26602,33474,Sally has \( \frac{2}{3} \) of a whole cake in the fridge. Robert eats \( \frac{1}{3} \) of this piece. What fraction of the whole cake has Robert eaten? Choose the number sentence that would solve the word problem.,\( \frac{1}{3} \times \frac{2}{3} \),because then Robert ate 2 out of 9.,True_Correct,
26603,33474,Sally has \( \frac{2}{3} \) of a whole cake in the fridge. Robert eats \( \frac{1}{3} \) of this piece. What fraction of the whole cake has Robert eaten? Choose the number sentence that would solve the word problem.,\( \frac{1}{3} \times \frac{2}{3} \),because then robert ate 2/9 of the cake.,True_Correct,
26604,33474,Sally has \( \frac{2}{3} \) of a whole cake in the fridge. Robert eats \( \frac{1}{3} \) of this piece. What fraction of the whole cake has Robert eaten? Choose the number sentence that would solve the word problem.,\( \frac{1}{3} \times \frac{2}{3} \),because then you get the whole and the part of the whole,True_Neither,
26605,33474,Sally has \( \frac{2}{3} \) of a whole cake in the fridge. Robert eats \( \frac{1}{3} \) of this piece. What fraction of the whole cake has Robert eaten? Choose the number sentence that would solve the word problem.,\( \frac{1}{3} \times \frac{2}{3} \),"because then you get thr whole and part of the fullness,",True_Neither,
26606,33474,Sally has \( \frac{2}{3} \) of a whole cake in the fridge. Robert eats \( \frac{1}{3} \) of this piece. What fraction of the whole cake has Robert eaten? Choose the number sentence that would solve the word problem.,\( \frac{1}{3} \times \frac{2}{3} \),because there are 2 thirds and he eats 1 third of 2 thirds,True_Neither,
26607,33474,Sally has \( \frac{2}{3} \) of a whole cake in the fridge. Robert eats \( \frac{1}{3} \) of this piece. What fraction of the whole cake has Robert eaten? Choose the number sentence that would solve the word problem.,\( \frac{1}{3} \times \frac{2}{3} \),because there is 2/3 in fridge he eats 1/3 so you times it,True_Neither,
26608,33474,Sally has \( \frac{2}{3} \) of a whole cake in the fridge. Robert eats \( \frac{1}{3} \) of this piece. What fraction of the whole cake has Robert eaten? Choose the number sentence that would solve the word problem.,\( \frac{1}{3} \times \frac{2}{3} \),because there is not a whole cake in the fridge.,True_Neither,
26609,33474,Sally has \( \frac{2}{3} \) of a whole cake in the fridge. Robert eats \( \frac{1}{3} \) of this piece. What fraction of the whole cake has Robert eaten? Choose the number sentence that would solve the word problem.,\( \frac{1}{3} \times \frac{2}{3} \),because there is one more amount added so you would need to multiply them together.,True_Correct,
26610,33474,Sally has \( \frac{2}{3} \) of a whole cake in the fridge. Robert eats \( \frac{1}{3} \) of this piece. What fraction of the whole cake has Robert eaten? Choose the number sentence that would solve the word problem.,\( \frac{1}{3} \times \frac{2}{3} \),because there smaller than 1 so it would be smaller,True_Neither,
26611,33474,Sally has \( \frac{2}{3} \) of a whole cake in the fridge. Robert eats \( \frac{1}{3} \) of this piece. What fraction of the whole cake has Robert eaten? Choose the number sentence that would solve the word problem.,\( \frac{1}{3} \times \frac{2}{3} \),because they are a whole you will get your answer.,True_Neither,
26612,33474,Sally has \( \frac{2}{3} \) of a whole cake in the fridge. Robert eats \( \frac{1}{3} \) of this piece. What fraction of the whole cake has Robert eaten? Choose the number sentence that would solve the word problem.,\( \frac{1}{3} \times \frac{2}{3} \),because this calculation basically means 1/3 of 2/3 which is equal to 1/3,True_Correct,
26613,33474,Sally has \( \frac{2}{3} \) of a whole cake in the fridge. Robert eats \( \frac{1}{3} \) of this piece. What fraction of the whole cake has Robert eaten? Choose the number sentence that would solve the word problem.,\( \frac{1}{3} \times \frac{2}{3} \),because times means of so it is 1/3 of 2/3,True_Correct,
26614,33474,Sally has \( \frac{2}{3} \) of a whole cake in the fridge. Robert eats \( \frac{1}{3} \) of this piece. What fraction of the whole cake has Robert eaten? Choose the number sentence that would solve the word problem.,\( \frac{1}{3} \times \frac{2}{3} \),because times mesns of so it is 1/3 of 2 1/3.,True_Correct,
26615,33474,Sally has \( \frac{2}{3} \) of a whole cake in the fridge. Robert eats \( \frac{1}{3} \) of this piece. What fraction of the whole cake has Robert eaten? Choose the number sentence that would solve the word problem.,\( \frac{1}{3} \times \frac{2}{3} \),because to do 1/3 of 2/3 you must do 1/3 x 2/3,True_Correct,
26616,33474,Sally has \( \frac{2}{3} \) of a whole cake in the fridge. Robert eats \( \frac{1}{3} \) of this piece. What fraction of the whole cake has Robert eaten? Choose the number sentence that would solve the word problem.,\( \frac{1}{3} \times \frac{2}{3} \),because to find 1/3 of 2/3 you need to multiply 2 fractions.,True_Correct,
26617,33474,Sally has \( \frac{2}{3} \) of a whole cake in the fridge. Robert eats \( \frac{1}{3} \) of this piece. What fraction of the whole cake has Robert eaten? Choose the number sentence that would solve the word problem.,\( \frac{1}{3} \times \frac{2}{3} \),because to get the answer yiu have to multiply.,True_Correct,
26618,33474,Sally has \( \frac{2}{3} \) of a whole cake in the fridge. Robert eats \( \frac{1}{3} \) of this piece. What fraction of the whole cake has Robert eaten? Choose the number sentence that would solve the word problem.,\( \frac{1}{3} \times \frac{2}{3} \),because we need to know what 1/3 of 2/3 is,True_Correct,
26619,33474,Sally has \( \frac{2}{3} \) of a whole cake in the fridge. Robert eats \( \frac{1}{3} \) of this piece. What fraction of the whole cake has Robert eaten? Choose the number sentence that would solve the word problem.,\( \frac{1}{3} \times \frac{2}{3} \),because when you eat the cake you need to subtract the taken cake ratio from the eaten cake ratio. which you can do by multiplying the fractions.,True_Neither,
26620,33474,Sally has \( \frac{2}{3} \) of a whole cake in the fridge. Robert eats \( \frac{1}{3} \) of this piece. What fraction of the whole cake has Robert eaten? Choose the number sentence that would solve the word problem.,\( \frac{1}{3} \times \frac{2}{3} \),because when you say of it means times and it is a third of two thirds.,True_Correct,
26621,33474,Sally has \( \frac{2}{3} \) of a whole cake in the fridge. Robert eats \( \frac{1}{3} \) of this piece. What fraction of the whole cake has Robert eaten? Choose the number sentence that would solve the word problem.,\( \frac{1}{3} \times \frac{2}{3} \),because x also means of. 1/3 of 2/3 is 1/3. this solves it.,True_Neither,
26622,33474,Sally has \( \frac{2}{3} \) of a whole cake in the fridge. Robert eats \( \frac{1}{3} \) of this piece. What fraction of the whole cake has Robert eaten? Choose the number sentence that would solve the word problem.,\( \frac{1}{3} \times \frac{2}{3} \),because x is of and its 1/3 of 2/3,True_Correct,
26623,33474,Sally has \( \frac{2}{3} \) of a whole cake in the fridge. Robert eats \( \frac{1}{3} \) of this piece. What fraction of the whole cake has Robert eaten? Choose the number sentence that would solve the word problem.,\( \frac{1}{3} \times \frac{2}{3} \),because x is of andd its 1/3 of 2 1/3,True_Correct,
26624,33474,Sally has \( \frac{2}{3} \) of a whole cake in the fridge. Robert eats \( \frac{1}{3} \) of this piece. What fraction of the whole cake has Robert eaten? Choose the number sentence that would solve the word problem.,\( \frac{1}{3} \times \frac{2}{3} \),because x means if he has eaten 1/3 of 2/3 so 1/3x2/3,True_Correct,
26625,33474,Sally has \( \frac{2}{3} \) of a whole cake in the fridge. Robert eats \( \frac{1}{3} \) of this piece. What fraction of the whole cake has Robert eaten? Choose the number sentence that would solve the word problem.,\( \frac{1}{3} \times \frac{2}{3} \),because you are finding out 1/3 of the 2/3 he is given,True_Correct,
26626,33474,Sally has \( \frac{2}{3} \) of a whole cake in the fridge. Robert eats \( \frac{1}{3} \) of this piece. What fraction of the whole cake has Robert eaten? Choose the number sentence that would solve the word problem.,\( \frac{1}{3} \times \frac{2}{3} \),because you can multiply to get the answer,True_Correct,
26627,33474,Sally has \( \frac{2}{3} \) of a whole cake in the fridge. Robert eats \( \frac{1}{3} \) of this piece. What fraction of the whole cake has Robert eaten? Choose the number sentence that would solve the word problem.,\( \frac{1}{3} \times \frac{2}{3} \),because you can multiply to get the answer and my family helped,True_Neither,
26628,33474,Sally has \( \frac{2}{3} \) of a whole cake in the fridge. Robert eats \( \frac{1}{3} \) of this piece. What fraction of the whole cake has Robert eaten? Choose the number sentence that would solve the word problem.,\( \frac{1}{3} \times \frac{2}{3} \),because you finding out what he has eaten out of sally's,True_Neither,
26629,33474,Sally has \( \frac{2}{3} \) of a whole cake in the fridge. Robert eats \( \frac{1}{3} \) of this piece. What fraction of the whole cake has Robert eaten? Choose the number sentence that would solve the word problem.,\( \frac{1}{3} \times \frac{2}{3} \),because you have times them together to find how much he ate.,True_Correct,
26630,33474,Sally has \( \frac{2}{3} \) of a whole cake in the fridge. Robert eats \( \frac{1}{3} \) of this piece. What fraction of the whole cake has Robert eaten? Choose the number sentence that would solve the word problem.,\( \frac{1}{3} \times \frac{2}{3} \),because you have to times them to get the answer,True_Correct,
26631,33474,Sally has \( \frac{2}{3} \) of a whole cake in the fridge. Robert eats \( \frac{1}{3} \) of this piece. What fraction of the whole cake has Robert eaten? Choose the number sentence that would solve the word problem.,\( \frac{1}{3} \times \frac{2}{3} \),because you have to times them together to find out how much he ate.,True_Correct,
26632,33474,Sally has \( \frac{2}{3} \) of a whole cake in the fridge. Robert eats \( \frac{1}{3} \) of this piece. What fraction of the whole cake has Robert eaten? Choose the number sentence that would solve the word problem.,\( \frac{1}{3} \times \frac{2}{3} \),because you havee to work out the whole amount.,True_Neither,
26633,33474,Sally has \( \frac{2}{3} \) of a whole cake in the fridge. Robert eats \( \frac{1}{3} \) of this piece. What fraction of the whole cake has Robert eaten? Choose the number sentence that would solve the word problem.,\( \frac{1}{3} \times \frac{2}{3} \),because you haveto work out the whole amount.,True_Neither,
26634,33474,Sally has \( \frac{2}{3} \) of a whole cake in the fridge. Robert eats \( \frac{1}{3} \) of this piece. What fraction of the whole cake has Robert eaten? Choose the number sentence that would solve the word problem.,\( \frac{1}{3} \times \frac{2}{3} \),because you need to find 1/3 of 2/3,True_Correct,
26635,33474,Sally has \( \frac{2}{3} \) of a whole cake in the fridge. Robert eats \( \frac{1}{3} \) of this piece. What fraction of the whole cake has Robert eaten? Choose the number sentence that would solve the word problem.,\( \frac{1}{3} \times \frac{2}{3} \),because you need to find a smaller piece of 2 / 3.,True_Neither,
26636,33474,Sally has \( \frac{2}{3} \) of a whole cake in the fridge. Robert eats \( \frac{1}{3} \) of this piece. What fraction of the whole cake has Robert eaten? Choose the number sentence that would solve the word problem.,\( \frac{1}{3} \times \frac{2}{3} \),because you need to find a smaller piece of 2/3,True_Neither,
26637,33474,Sally has \( \frac{2}{3} \) of a whole cake in the fridge. Robert eats \( \frac{1}{3} \) of this piece. What fraction of the whole cake has Robert eaten? Choose the number sentence that would solve the word problem.,\( \frac{1}{3} \times \frac{2}{3} \),because you need to see how much of the cake he has eaten,True_Neither,
26638,33474,Sally has \( \frac{2}{3} \) of a whole cake in the fridge. Robert eats \( \frac{1}{3} \) of this piece. What fraction of the whole cake has Robert eaten? Choose the number sentence that would solve the word problem.,\( \frac{1}{3} \times \frac{2}{3} \),because you need to see what one third of two thirds is,True_Neither,
26639,33474,Sally has \( \frac{2}{3} \) of a whole cake in the fridge. Robert eats \( \frac{1}{3} \) of this piece. What fraction of the whole cake has Robert eaten? Choose the number sentence that would solve the word problem.,\( \frac{1}{3} \times \frac{2}{3} \),because you need to times 2/3 by 1/3 to get the fraction of the whole cake which is 2/9,True_Correct,
26640,33474,Sally has \( \frac{2}{3} \) of a whole cake in the fridge. Robert eats \( \frac{1}{3} \) of this piece. What fraction of the whole cake has Robert eaten? Choose the number sentence that would solve the word problem.,\( \frac{1}{3} \times \frac{2}{3} \),because you need to times it because it is an of question,True_Correct,
26641,33474,Sally has \( \frac{2}{3} \) of a whole cake in the fridge. Robert eats \( \frac{1}{3} \) of this piece. What fraction of the whole cake has Robert eaten? Choose the number sentence that would solve the word problem.,\( \frac{1}{3} \times \frac{2}{3} \),because you nerd to times it times because it is an integer of question,True_Neither,
26642,33474,Sally has \( \frac{2}{3} \) of a whole cake in the fridge. Robert eats \( \frac{1}{3} \) of this piece. What fraction of the whole cake has Robert eaten? Choose the number sentence that would solve the word problem.,\( \frac{1}{3} \times \frac{2}{3} \),because you start with 2/3 and you have to find 1/3 of the whole cake so need to multiply,True_Correct,
26643,33474,Sally has \( \frac{2}{3} \) of a whole cake in the fridge. Robert eats \( \frac{1}{3} \) of this piece. What fraction of the whole cake has Robert eaten? Choose the number sentence that would solve the word problem.,\( \frac{1}{3} \times \frac{2}{3} \),because you times it to get the right answer,True_Neither,
26644,33474,Sally has \( \frac{2}{3} \) of a whole cake in the fridge. Robert eats \( \frac{1}{3} \) of this piece. What fraction of the whole cake has Robert eaten? Choose the number sentence that would solve the word problem.,\( \frac{1}{3} \times \frac{2}{3} \),because you would do 1/3 x 2/3 which would give you 2/9,True_Correct,
26645,33474,Sally has \( \frac{2}{3} \) of a whole cake in the fridge. Robert eats \( \frac{1}{3} \) of this piece. What fraction of the whole cake has Robert eaten? Choose the number sentence that would solve the word problem.,\( \frac{1}{3} \times \frac{2}{3} \),because you would do it to find out the whole of his slice,True_Neither,
26646,33474,Sally has \( \frac{2}{3} \) of a whole cake in the fridge. Robert eats \( \frac{1}{3} \) of this piece. What fraction of the whole cake has Robert eaten? Choose the number sentence that would solve the word problem.,\( \frac{1}{3} \times \frac{2}{3} \),because you would have to find 1/3 of 2/3 and of is the same as the multiplication sign (x).,True_Correct,
26647,33474,Sally has \( \frac{2}{3} \) of a whole cake in the fridge. Robert eats \( \frac{1}{3} \) of this piece. What fraction of the whole cake has Robert eaten? Choose the number sentence that would solve the word problem.,\( \frac{1}{3} \times \frac{2}{3} \),because you would have to times them together to get the fraction you wanted.,True_Correct,
26648,33474,Sally has \( \frac{2}{3} \) of a whole cake in the fridge. Robert eats \( \frac{1}{3} \) of this piece. What fraction of the whole cake has Robert eaten? Choose the number sentence that would solve the word problem.,\( \frac{1}{3} \times \frac{2}{3} \),because you would need to times 1/3 by 2/3,True_Neither,
26649,33474,Sally has \( \frac{2}{3} \) of a whole cake in the fridge. Robert eats \( \frac{1}{3} \) of this piece. What fraction of the whole cake has Robert eaten? Choose the number sentence that would solve the word problem.,\( \frac{1}{3} \times \frac{2}{3} \),"because you're going to have to see what one third of two thirds is,",True_Neither,
26650,33474,Sally has \( \frac{2}{3} \) of a whole cake in the fridge. Robert eats \( \frac{1}{3} \) of this piece. What fraction of the whole cake has Robert eaten? Choose the number sentence that would solve the word problem.,\( \frac{1}{3} \times \frac{2}{3} \),because youu can multiply to get the answer,True_Neither,
26651,33474,Sally has \( \frac{2}{3} \) of a whole cake in the fridge. Robert eats \( \frac{1}{3} \) of this piece. What fraction of the whole cake has Robert eaten? Choose the number sentence that would solve the word problem.,\( \frac{1}{3} \times \frac{2}{3} \),becausee he eats 1/3 of 2/3 and of means times times.,True_Correct,
26652,33474,Sally has \( \frac{2}{3} \) of a whole cake in the fridge. Robert eats \( \frac{1}{3} \) of this piece. What fraction of the whole cake has Robert eaten? Choose the number sentence that would solve the word problem.,\( \frac{1}{3} \times \frac{2}{3} \),becausee you would need to times 1/3 by 2/3.,True_Correct,
26653,33474,Sally has \( \frac{2}{3} \) of a whole cake in the fridge. Robert eats \( \frac{1}{3} \) of this piece. What fraction of the whole cake has Robert eaten? Choose the number sentence that would solve the word problem.,\( \frac{1}{3} \times \frac{2}{3} \),"even if you multiply fractions by a wholee number, the answer will always be smaller.",True_Neither,
26654,33474,Sally has \( \frac{2}{3} \) of a whole cake in the fridge. Robert eats \( \frac{1}{3} \) of this piece. What fraction of the whole cake has Robert eaten? Choose the number sentence that would solve the word problem.,\( \frac{1}{3} \times \frac{2}{3} \),"from what we learnt in class i know that when you are finding a fraction of a fraction, you multiply. because you are making the fraction smaller.",True_Correct,
26655,33474,Sally has \( \frac{2}{3} \) of a whole cake in the fridge. Robert eats \( \frac{1}{3} \) of this piece. What fraction of the whole cake has Robert eaten? Choose the number sentence that would solve the word problem.,\( \frac{1}{3} \times \frac{2}{3} \),he ate 1 / 3 of thee cake,True_Neither,
26656,33474,Sally has \( \frac{2}{3} \) of a whole cake in the fridge. Robert eats \( \frac{1}{3} \) of this piece. What fraction of the whole cake has Robert eaten? Choose the number sentence that would solve the word problem.,\( \frac{1}{3} \times \frac{2}{3} \),he ate 1/3 of the cake,True_Neither,
26657,33474,Sally has \( \frac{2}{3} \) of a whole cake in the fridge. Robert eats \( \frac{1}{3} \) of this piece. What fraction of the whole cake has Robert eaten? Choose the number sentence that would solve the word problem.,\( \frac{1}{3} \times \frac{2}{3} \),he eats one third of two thirds which is 1 third in two.,True_Neither,
26658,33474,Sally has \( \frac{2}{3} \) of a whole cake in the fridge. Robert eats \( \frac{1}{3} \) of this piece. What fraction of the whole cake has Robert eaten? Choose the number sentence that would solve the word problem.,\( \frac{1}{3} \times \frac{2}{3} \),he has eaten 1/3 of 2/3. the answer would be 2/9 (1x2=2. 3x3=9.),True_Correct,
26659,33474,Sally has \( \frac{2}{3} \) of a whole cake in the fridge. Robert eats \( \frac{1}{3} \) of this piece. What fraction of the whole cake has Robert eaten? Choose the number sentence that would solve the word problem.,\( \frac{1}{3} \times \frac{2}{3} \),he has eaten one third of two thirds and to work out what the remainder is you need to multiply one third by two thirds,True_Correct,
26660,33474,Sally has \( \frac{2}{3} \) of a whole cake in the fridge. Robert eats \( \frac{1}{3} \) of this piece. What fraction of the whole cake has Robert eaten? Choose the number sentence that would solve the word problem.,\( \frac{1}{3} \times \frac{2}{3} \),he has taken 1/3 of 2/3 of 3 so it must be multiply.,True_Correct,
26661,33474,Sally has \( \frac{2}{3} \) of a whole cake in the fridge. Robert eats \( \frac{1}{3} \) of this piece. What fraction of the whole cake has Robert eaten? Choose the number sentence that would solve the word problem.,\( \frac{1}{3} \times \frac{2}{3} \),he has taken 1/3 of 2/3 so it must be multiply,True_Correct,
26662,33474,Sally has \( \frac{2}{3} \) of a whole cake in the fridge. Robert eats \( \frac{1}{3} \) of this piece. What fraction of the whole cake has Robert eaten? Choose the number sentence that would solve the word problem.,\( \frac{1}{3} \times \frac{2}{3} \),he is actually eating 1/3 of the piece left which was 2/3. therefore it being 1/3x2/3,True_Correct,
26663,33474,Sally has \( \frac{2}{3} \) of a whole cake in the fridge. Robert eats \( \frac{1}{3} \) of this piece. What fraction of the whole cake has Robert eaten? Choose the number sentence that would solve the word problem.,\( \frac{1}{3} \times \frac{2}{3} \),he is eatingg so ah is timing it,True_Neither,
26664,33474,Sally has \( \frac{2}{3} \) of a whole cake in the fridge. Robert eats \( \frac{1}{3} \) of this piece. What fraction of the whole cake has Robert eaten? Choose the number sentence that would solve the word problem.,\( \frac{1}{3} \times \frac{2}{3} \),hence multiply 2/3*1/3 (which is number sentence of b) -> multiply by 2 1/3.,True_Neither,
26665,33474,Sally has \( \frac{2}{3} \) of a whole cake in the fridge. Robert eats \( \frac{1}{3} \) of this piece. What fraction of the whole cake has Robert eaten? Choose the number sentence that would solve the word problem.,\( \frac{1}{3} \times \frac{2}{3} \),"hence, the answer is because of means times times so obviously whatever numbers there are in the sum wich gives me my answer.",True_Correct,
26666,33474,Sally has \( \frac{2}{3} \) of a whole cake in the fridge. Robert eats \( \frac{1}{3} \) of this piece. What fraction of the whole cake has Robert eaten? Choose the number sentence that would solve the word problem.,\( \frac{1}{3} \times \frac{2}{3} \),"here, ""x"" representss the number of times he has eaten 1/3 of 2/3. here the ""1"" represented by (1 x 2=2. 3x3=9.) hence, the answer would be 2/9.",True_Correct,
26667,33474,Sally has \( \frac{2}{3} \) of a whole cake in the fridge. Robert eats \( \frac{1}{3} \) of this piece. What fraction of the whole cake has Robert eaten? Choose the number sentence that would solve the word problem.,\( \frac{1}{3} \times \frac{2}{3} \),"i advise that you read this question carefully, or you may get it wrong!!!!",True_Neither,
26668,33474,Sally has \( \frac{2}{3} \) of a whole cake in the fridge. Robert eats \( \frac{1}{3} \) of this piece. What fraction of the whole cake has Robert eaten? Choose the number sentence that would solve the word problem.,\( \frac{1}{3} \times \frac{2}{3} \),i am not entirely sure but i think that it has something to do with 3/7,True_Neither,
26669,33474,Sally has \( \frac{2}{3} \) of a whole cake in the fridge. Robert eats \( \frac{1}{3} \) of this piece. What fraction of the whole cake has Robert eaten? Choose the number sentence that would solve the word problem.,\( \frac{1}{3} \times \frac{2}{3} \),i am not quite sure but i think that it has something to do with 3/6,True_Neither,
26670,33474,Sally has \( \frac{2}{3} \) of a whole cake in the fridge. Robert eats \( \frac{1}{3} \) of this piece. What fraction of the whole cake has Robert eaten? Choose the number sentence that would solve the word problem.,\( \frac{1}{3} \times \frac{2}{3} \),i answered b because if you times the fractions together you can get the answer.,True_Neither,
26671,33474,Sally has \( \frac{2}{3} \) of a whole cake in the fridge. Robert eats \( \frac{1}{3} \) of this piece. What fraction of the whole cake has Robert eaten? Choose the number sentence that would solve the word problem.,\( \frac{1}{3} \times \frac{2}{3} \),i answered b because to work this out you would need to find the 1/3 of 2/3 that he has eaten,True_Neither,
26672,33474,Sally has \( \frac{2}{3} \) of a whole cake in the fridge. Robert eats \( \frac{1}{3} \) of this piece. What fraction of the whole cake has Robert eaten? Choose the number sentence that would solve the word problem.,\( \frac{1}{3} \times \frac{2}{3} \),i believe this because choice b made the mostt sense.,True_Neither,
26673,33474,Sally has \( \frac{2}{3} \) of a whole cake in the fridge. Robert eats \( \frac{1}{3} \) of this piece. What fraction of the whole cake has Robert eaten? Choose the number sentence that would solve the word problem.,\( \frac{1}{3} \times \frac{2}{3} \),i calculated it and found that my answer made sense,True_Neither,
26674,33474,Sally has \( \frac{2}{3} \) of a whole cake in the fridge. Robert eats \( \frac{1}{3} \) of this piece. What fraction of the whole cake has Robert eaten? Choose the number sentence that would solve the word problem.,\( \frac{1}{3} \times \frac{2}{3} \),i calculated it and found that my answer made sense.,True_Neither,
26675,33474,Sally has \( \frac{2}{3} \) of a whole cake in the fridge. Robert eats \( \frac{1}{3} \) of this piece. What fraction of the whole cake has Robert eaten? Choose the number sentence that would solve the word problem.,\( \frac{1}{3} \times \frac{2}{3} \),i chose b because we gotta find out 1/3of 2/3 and of means times so 1/3x2/3,True_Correct,
26676,33474,Sally has \( \frac{2}{3} \) of a whole cake in the fridge. Robert eats \( \frac{1}{3} \) of this piece. What fraction of the whole cake has Robert eaten? Choose the number sentence that would solve the word problem.,\( \frac{1}{3} \times \frac{2}{3} \),i chose b because we jave to find out 1/3of 2/3 and of means times so 1/3x2/3,True_Correct,
26677,33474,Sally has \( \frac{2}{3} \) of a whole cake in the fridge. Robert eats \( \frac{1}{3} \) of this piece. What fraction of the whole cake has Robert eaten? Choose the number sentence that would solve the word problem.,\( \frac{1}{3} \times \frac{2}{3} \),i didn't know how to do this one,True_Neither,
26678,33474,Sally has \( \frac{2}{3} \) of a whole cake in the fridge. Robert eats \( \frac{1}{3} \) of this piece. What fraction of the whole cake has Robert eaten? Choose the number sentence that would solve the word problem.,\( \frac{1}{3} \times \frac{2}{3} \),i didn't understand so i clicked the one that made most sense,True_Neither,
26679,33474,Sally has \( \frac{2}{3} \) of a whole cake in the fridge. Robert eats \( \frac{1}{3} \) of this piece. What fraction of the whole cake has Robert eaten? Choose the number sentence that would solve the word problem.,\( \frac{1}{3} \times \frac{2}{3} \),i don't know how to do it ?,True_Neither,
26680,33474,Sally has \( \frac{2}{3} \) of a whole cake in the fridge. Robert eats \( \frac{1}{3} \) of this piece. What fraction of the whole cake has Robert eaten? Choose the number sentence that would solve the word problem.,\( \frac{1}{3} \times \frac{2}{3} \),i don't know how to explain,True_Neither,
26681,33474,Sally has \( \frac{2}{3} \) of a whole cake in the fridge. Robert eats \( \frac{1}{3} \) of this piece. What fraction of the whole cake has Robert eaten? Choose the number sentence that would solve the word problem.,\( \frac{1}{3} \times \frac{2}{3} \),i don't know if i got this wrong but we went through this question in class but i can' remember whatt we got so i figured this out and i apologize to my teacher if i make something wrong,True_Neither,
26682,33474,Sally has \( \frac{2}{3} \) of a whole cake in the fridge. Robert eats \( \frac{1}{3} \) of this piece. What fraction of the whole cake has Robert eaten? Choose the number sentence that would solve the word problem.,\( \frac{1}{3} \times \frac{2}{3} \),i found out by calculating the problem and realised this answer would solve it,True_Neither,
26683,33474,Sally has \( \frac{2}{3} \) of a whole cake in the fridge. Robert eats \( \frac{1}{3} \) of this piece. What fraction of the whole cake has Robert eaten? Choose the number sentence that would solve the word problem.,\( \frac{1}{3} \times \frac{2}{3} \),i found this by calculating the problem and realised this answer would solve it,True_Neither,
26684,33474,Sally has \( \frac{2}{3} \) of a whole cake in the fridge. Robert eats \( \frac{1}{3} \) of this piece. What fraction of the whole cake has Robert eaten? Choose the number sentence that would solve the word problem.,\( \frac{1}{3} \times \frac{2}{3} \),i got 8 13 and 23.,True_Neither,
26685,33474,Sally has \( \frac{2}{3} \) of a whole cake in the fridge. Robert eats \( \frac{1}{3} \) of this piece. What fraction of the whole cake has Robert eaten? Choose the number sentence that would solve the word problem.,\( \frac{1}{3} \times \frac{2}{3} \),i have learnt this as the rule.,True_Neither,
26686,33474,Sally has \( \frac{2}{3} \) of a whole cake in the fridge. Robert eats \( \frac{1}{3} \) of this piece. What fraction of the whole cake has Robert eaten? Choose the number sentence that would solve the word problem.,\( \frac{1}{3} \times \frac{2}{3} \),i honestly don't know how to work it out,True_Neither,
26687,33474,Sally has \( \frac{2}{3} \) of a whole cake in the fridge. Robert eats \( \frac{1}{3} \) of this piece. What fraction of the whole cake has Robert eaten? Choose the number sentence that would solve the word problem.,\( \frac{1}{3} \times \frac{2}{3} \),i just did what i thought,True_Neither,
26688,33474,Sally has \( \frac{2}{3} \) of a whole cake in the fridge. Robert eats \( \frac{1}{3} \) of this piece. What fraction of the whole cake has Robert eaten? Choose the number sentence that would solve the word problem.,\( \frac{1}{3} \times \frac{2}{3} \),i just know how to do it,True_Neither,
26689,33474,Sally has \( \frac{2}{3} \) of a whole cake in the fridge. Robert eats \( \frac{1}{3} \) of this piece. What fraction of the whole cake has Robert eaten? Choose the number sentence that would solve the word problem.,\( \frac{1}{3} \times \frac{2}{3} \),i just picked this since yeah sorry.,True_Neither,
26690,33474,Sally has \( \frac{2}{3} \) of a whole cake in the fridge. Robert eats \( \frac{1}{3} \) of this piece. What fraction of the whole cake has Robert eaten? Choose the number sentence that would solve the word problem.,\( \frac{1}{3} \times \frac{2}{3} \),i know my fraction times tabkes now bc i just tried to learn it a bit more & i understand it but ive found this quite hard,True_Neither,
26691,33474,Sally has \( \frac{2}{3} \) of a whole cake in the fridge. Robert eats \( \frac{1}{3} \) of this piece. What fraction of the whole cake has Robert eaten? Choose the number sentence that would solve the word problem.,\( \frac{1}{3} \times \frac{2}{3} \),i know my fraction times tables now bc i just tried to learn it a bit more & i understand it but i find this quite hard,True_Neither,
26692,33474,Sally has \( \frac{2}{3} \) of a whole cake in the fridge. Robert eats \( \frac{1}{3} \) of this piece. What fraction of the whole cake has Robert eaten? Choose the number sentence that would solve the word problem.,\( \frac{1}{3} \times \frac{2}{3} \),i know the answer is b because robert eats 1/3 of the 2/3 which would be 2/9. to times fractions you times across. 1 times 2 equals 2 then 3 times 3 equals 9.,True_Correct,
26693,33474,Sally has \( \frac{2}{3} \) of a whole cake in the fridge. Robert eats \( \frac{1}{3} \) of this piece. What fraction of the whole cake has Robert eaten? Choose the number sentence that would solve the word problem.,\( \frac{1}{3} \times \frac{2}{3} \),i learned thid as a rule.,True_Neither,
26694,33474,Sally has \( \frac{2}{3} \) of a whole cake in the fridge. Robert eats \( \frac{1}{3} \) of this piece. What fraction of the whole cake has Robert eaten? Choose the number sentence that would solve the word problem.,\( \frac{1}{3} \times \frac{2}{3} \),i think b because 2/3x1/4 which is 2/12 and simplefie 1/6,True_Neither,
26695,33474,Sally has \( \frac{2}{3} \) of a whole cake in the fridge. Robert eats \( \frac{1}{3} \) of this piece. What fraction of the whole cake has Robert eaten? Choose the number sentence that would solve the word problem.,\( \frac{1}{3} \times \frac{2}{3} \),i think b because if we do 2/3 divided by 1/3 you would get the same answer.,True_Neither,
26696,33474,Sally has \( \frac{2}{3} \) of a whole cake in the fridge. Robert eats \( \frac{1}{3} \) of this piece. What fraction of the whole cake has Robert eaten? Choose the number sentence that would solve the word problem.,\( \frac{1}{3} \times \frac{2}{3} \),i think b because if you do 1 x2 then it will get you 1 third,True_Neither,
26697,33474,Sally has \( \frac{2}{3} \) of a whole cake in the fridge. Robert eats \( \frac{1}{3} \) of this piece. What fraction of the whole cake has Robert eaten? Choose the number sentence that would solve the word problem.,\( \frac{1}{3} \times \frac{2}{3} \),i think b because in my head i drew a bar model of 2/3 and he ate 1/3 of 2/3,True_Correct,
26698,33474,Sally has \( \frac{2}{3} \) of a whole cake in the fridge. Robert eats \( \frac{1}{3} \) of this piece. What fraction of the whole cake has Robert eaten? Choose the number sentence that would solve the word problem.,\( \frac{1}{3} \times \frac{2}{3} \),i think b because it's telling u to find 1/3 of 2/3 which is basically 1/3x2/3,True_Correct,
26699,33474,Sally has \( \frac{2}{3} \) of a whole cake in the fridge. Robert eats \( \frac{1}{3} \) of this piece. What fraction of the whole cake has Robert eaten? Choose the number sentence that would solve the word problem.,\( \frac{1}{3} \times \frac{2}{3} \),i think b because it's telling you to find 1/3 of 2/3 which is basically 1/3x2/3,True_Correct,
26700,33474,Sally has \( \frac{2}{3} \) of a whole cake in the fridge. Robert eats \( \frac{1}{3} \) of this piece. What fraction of the whole cake has Robert eaten? Choose the number sentence that would solve the word problem.,\( \frac{1}{3} \times \frac{2}{3} \),i think because it is times,True_Neither,
26701,33474,Sally has \( \frac{2}{3} \) of a whole cake in the fridge. Robert eats \( \frac{1}{3} \) of this piece. What fraction of the whole cake has Robert eaten? Choose the number sentence that would solve the word problem.,\( \frac{1}{3} \times \frac{2}{3} \),i think because it is times it has happened before.,True_Neither,
26702,33474,Sally has \( \frac{2}{3} \) of a whole cake in the fridge. Robert eats \( \frac{1}{3} \) of this piece. What fraction of the whole cake has Robert eaten? Choose the number sentence that would solve the word problem.,\( \frac{1}{3} \times \frac{2}{3} \),i think i know this question but i am not guessing.,True_Neither,
26703,33474,Sally has \( \frac{2}{3} \) of a whole cake in the fridge. Robert eats \( \frac{1}{3} \) of this piece. What fraction of the whole cake has Robert eaten? Choose the number sentence that would solve the word problem.,\( \frac{1}{3} \times \frac{2}{3} \),i think it is b because 1/3 of 2/3 =1/3 x 2/3,True_Correct,
26704,33474,Sally has \( \frac{2}{3} \) of a whole cake in the fridge. Robert eats \( \frac{1}{3} \) of this piece. What fraction of the whole cake has Robert eaten? Choose the number sentence that would solve the word problem.,\( \frac{1}{3} \times \frac{2}{3} \),i think it is b because robert ate 1/3 of 2/3 not 1/3 of the whole cake.,True_Correct,
26705,33474,Sally has \( \frac{2}{3} \) of a whole cake in the fridge. Robert eats \( \frac{1}{3} \) of this piece. What fraction of the whole cake has Robert eaten? Choose the number sentence that would solve the word problem.,\( \frac{1}{3} \times \frac{2}{3} \),i think it is b because robert has ate 1/3 of the cake so there will still be 2/3 left in the fridge.,True_Neither,
26706,33474,Sally has \( \frac{2}{3} \) of a whole cake in the fridge. Robert eats \( \frac{1}{3} \) of this piece. What fraction of the whole cake has Robert eaten? Choose the number sentence that would solve the word problem.,\( \frac{1}{3} \times \frac{2}{3} \),i think it is the timesing one because when i had timeds it i,True_Correct,
26707,33474,Sally has \( \frac{2}{3} \) of a whole cake in the fridge. Robert eats \( \frac{1}{3} \) of this piece. What fraction of the whole cake has Robert eaten? Choose the number sentence that would solve the word problem.,\( \frac{1}{3} \times \frac{2}{3} \),i think it was the timed one because when i time it i was timeing myself.,True_Neither,
26708,33474,Sally has \( \frac{2}{3} \) of a whole cake in the fridge. Robert eats \( \frac{1}{3} \) of this piece. What fraction of the whole cake has Robert eaten? Choose the number sentence that would solve the word problem.,\( \frac{1}{3} \times \frac{2}{3} \),i think it's timing because you normally do,True_Neither,
26709,33474,Sally has \( \frac{2}{3} \) of a whole cake in the fridge. Robert eats \( \frac{1}{3} \) of this piece. What fraction of the whole cake has Robert eaten? Choose the number sentence that would solve the word problem.,\( \frac{1}{3} \times \frac{2}{3} \),"i think it’s b because it is not s, it's not- and it has no c.",True_Neither,
26710,33474,Sally has \( \frac{2}{3} \) of a whole cake in the fridge. Robert eats \( \frac{1}{3} \) of this piece. What fraction of the whole cake has Robert eaten? Choose the number sentence that would solve the word problem.,\( \frac{1}{3} \times \frac{2}{3} \),i think it’s b because it’s not + it’s not- and it’s not ➗ .so it’s x.,True_Neither,
26711,33474,Sally has \( \frac{2}{3} \) of a whole cake in the fridge. Robert eats \( \frac{1}{3} \) of this piece. What fraction of the whole cake has Robert eaten? Choose the number sentence that would solve the word problem.,\( \frac{1}{3} \times \frac{2}{3} \),i think it’s b because that’s the word problem.,True_Neither,
26712,33474,Sally has \( \frac{2}{3} \) of a whole cake in the fridge. Robert eats \( \frac{1}{3} \) of this piece. What fraction of the whole cake has Robert eaten? Choose the number sentence that would solve the word problem.,\( \frac{1}{3} \times \frac{2}{3} \),"i think that b is the answer, because it represents 1/3 of 2/3. making the answer 2/9. therefore, the answer is b.",True_Correct,
26713,33474,Sally has \( \frac{2}{3} \) of a whole cake in the fridge. Robert eats \( \frac{1}{3} \) of this piece. What fraction of the whole cake has Robert eaten? Choose the number sentence that would solve the word problem.,\( \frac{1}{3} \times \frac{2}{3} \),"i think that b is the answer, because it represents 1/3 of 2/3. therefore, the final answer is 2/9.",True_Correct,
26714,33474,Sally has \( \frac{2}{3} \) of a whole cake in the fridge. Robert eats \( \frac{1}{3} \) of this piece. What fraction of the whole cake has Robert eaten? Choose the number sentence that would solve the word problem.,\( \frac{1}{3} \times \frac{2}{3} \),i think that is because you have to find the whole cake.,True_Neither,
26715,33474,Sally has \( \frac{2}{3} \) of a whole cake in the fridge. Robert eats \( \frac{1}{3} \) of this piece. What fraction of the whole cake has Robert eaten? Choose the number sentence that would solve the word problem.,\( \frac{1}{3} \times \frac{2}{3} \),i think that the answer is b because you can find 1/3 of 2/3 by multiplying them together.,True_Correct,
26716,33474,Sally has \( \frac{2}{3} \) of a whole cake in the fridge. Robert eats \( \frac{1}{3} \) of this piece. What fraction of the whole cake has Robert eaten? Choose the number sentence that would solve the word problem.,\( \frac{1}{3} \times \frac{2}{3} \),i think that this is the answer because sally only has 2 and robert ate 1/3 of 2/3 and of means x so that means that you have to multiply.,True_Correct,
26717,33474,Sally has \( \frac{2}{3} \) of a whole cake in the fridge. Robert eats \( \frac{1}{3} \) of this piece. What fraction of the whole cake has Robert eaten? Choose the number sentence that would solve the word problem.,\( \frac{1}{3} \times \frac{2}{3} \),"i think the answer is b because if sally has 2/3 left, and robert eats 1/3 of it, we need to work out 1/3 of 2/3, which is, in other words, 1/3 times 2/3.",True_Correct,
26718,33474,Sally has \( \frac{2}{3} \) of a whole cake in the fridge. Robert eats \( \frac{1}{3} \) of this piece. What fraction of the whole cake has Robert eaten? Choose the number sentence that would solve the word problem.,\( \frac{1}{3} \times \frac{2}{3} \),"i think the answer is b because if sallyy has 2/3 left, and robert eats 1/3, then we need to work out 1/3 of 2 1/3.",True_Neither,
26719,33474,Sally has \( \frac{2}{3} \) of a whole cake in the fridge. Robert eats \( \frac{1}{3} \) of this piece. What fraction of the whole cake has Robert eaten? Choose the number sentence that would solve the word problem.,\( \frac{1}{3} \times \frac{2}{3} \),i think this answer because the whole is out 3rds so if,True_Neither,
26720,33474,Sally has \( \frac{2}{3} \) of a whole cake in the fridge. Robert eats \( \frac{1}{3} \) of this piece. What fraction of the whole cake has Robert eaten? Choose the number sentence that would solve the word problem.,\( \frac{1}{3} \times \frac{2}{3} \),i think this answer is right because when you calculate you get a smaller fraction then 1/3 so it must be b .,True_Neither,
26721,33474,Sally has \( \frac{2}{3} \) of a whole cake in the fridge. Robert eats \( \frac{1}{3} \) of this piece. What fraction of the whole cake has Robert eaten? Choose the number sentence that would solve the word problem.,\( \frac{1}{3} \times \frac{2}{3} \),i think this becaude robert ate 1/3 of 2/3 of a cake,True_Neither,
26722,33474,Sally has \( \frac{2}{3} \) of a whole cake in the fridge. Robert eats \( \frac{1}{3} \) of this piece. What fraction of the whole cake has Robert eaten? Choose the number sentence that would solve the word problem.,\( \frac{1}{3} \times \frac{2}{3} \),i think this because 1 x 2 = 2 and 3 x 3 = 9 .,True_Correct,
26723,33474,Sally has \( \frac{2}{3} \) of a whole cake in the fridge. Robert eats \( \frac{1}{3} \) of this piece. What fraction of the whole cake has Robert eaten? Choose the number sentence that would solve the word problem.,\( \frac{1}{3} \times \frac{2}{3} \),i think this because 1/3 of 2/3 is 2/9. so he would havee eaten 2 out of 9.,True_Correct,
26724,33474,Sally has \( \frac{2}{3} \) of a whole cake in the fridge. Robert eats \( \frac{1}{3} \) of this piece. What fraction of the whole cake has Robert eaten? Choose the number sentence that would solve the word problem.,\( \frac{1}{3} \times \frac{2}{3} \),i think this because 1/3 of 2/3 is the same as saying 1/3 x 2/3,True_Correct,
26725,33474,Sally has \( \frac{2}{3} \) of a whole cake in the fridge. Robert eats \( \frac{1}{3} \) of this piece. What fraction of the whole cake has Robert eaten? Choose the number sentence that would solve the word problem.,\( \frac{1}{3} \times \frac{2}{3} \),i think this because 1/3 of 2/3 is the same thing as 1/3 x 2/3,True_Correct,
26726,33474,Sally has \( \frac{2}{3} \) of a whole cake in the fridge. Robert eats \( \frac{1}{3} \) of this piece. What fraction of the whole cake has Robert eaten? Choose the number sentence that would solve the word problem.,\( \frac{1}{3} \times \frac{2}{3} \),i think this because 1/3 x 2/3 is 1/3 of 2/3,True_Correct,
26727,33474,Sally has \( \frac{2}{3} \) of a whole cake in the fridge. Robert eats \( \frac{1}{3} \) of this piece. What fraction of the whole cake has Robert eaten? Choose the number sentence that would solve the word problem.,\( \frac{1}{3} \times \frac{2}{3} \),i think this because 2/3 times 1/3 is 2/9,True_Correct,
26728,33474,Sally has \( \frac{2}{3} \) of a whole cake in the fridge. Robert eats \( \frac{1}{3} \) of this piece. What fraction of the whole cake has Robert eaten? Choose the number sentence that would solve the word problem.,\( \frac{1}{3} \times \frac{2}{3} \),i think this because 2/3 x 1/3 is 2/9,True_Correct,
26729,33474,Sally has \( \frac{2}{3} \) of a whole cake in the fridge. Robert eats \( \frac{1}{3} \) of this piece. What fraction of the whole cake has Robert eaten? Choose the number sentence that would solve the word problem.,\( \frac{1}{3} \times \frac{2}{3} \),i think this because 2/3x1/3=1 which equals a whole,True_Neither,
26730,33474,Sally has \( \frac{2}{3} \) of a whole cake in the fridge. Robert eats \( \frac{1}{3} \) of this piece. What fraction of the whole cake has Robert eaten? Choose the number sentence that would solve the word problem.,\( \frac{1}{3} \times \frac{2}{3} \),i think this because c = 3/9 so it is equal to 1/3,True_Neither,
26731,33474,Sally has \( \frac{2}{3} \) of a whole cake in the fridge. Robert eats \( \frac{1}{3} \) of this piece. What fraction of the whole cake has Robert eaten? Choose the number sentence that would solve the word problem.,\( \frac{1}{3} \times \frac{2}{3} \),i think this because c = 3/9 so it is equal to 1/3,True_Neither,
26732,33474,Sally has \( \frac{2}{3} \) of a whole cake in the fridge. Robert eats \( \frac{1}{3} \) of this piece. What fraction of the whole cake has Robert eaten? Choose the number sentence that would solve the word problem.,\( \frac{1}{3} \times \frac{2}{3} \),i think this because choice b made the most sense,True_Neither,
26733,33474,Sally has \( \frac{2}{3} \) of a whole cake in the fridge. Robert eats \( \frac{1}{3} \) of this piece. What fraction of the whole cake has Robert eaten? Choose the number sentence that would solve the word problem.,\( \frac{1}{3} \times \frac{2}{3} \),i think this because he ate 1/3 and x means of so 1/3 of 2/3,True_Correct,
26734,33474,Sally has \( \frac{2}{3} \) of a whole cake in the fridge. Robert eats \( \frac{1}{3} \) of this piece. What fraction of the whole cake has Robert eaten? Choose the number sentence that would solve the word problem.,\( \frac{1}{3} \times \frac{2}{3} \),i think this because he ate 1/3 of 2/3 which equals 1/3 x 2/3.,True_Correct,
26735,33474,Sally has \( \frac{2}{3} \) of a whole cake in the fridge. Robert eats \( \frac{1}{3} \) of this piece. What fraction of the whole cake has Robert eaten? Choose the number sentence that would solve the word problem.,\( \frac{1}{3} \times \frac{2}{3} \),i think this because he had one whole cake but are one - thirds of his piece so this will show what he ate all together,True_Neither,
26736,33474,Sally has \( \frac{2}{3} \) of a whole cake in the fridge. Robert eats \( \frac{1}{3} \) of this piece. What fraction of the whole cake has Robert eaten? Choose the number sentence that would solve the word problem.,\( \frac{1}{3} \times \frac{2}{3} \),i think this because he had one whole cake but are one -thirds of his piece so this will show what ate all together,True_Neither,
26737,33474,Sally has \( \frac{2}{3} \) of a whole cake in the fridge. Robert eats \( \frac{1}{3} \) of this piece. What fraction of the whole cake has Robert eaten? Choose the number sentence that would solve the word problem.,\( \frac{1}{3} \times \frac{2}{3} \),i think this because i know that 1/3 of 2/3 is 2/9 so he would have eaten 2/9 of the cake.,True_Correct,
26738,33474,Sally has \( \frac{2}{3} \) of a whole cake in the fridge. Robert eats \( \frac{1}{3} \) of this piece. What fraction of the whole cake has Robert eaten? Choose the number sentence that would solve the word problem.,\( \frac{1}{3} \times \frac{2}{3} \),i think this because i know x= of so its 1/3 of 2/3,True_Correct,
26739,33474,Sally has \( \frac{2}{3} \) of a whole cake in the fridge. Robert eats \( \frac{1}{3} \) of this piece. What fraction of the whole cake has Robert eaten? Choose the number sentence that would solve the word problem.,\( \frac{1}{3} \times \frac{2}{3} \),i think this because if there is 2/3 in the fridge and he ate 1/3 it is 2/3-1/3.,True_Misconception,Subtraction
26740,33474,Sally has \( \frac{2}{3} \) of a whole cake in the fridge. Robert eats \( \frac{1}{3} \) of this piece. What fraction of the whole cake has Robert eaten? Choose the number sentence that would solve the word problem.,\( \frac{1}{3} \times \frac{2}{3} \),i think this because if there is 2/3 in the fridge and he ate 1/3 then it is 1 - 2 1/3.,True_Neither,
26741,33474,Sally has \( \frac{2}{3} \) of a whole cake in the fridge. Robert eats \( \frac{1}{3} \) of this piece. What fraction of the whole cake has Robert eaten? Choose the number sentence that would solve the word problem.,\( \frac{1}{3} \times \frac{2}{3} \),"i think this because if you want 1/3 of the piece, the piece is 2/3 of the whole. so you have to do 1/3 of the 2/3.",True_Correct,
26742,33474,Sally has \( \frac{2}{3} \) of a whole cake in the fridge. Robert eats \( \frac{1}{3} \) of this piece. What fraction of the whole cake has Robert eaten? Choose the number sentence that would solve the word problem.,\( \frac{1}{3} \times \frac{2}{3} \),"i think this because it says that robert ate 1/3 of this piece (2/3). since 'of' means multiply you need to do 1/3 x 2/3 which is 2/3 so robert ate 1/3 of 2/3, which is what the sentence said.",True_Correct,
26743,33474,Sally has \( \frac{2}{3} \) of a whole cake in the fridge. Robert eats \( \frac{1}{3} \) of this piece. What fraction of the whole cake has Robert eaten? Choose the number sentence that would solve the word problem.,\( \frac{1}{3} \times \frac{2}{3} \),i think this because of means times,True_Correct,
26744,33474,Sally has \( \frac{2}{3} \) of a whole cake in the fridge. Robert eats \( \frac{1}{3} \) of this piece. What fraction of the whole cake has Robert eaten? Choose the number sentence that would solve the word problem.,\( \frac{1}{3} \times \frac{2}{3} \),"i think this because robert ate 1/3 of 2/3 of whole, so you have to multiply each other.",True_Correct,
26745,33474,Sally has \( \frac{2}{3} \) of a whole cake in the fridge. Robert eats \( \frac{1}{3} \) of this piece. What fraction of the whole cake has Robert eaten? Choose the number sentence that would solve the word problem.,\( \frac{1}{3} \times \frac{2}{3} \),"i think this because robert ate 1/3 of sally's 2/3. this is, essentially, 1/3 of 2/3. 1/3 of 2/3 is the same as 1/3 * 2/3",True_Correct,
26746,33474,Sally has \( \frac{2}{3} \) of a whole cake in the fridge. Robert eats \( \frac{1}{3} \) of this piece. What fraction of the whole cake has Robert eaten? Choose the number sentence that would solve the word problem.,\( \frac{1}{3} \times \frac{2}{3} \),i think this because robert eats 1/3 of the 2/3 and of also mean x so it is 1/3 x 2/3,True_Correct,
26747,33474,Sally has \( \frac{2}{3} \) of a whole cake in the fridge. Robert eats \( \frac{1}{3} \) of this piece. What fraction of the whole cake has Robert eaten? Choose the number sentence that would solve the word problem.,\( \frac{1}{3} \times \frac{2}{3} \),i think this because robert eats 1/3 of the 2/3 and of slso mean x so it is 1/3 x 2 1/3,True_Correct,
26748,33474,Sally has \( \frac{2}{3} \) of a whole cake in the fridge. Robert eats \( \frac{1}{3} \) of this piece. What fraction of the whole cake has Robert eaten? Choose the number sentence that would solve the word problem.,\( \frac{1}{3} \times \frac{2}{3} \),i think this because robert eats a 1/3 of the remaining 2/3,True_Neither,
26749,33474,Sally has \( \frac{2}{3} \) of a whole cake in the fridge. Robert eats \( \frac{1}{3} \) of this piece. What fraction of the whole cake has Robert eaten? Choose the number sentence that would solve the word problem.,\( \frac{1}{3} \times \frac{2}{3} \),i think this because the cake is 2/3 and he eats 1/3 of that and that is 2/3*1/3,True_Correct,
26750,33474,Sally has \( \frac{2}{3} \) of a whole cake in the fridge. Robert eats \( \frac{1}{3} \) of this piece. What fraction of the whole cake has Robert eaten? Choose the number sentence that would solve the word problem.,\( \frac{1}{3} \times \frac{2}{3} \),"i think this because the question says he ate 1/3 of 2/3 and of is equal to multiplying, so you would multiply the two numbers to find out how much he ate of the whole cake.",True_Correct,
26751,33474,Sally has \( \frac{2}{3} \) of a whole cake in the fridge. Robert eats \( \frac{1}{3} \) of this piece. What fraction of the whole cake has Robert eaten? Choose the number sentence that would solve the word problem.,\( \frac{1}{3} \times \frac{2}{3} \),"i think this because the question sayss he ate 1/3 of 2/3 and of is equal to multiplying, so you would multiply the two numbers to find out how much.",True_Correct,
26752,33474,Sally has \( \frac{2}{3} \) of a whole cake in the fridge. Robert eats \( \frac{1}{3} \) of this piece. What fraction of the whole cake has Robert eaten? Choose the number sentence that would solve the word problem.,\( \frac{1}{3} \times \frac{2}{3} \),"i think this because we need 1/3 of 2/3, so we times then together.",True_Correct,
26753,33474,Sally has \( \frac{2}{3} \) of a whole cake in the fridge. Robert eats \( \frac{1}{3} \) of this piece. What fraction of the whole cake has Robert eaten? Choose the number sentence that would solve the word problem.,\( \frac{1}{3} \times \frac{2}{3} \),i think this because we need to work out 1/3 of the remaining 2/3 of the cake. therefore we multiply 2/3 by 1/3.,True_Correct,
26754,33474,Sally has \( \frac{2}{3} \) of a whole cake in the fridge. Robert eats \( \frac{1}{3} \) of this piece. What fraction of the whole cake has Robert eaten? Choose the number sentence that would solve the word problem.,\( \frac{1}{3} \times \frac{2}{3} \),i think this because when you multiply those the 2/3 cake is cut into 2/9 each piece.,True_Correct,
26755,33474,Sally has \( \frac{2}{3} \) of a whole cake in the fridge. Robert eats \( \frac{1}{3} \) of this piece. What fraction of the whole cake has Robert eaten? Choose the number sentence that would solve the word problem.,\( \frac{1}{3} \times \frac{2}{3} \),i think this because when you times numbers under one you get a smaller answer and in this case you need to find a fraction of a fraction so you need to multiply them together to find your answer.,True_Correct,
26756,33474,Sally has \( \frac{2}{3} \) of a whole cake in the fridge. Robert eats \( \frac{1}{3} \) of this piece. What fraction of the whole cake has Robert eaten? Choose the number sentence that would solve the word problem.,\( \frac{1}{3} \times \frac{2}{3} \),i think this because x means the same as of with fractions and robert has eaten 1/3 of 2/3 of the cake.,True_Correct,
26757,33474,Sally has \( \frac{2}{3} \) of a whole cake in the fridge. Robert eats \( \frac{1}{3} \) of this piece. What fraction of the whole cake has Robert eaten? Choose the number sentence that would solve the word problem.,\( \frac{1}{3} \times \frac{2}{3} \),i think this because x means the same as with fractions and robert has eaten 1/3 of 2/3 of the cake.,True_Correct,
26758,33474,Sally has \( \frac{2}{3} \) of a whole cake in the fridge. Robert eats \( \frac{1}{3} \) of this piece. What fraction of the whole cake has Robert eaten? Choose the number sentence that would solve the word problem.,\( \frac{1}{3} \times \frac{2}{3} \),i think this because you have 2/3 and someone eats 1/3 of the 2 1/3 which is the same as multiplying them together.,True_Correct,
26759,33474,Sally has \( \frac{2}{3} \) of a whole cake in the fridge. Robert eats \( \frac{1}{3} \) of this piece. What fraction of the whole cake has Robert eaten? Choose the number sentence that would solve the word problem.,\( \frac{1}{3} \times \frac{2}{3} \),i think this because you have 2/3 and someone eats 1/3 of the 2/3 which is the same as multiplying them together.,True_Correct,
26760,33474,Sally has \( \frac{2}{3} \) of a whole cake in the fridge. Robert eats \( \frac{1}{3} \) of this piece. What fraction of the whole cake has Robert eaten? Choose the number sentence that would solve the word problem.,\( \frac{1}{3} \times \frac{2}{3} \),i think this because you have to find the whole of the cake.,True_Neither,
26761,33474,Sally has \( \frac{2}{3} \) of a whole cake in the fridge. Robert eats \( \frac{1}{3} \) of this piece. What fraction of the whole cake has Robert eaten? Choose the number sentence that would solve the word problem.,\( \frac{1}{3} \times \frac{2}{3} \),i think this because you have to find the whole of the full cake.,True_Neither,
26762,33474,Sally has \( \frac{2}{3} \) of a whole cake in the fridge. Robert eats \( \frac{1}{3} \) of this piece. What fraction of the whole cake has Robert eaten? Choose the number sentence that would solve the word problem.,\( \frac{1}{3} \times \frac{2}{3} \),"i think this because, robert has eaten 1/3 of 2/3 of a cake",True_Correct,
26763,33474,Sally has \( \frac{2}{3} \) of a whole cake in the fridge. Robert eats \( \frac{1}{3} \) of this piece. What fraction of the whole cake has Robert eaten? Choose the number sentence that would solve the word problem.,\( \frac{1}{3} \times \frac{2}{3} \),i think this becausee of means / times.,True_Correct,
26764,33474,Sally has \( \frac{2}{3} \) of a whole cake in the fridge. Robert eats \( \frac{1}{3} \) of this piece. What fraction of the whole cake has Robert eaten? Choose the number sentence that would solve the word problem.,\( \frac{1}{3} \times \frac{2}{3} \),i think this is because 2/3 of a cake has to times by what was taken away,True_Correct,
26765,33474,Sally has \( \frac{2}{3} \) of a whole cake in the fridge. Robert eats \( \frac{1}{3} \) of this piece. What fraction of the whole cake has Robert eaten? Choose the number sentence that would solve the word problem.,\( \frac{1}{3} \times \frac{2}{3} \),i think this is because the answer is b.,True_Neither,
26766,33474,Sally has \( \frac{2}{3} \) of a whole cake in the fridge. Robert eats \( \frac{1}{3} \) of this piece. What fraction of the whole cake has Robert eaten? Choose the number sentence that would solve the word problem.,\( \frac{1}{3} \times \frac{2}{3} \),i think this is because we need to wirk out 1/3 of the remaining 2/3 of cake. therefore we multiply 2 1/3 by 1/3.,True_Correct,
26767,33474,Sally has \( \frac{2}{3} \) of a whole cake in the fridge. Robert eats \( \frac{1}{3} \) of this piece. What fraction of the whole cake has Robert eaten? Choose the number sentence that would solve the word problem.,\( \frac{1}{3} \times \frac{2}{3} \),"i think this is because when you times numbers under one you get a smaller answer and in this case you need to find % of r, so you have to multiply them together to get your answer.",True_Neither,
26768,33474,Sally has \( \frac{2}{3} \) of a whole cake in the fridge. Robert eats \( \frac{1}{3} \) of this piece. What fraction of the whole cake has Robert eaten? Choose the number sentence that would solve the word problem.,\( \frac{1}{3} \times \frac{2}{3} \),i think this is the answer because he ate 1/3 of 2/3 or 1/3 x 2/3,True_Correct,
26769,33474,Sally has \( \frac{2}{3} \) of a whole cake in the fridge. Robert eats \( \frac{1}{3} \) of this piece. What fraction of the whole cake has Robert eaten? Choose the number sentence that would solve the word problem.,\( \frac{1}{3} \times \frac{2}{3} \),i think this is the answer because whenever you times something a third you are dividing it by three,True_Neither,
26770,33474,Sally has \( \frac{2}{3} \) of a whole cake in the fridge. Robert eats \( \frac{1}{3} \) of this piece. What fraction of the whole cake has Robert eaten? Choose the number sentence that would solve the word problem.,\( \frac{1}{3} \times \frac{2}{3} \),i think this is the answer because whenever you times something a third you are dividing it by three,True_Neither,
26771,33474,Sally has \( \frac{2}{3} \) of a whole cake in the fridge. Robert eats \( \frac{1}{3} \) of this piece. What fraction of the whole cake has Robert eaten? Choose the number sentence that would solve the word problem.,\( \frac{1}{3} \times \frac{2}{3} \),i thinkk this because 1/3 of 2/3 is the same as 1/3 x 2 1/3.,True_Correct,
26772,33474,Sally has \( \frac{2}{3} \) of a whole cake in the fridge. Robert eats \( \frac{1}{3} \) of this piece. What fraction of the whole cake has Robert eaten? Choose the number sentence that would solve the word problem.,\( \frac{1}{3} \times \frac{2}{3} \),i took the 2\3 and the 1\3 from the question and divided it,True_Neither,
26773,33474,Sally has \( \frac{2}{3} \) of a whole cake in the fridge. Robert eats \( \frac{1}{3} \) of this piece. What fraction of the whole cake has Robert eaten? Choose the number sentence that would solve the word problem.,\( \frac{1}{3} \times \frac{2}{3} \),i wasn't sure how to do this one.,True_Neither,
26774,33474,Sally has \( \frac{2}{3} \) of a whole cake in the fridge. Robert eats \( \frac{1}{3} \) of this piece. What fraction of the whole cake has Robert eaten? Choose the number sentence that would solve the word problem.,\( \frac{1}{3} \times \frac{2}{3} \),"i wasn't sure, so i madee a guess.",True_Neither,
26775,33474,Sally has \( \frac{2}{3} \) of a whole cake in the fridge. Robert eats \( \frac{1}{3} \) of this piece. What fraction of the whole cake has Robert eaten? Choose the number sentence that would solve the word problem.,\( \frac{1}{3} \times \frac{2}{3} \),i wasnt sure so took a guess.,True_Neither,
26776,33474,Sally has \( \frac{2}{3} \) of a whole cake in the fridge. Robert eats \( \frac{1}{3} \) of this piece. What fraction of the whole cake has Robert eaten? Choose the number sentence that would solve the word problem.,\( \frac{1}{3} \times \frac{2}{3} \),i worked it out and then found the matching pair,True_Neither,
26777,33474,Sally has \( \frac{2}{3} \) of a whole cake in the fridge. Robert eats \( \frac{1}{3} \) of this piece. What fraction of the whole cake has Robert eaten? Choose the number sentence that would solve the word problem.,\( \frac{1}{3} \times \frac{2}{3} \),i worked it out and this was the answer,True_Neither,
26778,33474,Sally has \( \frac{2}{3} \) of a whole cake in the fridge. Robert eats \( \frac{1}{3} \) of this piece. What fraction of the whole cake has Robert eaten? Choose the number sentence that would solve the word problem.,\( \frac{1}{3} \times \frac{2}{3} \),i worked this out in my revision biik,True_Neither,
26779,33474,Sally has \( \frac{2}{3} \) of a whole cake in the fridge. Robert eats \( \frac{1}{3} \) of this piece. What fraction of the whole cake has Robert eaten? Choose the number sentence that would solve the word problem.,\( \frac{1}{3} \times \frac{2}{3} \),i worked this out in my revision biik,True_Neither,
26780,33474,Sally has \( \frac{2}{3} \) of a whole cake in the fridge. Robert eats \( \frac{1}{3} \) of this piece. What fraction of the whole cake has Robert eaten? Choose the number sentence that would solve the word problem.,\( \frac{1}{3} \times \frac{2}{3} \),i wull be looking at 1/3 of 2/3.,True_Correct,
26781,33474,Sally has \( \frac{2}{3} \) of a whole cake in the fridge. Robert eats \( \frac{1}{3} \) of this piece. What fraction of the whole cake has Robert eaten? Choose the number sentence that would solve the word problem.,\( \frac{1}{3} \times \frac{2}{3} \),"i'm not sure but i think that in fractions, for something to be smaller, you times",True_Neither,
26782,33474,Sally has \( \frac{2}{3} \) of a whole cake in the fridge. Robert eats \( \frac{1}{3} \) of this piece. What fraction of the whole cake has Robert eaten? Choose the number sentence that would solve the word problem.,\( \frac{1}{3} \times \frac{2}{3} \),i'm not sure how to explain that.,True_Neither,
26783,33474,Sally has \( \frac{2}{3} \) of a whole cake in the fridge. Robert eats \( \frac{1}{3} \) of this piece. What fraction of the whole cake has Robert eaten? Choose the number sentence that would solve the word problem.,\( \frac{1}{3} \times \frac{2}{3} \),i'm note sure how to explain my workings,True_Neither,
26784,33474,Sally has \( \frac{2}{3} \) of a whole cake in the fridge. Robert eats \( \frac{1}{3} \) of this piece. What fraction of the whole cake has Robert eaten? Choose the number sentence that would solve the word problem.,\( \frac{1}{3} \times \frac{2}{3} \),i'm thinking thid because 2/3 x 1/3 is 2/9.,True_Correct,
26785,33474,Sally has \( \frac{2}{3} \) of a whole cake in the fridge. Robert eats \( \frac{1}{3} \) of this piece. What fraction of the whole cake has Robert eaten? Choose the number sentence that would solve the word problem.,\( \frac{1}{3} \times \frac{2}{3} \),if robert eats 1/3 of this piece he ate 1/3 x 1/3 = 1/3.,True_Neither,
26786,33474,Sally has \( \frac{2}{3} \) of a whole cake in the fridge. Robert eats \( \frac{1}{3} \) of this piece. What fraction of the whole cake has Robert eaten? Choose the number sentence that would solve the word problem.,\( \frac{1}{3} \times \frac{2}{3} \),if robert eats 1/3 of this piece he eats 1/3 of 2/3. which is 1/3 x 2/3,True_Correct,
26787,33474,Sally has \( \frac{2}{3} \) of a whole cake in the fridge. Robert eats \( \frac{1}{3} \) of this piece. What fraction of the whole cake has Robert eaten? Choose the number sentence that would solve the word problem.,\( \frac{1}{3} \times \frac{2}{3} \),"if you divide the 1/3 that was eaten by the 2 - 1/3 you get, you've got the remainder of the equation.",True_Misconception,Division
26788,33474,Sally has \( \frac{2}{3} \) of a whole cake in the fridge. Robert eats \( \frac{1}{3} \) of this piece. What fraction of the whole cake has Robert eaten? Choose the number sentence that would solve the word problem.,\( \frac{1}{3} \times \frac{2}{3} \),if you find the answer it will = how much he haseaten,True_Neither,
26789,33474,Sally has \( \frac{2}{3} \) of a whole cake in the fridge. Robert eats \( \frac{1}{3} \) of this piece. What fraction of the whole cake has Robert eaten? Choose the number sentence that would solve the word problem.,\( \frac{1}{3} \times \frac{2}{3} \),if you find the answer it will = howw much he eaten,True_Neither,
26790,33474,Sally has \( \frac{2}{3} \) of a whole cake in the fridge. Robert eats \( \frac{1}{3} \) of this piece. What fraction of the whole cake has Robert eaten? Choose the number sentence that would solve the word problem.,\( \frac{1}{3} \times \frac{2}{3} \),if you multiply 2 1/3 by itself you get 1/3 of 2/3.,True_Correct,
26791,33474,Sally has \( \frac{2}{3} \) of a whole cake in the fridge. Robert eats \( \frac{1}{3} \) of this piece. What fraction of the whole cake has Robert eaten? Choose the number sentence that would solve the word problem.,\( \frac{1}{3} \times \frac{2}{3} \),"if you multiply by 1/3, it is the samr as dividing by 3.",True_Correct,
26792,33474,Sally has \( \frac{2}{3} \) of a whole cake in the fridge. Robert eats \( \frac{1}{3} \) of this piece. What fraction of the whole cake has Robert eaten? Choose the number sentence that would solve the word problem.,\( \frac{1}{3} \times \frac{2}{3} \),"if you take the third part of the equation you get the same number as the second part, so 3/9 is the exactt same as 1/3.",True_Neither,
26793,33474,Sally has \( \frac{2}{3} \) of a whole cake in the fridge. Robert eats \( \frac{1}{3} \) of this piece. What fraction of the whole cake has Robert eaten? Choose the number sentence that would solve the word problem.,\( \frac{1}{3} \times \frac{2}{3} \),"if you times it out, you can see how much he ate.",True_Correct,
26794,33474,Sally has \( \frac{2}{3} \) of a whole cake in the fridge. Robert eats \( \frac{1}{3} \) of this piece. What fraction of the whole cake has Robert eaten? Choose the number sentence that would solve the word problem.,\( \frac{1}{3} \times \frac{2}{3} \),if you times them both you willl get the answer,True_Neither,
26795,33474,Sally has \( \frac{2}{3} \) of a whole cake in the fridge. Robert eats \( \frac{1}{3} \) of this piece. What fraction of the whole cake has Robert eaten? Choose the number sentence that would solve the word problem.,\( \frac{1}{3} \times \frac{2}{3} \),"if you want 1/3 of a piece, it's 2/3 of the whole, so you need to do 1/3 x 2 1/3.",True_Correct,
26796,33474,Sally has \( \frac{2}{3} \) of a whole cake in the fridge. Robert eats \( \frac{1}{3} \) of this piece. What fraction of the whole cake has Robert eaten? Choose the number sentence that would solve the word problem.,\( \frac{1}{3} \times \frac{2}{3} \),"if youu take the second third, then you will find that you have one third of that third.",True_Neither,
26797,33474,Sally has \( \frac{2}{3} \) of a whole cake in the fridge. Robert eats \( \frac{1}{3} \) of this piece. What fraction of the whole cake has Robert eaten? Choose the number sentence that would solve the word problem.,\( \frac{1}{3} \times \frac{2}{3} \),"if youu want to work out a fraction of one part, you multiply it by the other part.",True_Correct,
26798,33474,Sally has \( \frac{2}{3} \) of a whole cake in the fridge. Robert eats \( \frac{1}{3} \) of this piece. What fraction of the whole cake has Robert eaten? Choose the number sentence that would solve the word problem.,\( \frac{1}{3} \times \frac{2}{3} \),"in fraction, multiplying is the same as saying of. so 1/3 of 2/3 is the same as 1/3 times 2/3",True_Correct,
26799,33474,Sally has \( \frac{2}{3} \) of a whole cake in the fridge. Robert eats \( \frac{1}{3} \) of this piece. What fraction of the whole cake has Robert eaten? Choose the number sentence that would solve the word problem.,\( \frac{1}{3} \times \frac{2}{3} \),in this fraction it’s 2/3 of a whole cake . of mean that we need t9 multiply 2/3 with 1/3 ( i’m not sure ),True_Correct,
26800,33474,Sally has \( \frac{2}{3} \) of a whole cake in the fridge. Robert eats \( \frac{1}{3} \) of this piece. What fraction of the whole cake has Robert eaten? Choose the number sentence that would solve the word problem.,\( \frac{1}{3} \times \frac{2}{3} \),"in this question, the word of, which means multiply, so, it is 2/3 x 1/3.",True_Correct,
26801,33474,Sally has \( \frac{2}{3} \) of a whole cake in the fridge. Robert eats \( \frac{1}{3} \) of this piece. What fraction of the whole cake has Robert eaten? Choose the number sentence that would solve the word problem.,\( \frac{1}{3} \times \frac{2}{3} \),"is it possible to put it in other words as 2 / 3 of a whole cake. i dont know if it is possible as i didnt calculate it myself, maybe it should be 3??",True_Neither,
26802,33474,Sally has \( \frac{2}{3} \) of a whole cake in the fridge. Robert eats \( \frac{1}{3} \) of this piece. What fraction of the whole cake has Robert eaten? Choose the number sentence that would solve the word problem.,\( \frac{1}{3} \times \frac{2}{3} \),"it can't be a,c or d.",True_Neither,
26803,33474,Sally has \( \frac{2}{3} \) of a whole cake in the fridge. Robert eats \( \frac{1}{3} \) of this piece. What fraction of the whole cake has Robert eaten? Choose the number sentence that would solve the word problem.,\( \frac{1}{3} \times \frac{2}{3} \),it is 1 / 3 of 2 - 3 = 1 1/3.,True_Neither,
26804,33474,Sally has \( \frac{2}{3} \) of a whole cake in the fridge. Robert eats \( \frac{1}{3} \) of this piece. What fraction of the whole cake has Robert eaten? Choose the number sentence that would solve the word problem.,\( \frac{1}{3} \times \frac{2}{3} \),it is 1/3 of 2/3 which is the same as 1/3x2/3,True_Correct,
26805,33474,Sally has \( \frac{2}{3} \) of a whole cake in the fridge. Robert eats \( \frac{1}{3} \) of this piece. What fraction of the whole cake has Robert eaten? Choose the number sentence that would solve the word problem.,\( \frac{1}{3} \times \frac{2}{3} \),it is 1/3 times 2/3 because robert eats 1/3 of the 2/3. this means the answer would be 2/9.,True_Correct,
26806,33474,Sally has \( \frac{2}{3} \) of a whole cake in the fridge. Robert eats \( \frac{1}{3} \) of this piece. What fraction of the whole cake has Robert eaten? Choose the number sentence that would solve the word problem.,\( \frac{1}{3} \times \frac{2}{3} \),it is b because 1 x 2 = 2 and 3 x 3 = 9. so the answer is 1/3 x 2/3.,True_Correct,
26807,33474,Sally has \( \frac{2}{3} \) of a whole cake in the fridge. Robert eats \( \frac{1}{3} \) of this piece. What fraction of the whole cake has Robert eaten? Choose the number sentence that would solve the word problem.,\( \frac{1}{3} \times \frac{2}{3} \),it is b because 1/3 x 2/3 = 2/6 = 1/3,True_Neither,
26808,33474,Sally has \( \frac{2}{3} \) of a whole cake in the fridge. Robert eats \( \frac{1}{3} \) of this piece. What fraction of the whole cake has Robert eaten? Choose the number sentence that would solve the word problem.,\( \frac{1}{3} \times \frac{2}{3} \),it is b because if there is 2/3 and robert has ate 1/3 then there is 2/3 remaining. i had to think about this hard because a lot of people would think 2/3 - 1/3,True_Neither,
26809,33474,Sally has \( \frac{2}{3} \) of a whole cake in the fridge. Robert eats \( \frac{1}{3} \) of this piece. What fraction of the whole cake has Robert eaten? Choose the number sentence that would solve the word problem.,\( \frac{1}{3} \times \frac{2}{3} \),it is b because it is 1/3of2/3 and x can be swapped with of.,True_Correct,
26810,33474,Sally has \( \frac{2}{3} \) of a whole cake in the fridge. Robert eats \( \frac{1}{3} \) of this piece. What fraction of the whole cake has Robert eaten? Choose the number sentence that would solve the word problem.,\( \frac{1}{3} \times \frac{2}{3} \),it is b because it is the number sentence for 1/3 of 2/3,True_Correct,
26811,33474,Sally has \( \frac{2}{3} \) of a whole cake in the fridge. Robert eats \( \frac{1}{3} \) of this piece. What fraction of the whole cake has Robert eaten? Choose the number sentence that would solve the word problem.,\( \frac{1}{3} \times \frac{2}{3} \),it is b because to do 2/3 ÷ 3/1 you switch the 3/1 around to become 1/3 so then you do the calculation 2/3 x 1/3 which would be b,True_Correct,
26812,33474,Sally has \( \frac{2}{3} \) of a whole cake in the fridge. Robert eats \( \frac{1}{3} \) of this piece. What fraction of the whole cake has Robert eaten? Choose the number sentence that would solve the word problem.,\( \frac{1}{3} \times \frac{2}{3} \),it is because 2 1/3x1/4 which is 2/12 and simplefie 1/12,True_Neither,
26813,33474,Sally has \( \frac{2}{3} \) of a whole cake in the fridge. Robert eats \( \frac{1}{3} \) of this piece. What fraction of the whole cake has Robert eaten? Choose the number sentence that would solve the word problem.,\( \frac{1}{3} \times \frac{2}{3} \),it is how much cake he ate times how much cake she had,True_Correct,
26814,33474,Sally has \( \frac{2}{3} \) of a whole cake in the fridge. Robert eats \( \frac{1}{3} \) of this piece. What fraction of the whole cake has Robert eaten? Choose the number sentence that would solve the word problem.,\( \frac{1}{3} \times \frac{2}{3} \),it is not of the whole cake,True_Neither,
26815,33474,Sally has \( \frac{2}{3} \) of a whole cake in the fridge. Robert eats \( \frac{1}{3} \) of this piece. What fraction of the whole cake has Robert eaten? Choose the number sentence that would solve the word problem.,\( \frac{1}{3} \times \frac{2}{3} \),it is not the whoke cake.,True_Neither,
26816,33474,Sally has \( \frac{2}{3} \) of a whole cake in the fridge. Robert eats \( \frac{1}{3} \) of this piece. What fraction of the whole cake has Robert eaten? Choose the number sentence that would solve the word problem.,\( \frac{1}{3} \times \frac{2}{3} \),it is that because it is the same,True_Neither,
26817,33474,Sally has \( \frac{2}{3} \) of a whole cake in the fridge. Robert eats \( \frac{1}{3} \) of this piece. What fraction of the whole cake has Robert eaten? Choose the number sentence that would solve the word problem.,\( \frac{1}{3} \times \frac{2}{3} \),it is thatt because it is the same.,True_Neither,
26818,33474,Sally has \( \frac{2}{3} \) of a whole cake in the fridge. Robert eats \( \frac{1}{3} \) of this piece. What fraction of the whole cake has Robert eaten? Choose the number sentence that would solve the word problem.,\( \frac{1}{3} \times \frac{2}{3} \),it is the only answer that would work.,True_Neither,
26819,33474,Sally has \( \frac{2}{3} \) of a whole cake in the fridge. Robert eats \( \frac{1}{3} \) of this piece. What fraction of the whole cake has Robert eaten? Choose the number sentence that would solve the word problem.,\( \frac{1}{3} \times \frac{2}{3} \),it is the way to work out the total.,True_Neither,
26820,33474,Sally has \( \frac{2}{3} \) of a whole cake in the fridge. Robert eats \( \frac{1}{3} \) of this piece. What fraction of the whole cake has Robert eaten? Choose the number sentence that would solve the word problem.,\( \frac{1}{3} \times \frac{2}{3} \),it is this because he ate 1/3 of 2/3 so you times them together.,True_Correct,
26821,33474,Sally has \( \frac{2}{3} \) of a whole cake in the fridge. Robert eats \( \frac{1}{3} \) of this piece. What fraction of the whole cake has Robert eaten? Choose the number sentence that would solve the word problem.,\( \frac{1}{3} \times \frac{2}{3} \),it is this because he ate 1/3 of 2/3 so you times them together.,True_Correct,
26822,33474,Sally has \( \frac{2}{3} \) of a whole cake in the fridge. Robert eats \( \frac{1}{3} \) of this piece. What fraction of the whole cake has Robert eaten? Choose the number sentence that would solve the word problem.,\( \frac{1}{3} \times \frac{2}{3} \),it it says it mean times times it say to say it means times says say’s.,True_Neither,
26823,33474,Sally has \( \frac{2}{3} \) of a whole cake in the fridge. Robert eats \( \frac{1}{3} \) of this piece. What fraction of the whole cake has Robert eaten? Choose the number sentence that would solve the word problem.,\( \frac{1}{3} \times \frac{2}{3} \),it says what a percentage of the whole cakee it is.,True_Neither,
26824,33474,Sally has \( \frac{2}{3} \) of a whole cake in the fridge. Robert eats \( \frac{1}{3} \) of this piece. What fraction of the whole cake has Robert eaten? Choose the number sentence that would solve the word problem.,\( \frac{1}{3} \times \frac{2}{3} \),it says what fraction of the whole cake,True_Neither,
26825,33474,Sally has \( \frac{2}{3} \) of a whole cake in the fridge. Robert eats \( \frac{1}{3} \) of this piece. What fraction of the whole cake has Robert eaten? Choose the number sentence that would solve the word problem.,\( \frac{1}{3} \times \frac{2}{3} \),it shows how much sally has at first then it shows how much robert ate,True_Neither,
26826,33474,Sally has \( \frac{2}{3} \) of a whole cake in the fridge. Robert eats \( \frac{1}{3} \) of this piece. What fraction of the whole cake has Robert eaten? Choose the number sentence that would solve the word problem.,\( \frac{1}{3} \times \frac{2}{3} \),it will be 1x2 and 3x3 is. 2/6,True_Neither,
26827,33474,Sally has \( \frac{2}{3} \) of a whole cake in the fridge. Robert eats \( \frac{1}{3} \) of this piece. What fraction of the whole cake has Robert eaten? Choose the number sentence that would solve the word problem.,\( \frac{1}{3} \times \frac{2}{3} \),it would be b because yo would have one fraction of the cake left and you would show that by timising ad having the left over 1/3.,True_Neither,
26828,33474,Sally has \( \frac{2}{3} \) of a whole cake in the fridge. Robert eats \( \frac{1}{3} \) of this piece. What fraction of the whole cake has Robert eaten? Choose the number sentence that would solve the word problem.,\( \frac{1}{3} \times \frac{2}{3} \),it would be this because it would be 1/3 of 2/3 and of is always *,True_Correct,
26829,33474,Sally has \( \frac{2}{3} \) of a whole cake in the fridge. Robert eats \( \frac{1}{3} \) of this piece. What fraction of the whole cake has Robert eaten? Choose the number sentence that would solve the word problem.,\( \frac{1}{3} \times \frac{2}{3} \),it would give the answer for the whole amount of cake and not just the 2/3.,True_Neither,
26830,33474,Sally has \( \frac{2}{3} \) of a whole cake in the fridge. Robert eats \( \frac{1}{3} \) of this piece. What fraction of the whole cake has Robert eaten? Choose the number sentence that would solve the word problem.,\( \frac{1}{3} \times \frac{2}{3} \),it's b because he has eaten 1/3 of the 2/3 so you multiply it to get 2/9,True_Correct,
26831,33474,Sally has \( \frac{2}{3} \) of a whole cake in the fridge. Robert eats \( \frac{1}{3} \) of this piece. What fraction of the whole cake has Robert eaten? Choose the number sentence that would solve the word problem.,\( \frac{1}{3} \times \frac{2}{3} \),it's b because it's his slice. it's meant to trick you because you would think its take-away.,True_Neither,
26832,33474,Sally has \( \frac{2}{3} \) of a whole cake in the fridge. Robert eats \( \frac{1}{3} \) of this piece. What fraction of the whole cake has Robert eaten? Choose the number sentence that would solve the word problem.,\( \frac{1}{3} \times \frac{2}{3} \),it's concerned with how robert ate,True_Neither,
26833,33474,Sally has \( \frac{2}{3} \) of a whole cake in the fridge. Robert eats \( \frac{1}{3} \) of this piece. What fraction of the whole cake has Robert eaten? Choose the number sentence that would solve the word problem.,\( \frac{1}{3} \times \frac{2}{3} \),it's the correct answer as after calculating yiu get a smaller fraction then 1/3 so it must be b.,True_Neither,
26834,33474,Sally has \( \frac{2}{3} \) of a whole cake in the fridge. Robert eats \( \frac{1}{3} \) of this piece. What fraction of the whole cake has Robert eaten? Choose the number sentence that would solve the word problem.,\( \frac{1}{3} \times \frac{2}{3} \),ithink this because the answeris b.,True_Neither,
26835,33474,Sally has \( \frac{2}{3} \) of a whole cake in the fridge. Robert eats \( \frac{1}{3} \) of this piece. What fraction of the whole cake has Robert eaten? Choose the number sentence that would solve the word problem.,\( \frac{1}{3} \times \frac{2}{3} \),its not d as then that would just be 1/3 and it is 1/3 of 2/3,True_Correct,
26836,33474,Sally has \( \frac{2}{3} \) of a whole cake in the fridge. Robert eats \( \frac{1}{3} \) of this piece. What fraction of the whole cake has Robert eaten? Choose the number sentence that would solve the word problem.,\( \frac{1}{3} \times \frac{2}{3} \),its one third of her two thirds not of a whole cake 👍🏼,True_Correct,
26837,33474,Sally has \( \frac{2}{3} \) of a whole cake in the fridge. Robert eats \( \frac{1}{3} \) of this piece. What fraction of the whole cake has Robert eaten? Choose the number sentence that would solve the word problem.,\( \frac{1}{3} \times \frac{2}{3} \),its this because they times together too equal 2/9 and that is the fraction that they have eaten.,True_Correct,
26838,33474,Sally has \( \frac{2}{3} \) of a whole cake in the fridge. Robert eats \( \frac{1}{3} \) of this piece. What fraction of the whole cake has Robert eaten? Choose the number sentence that would solve the word problem.,\( \frac{1}{3} \times \frac{2}{3} \),its this because times together to equal 2/9 and that is the fraction that they have eaten.,True_Correct,
26839,33474,Sally has \( \frac{2}{3} \) of a whole cake in the fridge. Robert eats \( \frac{1}{3} \) of this piece. What fraction of the whole cake has Robert eaten? Choose the number sentence that would solve the word problem.,\( \frac{1}{3} \times \frac{2}{3} \),it’s say’s of which means times,True_Correct,
26840,33474,Sally has \( \frac{2}{3} \) of a whole cake in the fridge. Robert eats \( \frac{1}{3} \) of this piece. What fraction of the whole cake has Robert eaten? Choose the number sentence that would solve the word problem.,\( \frac{1}{3} \times \frac{2}{3} \),let's suggest that the whole cake is 27. sally put 18 (27/9*2) in the fridge. robert eats 6 (18/3). 6/27 = 2/9. 1/3*2/3=2/9,True_Correct,
26841,33474,Sally has \( \frac{2}{3} \) of a whole cake in the fridge. Robert eats \( \frac{1}{3} \) of this piece. What fraction of the whole cake has Robert eaten? Choose the number sentence that would solve the word problem.,\( \frac{1}{3} \times \frac{2}{3} \),"means multiply, so youu multiply the given fractions.",True_Correct,
26842,33474,Sally has \( \frac{2}{3} \) of a whole cake in the fridge. Robert eats \( \frac{1}{3} \) of this piece. What fraction of the whole cake has Robert eaten? Choose the number sentence that would solve the word problem.,\( \frac{1}{3} \times \frac{2}{3} \),multiply is the same as 'of' and robert ate 1/3 of 2/3 of the whole cake.,True_Correct,
26843,33474,Sally has \( \frac{2}{3} \) of a whole cake in the fridge. Robert eats \( \frac{1}{3} \) of this piece. What fraction of the whole cake has Robert eaten? Choose the number sentence that would solve the word problem.,\( \frac{1}{3} \times \frac{2}{3} \),multiply is the same as 'of' and robert ate 1/3 of 2/3 of the whole cake.,True_Correct,
26844,33474,Sally has \( \frac{2}{3} \) of a whole cake in the fridge. Robert eats \( \frac{1}{3} \) of this piece. What fraction of the whole cake has Robert eaten? Choose the number sentence that would solve the word problem.,\( \frac{1}{3} \times \frac{2}{3} \),multiplying will find me 1/3 of 2/3,True_Correct,
26845,33474,Sally has \( \frac{2}{3} \) of a whole cake in the fridge. Robert eats \( \frac{1}{3} \) of this piece. What fraction of the whole cake has Robert eaten? Choose the number sentence that would solve the word problem.,\( \frac{1}{3} \times \frac{2}{3} \),my mum explained it to me.,True_Neither,
26846,33474,Sally has \( \frac{2}{3} \) of a whole cake in the fridge. Robert eats \( \frac{1}{3} \) of this piece. What fraction of the whole cake has Robert eaten? Choose the number sentence that would solve the word problem.,\( \frac{1}{3} \times \frac{2}{3} \),of -> multiply 2/3*1/3 (which is number sentence of b),True_Correct,
26847,33474,Sally has \( \frac{2}{3} \) of a whole cake in the fridge. Robert eats \( \frac{1}{3} \) of this piece. What fraction of the whole cake has Robert eaten? Choose the number sentence that would solve the word problem.,\( \frac{1}{3} \times \frac{2}{3} \),of is times (x) so it must be times,True_Correct,
26848,33474,Sally has \( \frac{2}{3} \) of a whole cake in the fridge. Robert eats \( \frac{1}{3} \) of this piece. What fraction of the whole cake has Robert eaten? Choose the number sentence that would solve the word problem.,\( \frac{1}{3} \times \frac{2}{3} \),of means multiply so you multiply the given fractions,True_Correct,
26849,33474,Sally has \( \frac{2}{3} \) of a whole cake in the fridge. Robert eats \( \frac{1}{3} \) of this piece. What fraction of the whole cake has Robert eaten? Choose the number sentence that would solve the word problem.,\( \frac{1}{3} \times \frac{2}{3} \),of means times. 1x2=2 and 3x3=9 so it is 2/9.,True_Correct,
26850,33474,Sally has \( \frac{2}{3} \) of a whole cake in the fridge. Robert eats \( \frac{1}{3} \) of this piece. What fraction of the whole cake has Robert eaten? Choose the number sentence that would solve the word problem.,\( \frac{1}{3} \times \frac{2}{3} \),"of' also means 'multiplication'. so, you do 2/3 times 1/3.",True_Correct,
26851,33474,Sally has \( \frac{2}{3} \) of a whole cake in the fridge. Robert eats \( \frac{1}{3} \) of this piece. What fraction of the whole cake has Robert eaten? Choose the number sentence that would solve the word problem.,\( \frac{1}{3} \times \frac{2}{3} \),ome third of two thirds is two sixths.,True_Neither,
26852,33474,Sally has \( \frac{2}{3} \) of a whole cake in the fridge. Robert eats \( \frac{1}{3} \) of this piece. What fraction of the whole cake has Robert eaten? Choose the number sentence that would solve the word problem.,\( \frac{1}{3} \times \frac{2}{3} \),one third of two thirds is three ninths,True_Neither,
26853,33474,Sally has \( \frac{2}{3} \) of a whole cake in the fridge. Robert eats \( \frac{1}{3} \) of this piece. What fraction of the whole cake has Robert eaten? Choose the number sentence that would solve the word problem.,\( \frac{1}{3} \times \frac{2}{3} \),one third of two thirds is two sixths,True_Neither,
26854,33474,Sally has \( \frac{2}{3} \) of a whole cake in the fridge. Robert eats \( \frac{1}{3} \) of this piece. What fraction of the whole cake has Robert eaten? Choose the number sentence that would solve the word problem.,\( \frac{1}{3} \times \frac{2}{3} \),"process of elimination, also the fact that it equals 2/9",True_Neither,
26855,33474,Sally has \( \frac{2}{3} \) of a whole cake in the fridge. Robert eats \( \frac{1}{3} \) of this piece. What fraction of the whole cake has Robert eaten? Choose the number sentence that would solve the word problem.,\( \frac{1}{3} \times \frac{2}{3} \),read this question carefully or you'll get it wrong!!!!,True_Neither,
26856,33474,Sally has \( \frac{2}{3} \) of a whole cake in the fridge. Robert eats \( \frac{1}{3} \) of this piece. What fraction of the whole cake has Robert eaten? Choose the number sentence that would solve the word problem.,\( \frac{1}{3} \times \frac{2}{3} \),robert ate 1 / 4 of the whole cake 1/3x2/3=1 /4,True_Neither,
26857,33474,Sally has \( \frac{2}{3} \) of a whole cake in the fridge. Robert eats \( \frac{1}{3} \) of this piece. What fraction of the whole cake has Robert eaten? Choose the number sentence that would solve the word problem.,\( \frac{1}{3} \times \frac{2}{3} \),"robert ate 1 / 4 of the whole cake, so 1/3 x 2 1/3 = 1 14.",True_Neither,
26858,33474,Sally has \( \frac{2}{3} \) of a whole cake in the fridge. Robert eats \( \frac{1}{3} \) of this piece. What fraction of the whole cake has Robert eaten? Choose the number sentence that would solve the word problem.,\( \frac{1}{3} \times \frac{2}{3} \),robert ate 1/3 of a cake which means times.,True_Correct,
26859,33474,Sally has \( \frac{2}{3} \) of a whole cake in the fridge. Robert eats \( \frac{1}{3} \) of this piece. What fraction of the whole cake has Robert eaten? Choose the number sentence that would solve the word problem.,\( \frac{1}{3} \times \frac{2}{3} \),robert ate 1/3 of the 2/3 that were there so then you would multiply to find this answer.,True_Correct,
26860,33474,Sally has \( \frac{2}{3} \) of a whole cake in the fridge. Robert eats \( \frac{1}{3} \) of this piece. What fraction of the whole cake has Robert eaten? Choose the number sentence that would solve the word problem.,\( \frac{1}{3} \times \frac{2}{3} \),robert ate 1/3 of the cake which means times.,True_Correct,
26861,33474,Sally has \( \frac{2}{3} \) of a whole cake in the fridge. Robert eats \( \frac{1}{3} \) of this piece. What fraction of the whole cake has Robert eaten? Choose the number sentence that would solve the word problem.,\( \frac{1}{3} \times \frac{2}{3} \),"robert ate 1/3 of the leftover 2/3 of the cake, therefore the answer is 1/3 times 2/3.",True_Correct,
26862,33474,Sally has \( \frac{2}{3} \) of a whole cake in the fridge. Robert eats \( \frac{1}{3} \) of this piece. What fraction of the whole cake has Robert eaten? Choose the number sentence that would solve the word problem.,\( \frac{1}{3} \times \frac{2}{3} \),robert ate 1/3 of what was there so then you wouldd multiply that by 2 to find your answer.,True_Neither,
26863,33474,Sally has \( \frac{2}{3} \) of a whole cake in the fridge. Robert eats \( \frac{1}{3} \) of this piece. What fraction of the whole cake has Robert eaten? Choose the number sentence that would solve the word problem.,\( \frac{1}{3} \times \frac{2}{3} \),robert ate one third...of the two thirds. therefore the answer is b,True_Neither,
26864,33474,Sally has \( \frac{2}{3} \) of a whole cake in the fridge. Robert eats \( \frac{1}{3} \) of this piece. What fraction of the whole cake has Robert eaten? Choose the number sentence that would solve the word problem.,\( \frac{1}{3} \times \frac{2}{3} \),"robert eats 1/3 of 2/3 of a cake. the ""of"" means times so the number sentence would be 1/3 x2/3",True_Correct,
26865,33474,Sally has \( \frac{2}{3} \) of a whole cake in the fridge. Robert eats \( \frac{1}{3} \) of this piece. What fraction of the whole cake has Robert eaten? Choose the number sentence that would solve the word problem.,\( \frac{1}{3} \times \frac{2}{3} \),robert eats 1/3 of 2/3 so you have to multiply.,True_Correct,
26866,33474,Sally has \( \frac{2}{3} \) of a whole cake in the fridge. Robert eats \( \frac{1}{3} \) of this piece. What fraction of the whole cake has Robert eaten? Choose the number sentence that would solve the word problem.,\( \frac{1}{3} \times \frac{2}{3} \),robert eats 1/3 of 2/3 which is 1/3 times 2 1/3.,True_Correct,
26867,33474,Sally has \( \frac{2}{3} \) of a whole cake in the fridge. Robert eats \( \frac{1}{3} \) of this piece. What fraction of the whole cake has Robert eaten? Choose the number sentence that would solve the word problem.,\( \frac{1}{3} \times \frac{2}{3} \),robert eats 1/3 of 2/3 which is 1/3 times 2/3.,True_Correct,
26868,33474,Sally has \( \frac{2}{3} \) of a whole cake in the fridge. Robert eats \( \frac{1}{3} \) of this piece. What fraction of the whole cake has Robert eaten? Choose the number sentence that would solve the word problem.,\( \frac{1}{3} \times \frac{2}{3} \),robert eats 1/3 of the 2/3 and in this equation of means times so 1/3 times 2/3 is the answer.,True_Correct,
26869,33474,Sally has \( \frac{2}{3} \) of a whole cake in the fridge. Robert eats \( \frac{1}{3} \) of this piece. What fraction of the whole cake has Robert eaten? Choose the number sentence that would solve the word problem.,\( \frac{1}{3} \times \frac{2}{3} \),robert eats 1/3 of the 2/3 so it's (1/3)x2/3,True_Correct,
26870,33474,Sally has \( \frac{2}{3} \) of a whole cake in the fridge. Robert eats \( \frac{1}{3} \) of this piece. What fraction of the whole cake has Robert eaten? Choose the number sentence that would solve the word problem.,\( \frac{1}{3} \times \frac{2}{3} \),robert eats 1/3 of the 2/3 so it's 1/3x2/3,True_Correct,
26871,33474,Sally has \( \frac{2}{3} \) of a whole cake in the fridge. Robert eats \( \frac{1}{3} \) of this piece. What fraction of the whole cake has Robert eaten? Choose the number sentence that would solve the word problem.,\( \frac{1}{3} \times \frac{2}{3} \),robert eats 1/3 of the 2/3 which means the number sentence would have to be 1/3 x 2/3,True_Correct,
26872,33474,Sally has \( \frac{2}{3} \) of a whole cake in the fridge. Robert eats \( \frac{1}{3} \) of this piece. What fraction of the whole cake has Robert eaten? Choose the number sentence that would solve the word problem.,\( \frac{1}{3} \times \frac{2}{3} \),robert eats 1/3 of the leftover 1/3 so 1/3 x 2/3 is the calculation.,True_Correct,
26873,33474,Sally has \( \frac{2}{3} \) of a whole cake in the fridge. Robert eats \( \frac{1}{3} \) of this piece. What fraction of the whole cake has Robert eaten? Choose the number sentence that would solve the word problem.,\( \frac{1}{3} \times \frac{2}{3} \),robert eats 1/3 of the leftover 2/3 so 1/3 x 2/3 is the calculation,True_Correct,
26874,33474,Sally has \( \frac{2}{3} \) of a whole cake in the fridge. Robert eats \( \frac{1}{3} \) of this piece. What fraction of the whole cake has Robert eaten? Choose the number sentence that would solve the word problem.,\( \frac{1}{3} \times \frac{2}{3} \),robert has eaten 1/3 of the 2/3 and ‘of’ can be expressed as ‘times’ so the number sentence is 1/3x2/3.,True_Correct,
26875,33474,Sally has \( \frac{2}{3} \) of a whole cake in the fridge. Robert eats \( \frac{1}{3} \) of this piece. What fraction of the whole cake has Robert eaten? Choose the number sentence that would solve the word problem.,\( \frac{1}{3} \times \frac{2}{3} \),robert has eaten 1/4 of the whole cake 1/3x2/3=1/4,True_Neither,
26876,33474,Sally has \( \frac{2}{3} \) of a whole cake in the fridge. Robert eats \( \frac{1}{3} \) of this piece. What fraction of the whole cake has Robert eaten? Choose the number sentence that would solve the word problem.,\( \frac{1}{3} \times \frac{2}{3} \),robert has eaten 1/4 of the whole cake and 1/3x2/3=1/4,True_Neither,
26877,33474,Sally has \( \frac{2}{3} \) of a whole cake in the fridge. Robert eats \( \frac{1}{3} \) of this piece. What fraction of the whole cake has Robert eaten? Choose the number sentence that would solve the word problem.,\( \frac{1}{3} \times \frac{2}{3} \),robert has eaten 2/9 of the whole cake.,True_Correct,
26878,33474,Sally has \( \frac{2}{3} \) of a whole cake in the fridge. Robert eats \( \frac{1}{3} \) of this piece. What fraction of the whole cake has Robert eaten? Choose the number sentence that would solve the word problem.,\( \frac{1}{3} \times \frac{2}{3} \),robert has eaten a third of 2/3rds so that is 2/9,True_Correct,
26879,33474,Sally has \( \frac{2}{3} \) of a whole cake in the fridge. Robert eats \( \frac{1}{3} \) of this piece. What fraction of the whole cake has Robert eaten? Choose the number sentence that would solve the word problem.,\( \frac{1}{3} \times \frac{2}{3} \),robert is eating 1/3 of 2/3. that's 1/3x2/3,True_Correct,
26880,33474,Sally has \( \frac{2}{3} \) of a whole cake in the fridge. Robert eats \( \frac{1}{3} \) of this piece. What fraction of the whole cake has Robert eaten? Choose the number sentence that would solve the word problem.,\( \frac{1}{3} \times \frac{2}{3} \),robert is eating a 1/3 of 2/3 meaning you need to multiply the two fractions together,True_Correct,
26881,33474,Sally has \( \frac{2}{3} \) of a whole cake in the fridge. Robert eats \( \frac{1}{3} \) of this piece. What fraction of the whole cake has Robert eaten? Choose the number sentence that would solve the word problem.,\( \frac{1}{3} \times \frac{2}{3} \),robertt ate 1/3 of the leftover 2/3 of a cake. therefore the answer is 1/3 times 2 1/3.,True_Correct,
26882,33474,Sally has \( \frac{2}{3} \) of a whole cake in the fridge. Robert eats \( \frac{1}{3} \) of this piece. What fraction of the whole cake has Robert eaten? Choose the number sentence that would solve the word problem.,\( \frac{1}{3} \times \frac{2}{3} \),sally eats 2 / 3 of a whole cake so 2 3 x 1 3 = 2 1 %,True_Neither,
26883,33474,Sally has \( \frac{2}{3} \) of a whole cake in the fridge. Robert eats \( \frac{1}{3} \) of this piece. What fraction of the whole cake has Robert eaten? Choose the number sentence that would solve the word problem.,\( \frac{1}{3} \times \frac{2}{3} \),sally has a lot at first then it shows how much robert ate,True_Neither,
26884,33474,Sally has \( \frac{2}{3} \) of a whole cake in the fridge. Robert eats \( \frac{1}{3} \) of this piece. What fraction of the whole cake has Robert eaten? Choose the number sentence that would solve the word problem.,\( \frac{1}{3} \times \frac{2}{3} \),sally's piece of cake is 2/3. 1/3 of 2/3 is the same as 1/3x2/3,True_Correct,
26885,33474,Sally has \( \frac{2}{3} \) of a whole cake in the fridge. Robert eats \( \frac{1}{3} \) of this piece. What fraction of the whole cake has Robert eaten? Choose the number sentence that would solve the word problem.,\( \frac{1}{3} \times \frac{2}{3} \),she has 2/3 and he eats 1/3 of 2/3 so 1/3 x 2/3 = 2/9,True_Correct,
26886,33474,Sally has \( \frac{2}{3} \) of a whole cake in the fridge. Robert eats \( \frac{1}{3} \) of this piece. What fraction of the whole cake has Robert eaten? Choose the number sentence that would solve the word problem.,\( \frac{1}{3} \times \frac{2}{3} \),since there is no a whole cake in the fridge. we must find 1/3 of the cake.,True_Neither,
26887,33474,Sally has \( \frac{2}{3} \) of a whole cake in the fridge. Robert eats \( \frac{1}{3} \) of this piece. What fraction of the whole cake has Robert eaten? Choose the number sentence that would solve the word problem.,\( \frac{1}{3} \times \frac{2}{3} \),since you need to find a fraction within b since you want to make it multiplication.,True_Correct,
26888,33474,Sally has \( \frac{2}{3} \) of a whole cake in the fridge. Robert eats \( \frac{1}{3} \) of this piece. What fraction of the whole cake has Robert eaten? Choose the number sentence that would solve the word problem.,\( \frac{1}{3} \times \frac{2}{3} \),"sincr there isn't a whole cake in the fridge, we need to find 1 / 3 of the cake.",True_Neither,
26889,33474,Sally has \( \frac{2}{3} \) of a whole cake in the fridge. Robert eats \( \frac{1}{3} \) of this piece. What fraction of the whole cake has Robert eaten? Choose the number sentence that would solve the word problem.,\( \frac{1}{3} \times \frac{2}{3} \),so i found out which one makes this answer and it is 2 out of 6.,True_Neither,
26890,33474,Sally has \( \frac{2}{3} \) of a whole cake in the fridge. Robert eats \( \frac{1}{3} \) of this piece. What fraction of the whole cake has Robert eaten? Choose the number sentence that would solve the word problem.,\( \frac{1}{3} \times \frac{2}{3} \),so the bottom of the fraction is 6 and the same to the top =2.,True_Neither,
26891,33474,Sally has \( \frac{2}{3} \) of a whole cake in the fridge. Robert eats \( \frac{1}{3} \) of this piece. What fraction of the whole cake has Robert eaten? Choose the number sentence that would solve the word problem.,\( \frac{1}{3} \times \frac{2}{3} \),so when you times by the third you get 1/3 of the number you timed it by.,True_Correct,
26892,33474,Sally has \( \frac{2}{3} \) of a whole cake in the fridge. Robert eats \( \frac{1}{3} \) of this piece. What fraction of the whole cake has Robert eaten? Choose the number sentence that would solve the word problem.,\( \frac{1}{3} \times \frac{2}{3} \),"so, youu need to work out how many pieces there are.",True_Neither,
26893,33474,Sally has \( \frac{2}{3} \) of a whole cake in the fridge. Robert eats \( \frac{1}{3} \) of this piece. What fraction of the whole cake has Robert eaten? Choose the number sentence that would solve the word problem.,\( \frac{1}{3} \times \frac{2}{3} \),take what is eaten and multiply by what was there,True_Correct,
26894,33474,Sally has \( \frac{2}{3} \) of a whole cake in the fridge. Robert eats \( \frac{1}{3} \) of this piece. What fraction of the whole cake has Robert eaten? Choose the number sentence that would solve the word problem.,\( \frac{1}{3} \times \frac{2}{3} \),that is how i wouldd do it.,True_Neither,
26895,33474,Sally has \( \frac{2}{3} \) of a whole cake in the fridge. Robert eats \( \frac{1}{3} \) of this piece. What fraction of the whole cake has Robert eaten? Choose the number sentence that would solve the word problem.,\( \frac{1}{3} \times \frac{2}{3} \),the answer is 2/6 so i found out which one makes this answer,True_Neither,
26896,33474,Sally has \( \frac{2}{3} \) of a whole cake in the fridge. Robert eats \( \frac{1}{3} \) of this piece. What fraction of the whole cake has Robert eaten? Choose the number sentence that would solve the word problem.,\( \frac{1}{3} \times \frac{2}{3} \),the answer is b because i eliminated all of the other options,True_Neither,
26897,33474,Sally has \( \frac{2}{3} \) of a whole cake in the fridge. Robert eats \( \frac{1}{3} \) of this piece. What fraction of the whole cake has Robert eaten? Choose the number sentence that would solve the word problem.,\( \frac{1}{3} \times \frac{2}{3} \),the answer is b because if roberts eaten 1/3 you would need to multiply,True_Correct,
26898,33474,Sally has \( \frac{2}{3} \) of a whole cake in the fridge. Robert eats \( \frac{1}{3} \) of this piece. What fraction of the whole cake has Robert eaten? Choose the number sentence that would solve the word problem.,\( \frac{1}{3} \times \frac{2}{3} \),the answer should be 2/9 because what i did was 2/3 x 1/3 which is the same as b.,True_Correct,
26899,33474,Sally has \( \frac{2}{3} \) of a whole cake in the fridge. Robert eats \( \frac{1}{3} \) of this piece. What fraction of the whole cake has Robert eaten? Choose the number sentence that would solve the word problem.,\( \frac{1}{3} \times \frac{2}{3} \),the cake is 2 / 3 and he ate 1/3 of that so 2 3* 1/3 = 1/3.,True_Neither,
26900,33474,Sally has \( \frac{2}{3} \) of a whole cake in the fridge. Robert eats \( \frac{1}{3} \) of this piece. What fraction of the whole cake has Robert eaten? Choose the number sentence that would solve the word problem.,\( \frac{1}{3} \times \frac{2}{3} \),"the fact that it equals 2/9 process of elimination, also the factor that",True_Correct,
26901,33474,Sally has \( \frac{2}{3} \) of a whole cake in the fridge. Robert eats \( \frac{1}{3} \) of this piece. What fraction of the whole cake has Robert eaten? Choose the number sentence that would solve the word problem.,\( \frac{1}{3} \times \frac{2}{3} \),"the keyword in this question is the word of, which means multiply, so, it is 2/3 x 1/3",True_Correct,
26902,33474,Sally has \( \frac{2}{3} \) of a whole cake in the fridge. Robert eats \( \frac{1}{3} \) of this piece. What fraction of the whole cake has Robert eaten? Choose the number sentence that would solve the word problem.,\( \frac{1}{3} \times \frac{2}{3} \),the other answers don't make as much sense as the other answers do.,True_Neither,
26903,33474,Sally has \( \frac{2}{3} \) of a whole cake in the fridge. Robert eats \( \frac{1}{3} \) of this piece. What fraction of the whole cake has Robert eaten? Choose the number sentence that would solve the word problem.,\( \frac{1}{3} \times \frac{2}{3} \),the others do not make sense.,True_Neither,
26904,33474,Sally has \( \frac{2}{3} \) of a whole cake in the fridge. Robert eats \( \frac{1}{3} \) of this piece. What fraction of the whole cake has Robert eaten? Choose the number sentence that would solve the word problem.,\( \frac{1}{3} \times \frac{2}{3} \),the question is asking 1/3 of 2/3 which is the same as 1/3 x 2/3.,True_Correct,
26905,33474,Sally has \( \frac{2}{3} \) of a whole cake in the fridge. Robert eats \( \frac{1}{3} \) of this piece. What fraction of the whole cake has Robert eaten? Choose the number sentence that would solve the word problem.,\( \frac{1}{3} \times \frac{2}{3} \),the remaining is 1/3 so i found a sequence that makes 1/3,True_Neither,
26906,33474,Sally has \( \frac{2}{3} \) of a whole cake in the fridge. Robert eats \( \frac{1}{3} \) of this piece. What fraction of the whole cake has Robert eaten? Choose the number sentence that would solve the word problem.,\( \frac{1}{3} \times \frac{2}{3} \),the remaining is 1/3 so i found a sequence that makes 1/3,True_Neither,
26907,33474,Sally has \( \frac{2}{3} \) of a whole cake in the fridge. Robert eats \( \frac{1}{3} \) of this piece. What fraction of the whole cake has Robert eaten? Choose the number sentence that would solve the word problem.,\( \frac{1}{3} \times \frac{2}{3} \),the second option is correct as the question is telling you to find 1/3 of 2/3 which is the same as 1/3 x 2 1/3.,True_Correct,
26908,33474,Sally has \( \frac{2}{3} \) of a whole cake in the fridge. Robert eats \( \frac{1}{3} \) of this piece. What fraction of the whole cake has Robert eaten? Choose the number sentence that would solve the word problem.,\( \frac{1}{3} \times \frac{2}{3} \),thee question is asking 1/3 of 2 1/3 which is the same as 1/3 x 2/3.,True_Correct,
26909,33474,Sally has \( \frac{2}{3} \) of a whole cake in the fridge. Robert eats \( \frac{1}{3} \) of this piece. What fraction of the whole cake has Robert eaten? Choose the number sentence that would solve the word problem.,\( \frac{1}{3} \times \frac{2}{3} \),there is 2/3 in the fridge and if robert eats 1/3 then you have to multiply it as it says of.,True_Correct,
26910,33474,Sally has \( \frac{2}{3} \) of a whole cake in the fridge. Robert eats \( \frac{1}{3} \) of this piece. What fraction of the whole cake has Robert eaten? Choose the number sentence that would solve the word problem.,\( \frac{1}{3} \times \frac{2}{3} \),"there is 2/3 of a cake, robert has 1/3 of that, therefore it is 2/3x1/3",True_Correct,
26911,33474,Sally has \( \frac{2}{3} \) of a whole cake in the fridge. Robert eats \( \frac{1}{3} \) of this piece. What fraction of the whole cake has Robert eaten? Choose the number sentence that would solve the word problem.,\( \frac{1}{3} \times \frac{2}{3} \),this because multiplying by 1/3 is the same as dividing by 3.,True_Neither,
26912,33474,Sally has \( \frac{2}{3} \) of a whole cake in the fridge. Robert eats \( \frac{1}{3} \) of this piece. What fraction of the whole cake has Robert eaten? Choose the number sentence that would solve the word problem.,\( \frac{1}{3} \times \frac{2}{3} \),this is because 3 nines is the same as 1 third and that is how the answer is 3b.,True_Neither,
26913,33474,Sally has \( \frac{2}{3} \) of a whole cake in the fridge. Robert eats \( \frac{1}{3} \) of this piece. What fraction of the whole cake has Robert eaten? Choose the number sentence that would solve the word problem.,\( \frac{1}{3} \times \frac{2}{3} \),this is because he eats 1/3 of the 2/3.,True_Correct,
26914,33474,Sally has \( \frac{2}{3} \) of a whole cake in the fridge. Robert eats \( \frac{1}{3} \) of this piece. What fraction of the whole cake has Robert eaten? Choose the number sentence that would solve the word problem.,\( \frac{1}{3} \times \frac{2}{3} \),this is because he eats 1/3 of the 2/3.,True_Correct,
26915,33474,Sally has \( \frac{2}{3} \) of a whole cake in the fridge. Robert eats \( \frac{1}{3} \) of this piece. What fraction of the whole cake has Robert eaten? Choose the number sentence that would solve the word problem.,\( \frac{1}{3} \times \frac{2}{3} \),this is because of means times so obviously whatever numbers there is in the sum wich gives me my answer,True_Correct,
26916,33474,Sally has \( \frac{2}{3} \) of a whole cake in the fridge. Robert eats \( \frac{1}{3} \) of this piece. What fraction of the whole cake has Robert eaten? Choose the number sentence that would solve the word problem.,\( \frac{1}{3} \times \frac{2}{3} \),"this is because of the 2/3s of the cake, robert eats 1/3 of it. '0f' means times.",True_Correct,
26917,33474,Sally has \( \frac{2}{3} \) of a whole cake in the fridge. Robert eats \( \frac{1}{3} \) of this piece. What fraction of the whole cake has Robert eaten? Choose the number sentence that would solve the word problem.,\( \frac{1}{3} \times \frac{2}{3} \),this is because this calvulation basically means 1/3 of 2/3 which is equal to 1/3.,True_Neither,
26918,33474,Sally has \( \frac{2}{3} \) of a whole cake in the fridge. Robert eats \( \frac{1}{3} \) of this piece. What fraction of the whole cake has Robert eaten? Choose the number sentence that would solve the word problem.,\( \frac{1}{3} \times \frac{2}{3} \),this is because you have one third of two thirds,True_Correct,
26919,33474,Sally has \( \frac{2}{3} \) of a whole cake in the fridge. Robert eats \( \frac{1}{3} \) of this piece. What fraction of the whole cake has Robert eaten? Choose the number sentence that would solve the word problem.,\( \frac{1}{3} \times \frac{2}{3} \),this is how i would do it.,True_Neither,
26920,33474,Sally has \( \frac{2}{3} \) of a whole cake in the fridge. Robert eats \( \frac{1}{3} \) of this piece. What fraction of the whole cake has Robert eaten? Choose the number sentence that would solve the word problem.,\( \frac{1}{3} \times \frac{2}{3} \),this is the answer because the whole is out 3rds so if,True_Neither,
26921,33474,Sally has \( \frac{2}{3} \) of a whole cake in the fridge. Robert eats \( \frac{1}{3} \) of this piece. What fraction of the whole cake has Robert eaten? Choose the number sentence that would solve the word problem.,\( \frac{1}{3} \times \frac{2}{3} \),this is the most logical answer,True_Neither,
26922,33474,Sally has \( \frac{2}{3} \) of a whole cake in the fridge. Robert eats \( \frac{1}{3} \) of this piece. What fraction of the whole cake has Robert eaten? Choose the number sentence that would solve the word problem.,\( \frac{1}{3} \times \frac{2}{3} \),this is the only logical explanation.,True_Neither,
26923,33474,Sally has \( \frac{2}{3} \) of a whole cake in the fridge. Robert eats \( \frac{1}{3} \) of this piece. What fraction of the whole cake has Robert eaten? Choose the number sentence that would solve the word problem.,\( \frac{1}{3} \times \frac{2}{3} \),this is what i would do,True_Neither,
26924,33474,Sally has \( \frac{2}{3} \) of a whole cake in the fridge. Robert eats \( \frac{1}{3} \) of this piece. What fraction of the whole cake has Robert eaten? Choose the number sentence that would solve the word problem.,\( \frac{1}{3} \times \frac{2}{3} \),this is whatt i would do if i were you.,True_Neither,
26925,33474,Sally has \( \frac{2}{3} \) of a whole cake in the fridge. Robert eats \( \frac{1}{3} \) of this piece. What fraction of the whole cake has Robert eaten? Choose the number sentence that would solve the word problem.,\( \frac{1}{3} \times \frac{2}{3} \),this one is right because it is the same as 2/3x1/3 just hidden in a word sentence.,True_Correct,
26926,33474,Sally has \( \frac{2}{3} \) of a whole cake in the fridge. Robert eats \( \frac{1}{3} \) of this piece. What fraction of the whole cake has Robert eaten? Choose the number sentence that would solve the word problem.,\( \frac{1}{3} \times \frac{2}{3} \),this takes one third out of the 2/3 portion which is 2/9,True_Correct,
26927,33474,Sally has \( \frac{2}{3} \) of a whole cake in the fridge. Robert eats \( \frac{1}{3} \) of this piece. What fraction of the whole cake has Robert eaten? Choose the number sentence that would solve the word problem.,\( \frac{1}{3} \times \frac{2}{3} \),this would find you 1/3 of 2/3,True_Correct,
26928,33474,Sally has \( \frac{2}{3} \) of a whole cake in the fridge. Robert eats \( \frac{1}{3} \) of this piece. What fraction of the whole cake has Robert eaten? Choose the number sentence that would solve the word problem.,\( \frac{1}{3} \times \frac{2}{3} \),times (x) times so it must be times,True_Neither,
26929,33474,Sally has \( \frac{2}{3} \) of a whole cake in the fridge. Robert eats \( \frac{1}{3} \) of this piece. What fraction of the whole cake has Robert eaten? Choose the number sentence that would solve the word problem.,\( \frac{1}{3} \times \frac{2}{3} \),times by,True_Neither,
26930,33474,Sally has \( \frac{2}{3} \) of a whole cake in the fridge. Robert eats \( \frac{1}{3} \) of this piece. What fraction of the whole cake has Robert eaten? Choose the number sentence that would solve the word problem.,\( \frac{1}{3} \times \frac{2}{3} \),times it to grt the right answer,True_Correct,
26931,33474,Sally has \( \frac{2}{3} \) of a whole cake in the fridge. Robert eats \( \frac{1}{3} \) of this piece. What fraction of the whole cake has Robert eaten? Choose the number sentence that would solve the word problem.,\( \frac{1}{3} \times \frac{2}{3} \),times them to get the answer,True_Neither,
26932,33474,Sally has \( \frac{2}{3} \) of a whole cake in the fridge. Robert eats \( \frac{1}{3} \) of this piece. What fraction of the whole cake has Robert eaten? Choose the number sentence that would solve the word problem.,\( \frac{1}{3} \times \frac{2}{3} \),to find a fraction of a fraction you times them both together.,True_Correct,
26933,33474,Sally has \( \frac{2}{3} \) of a whole cake in the fridge. Robert eats \( \frac{1}{3} \) of this piece. What fraction of the whole cake has Robert eaten? Choose the number sentence that would solve the word problem.,\( \frac{1}{3} \times \frac{2}{3} \),to find a fraction of s fraction you times them both together.,True_Correct,
26934,33474,Sally has \( \frac{2}{3} \) of a whole cake in the fridge. Robert eats \( \frac{1}{3} \) of this piece. What fraction of the whole cake has Robert eaten? Choose the number sentence that would solve the word problem.,\( \frac{1}{3} \times \frac{2}{3} \),"to find a fractional amount of a fraction, you multiply both together",True_Correct,
26935,33474,Sally has \( \frac{2}{3} \) of a whole cake in the fridge. Robert eats \( \frac{1}{3} \) of this piece. What fraction of the whole cake has Robert eaten? Choose the number sentence that would solve the word problem.,\( \frac{1}{3} \times \frac{2}{3} \),to find out the way of the whole cake.,True_Neither,
26936,33474,Sally has \( \frac{2}{3} \) of a whole cake in the fridge. Robert eats \( \frac{1}{3} \) of this piece. What fraction of the whole cake has Robert eaten? Choose the number sentence that would solve the word problem.,\( \frac{1}{3} \times \frac{2}{3} \),"to multiply the two values together use the ""of"" meaning * multiply",True_Correct,
26937,33474,Sally has \( \frac{2}{3} \) of a whole cake in the fridge. Robert eats \( \frac{1}{3} \) of this piece. What fraction of the whole cake has Robert eaten? Choose the number sentence that would solve the word problem.,\( \frac{1}{3} \times \frac{2}{3} \),to see howw the cake was made in general.,True_Neither,
26938,33474,Sally has \( \frac{2}{3} \) of a whole cake in the fridge. Robert eats \( \frac{1}{3} \) of this piece. What fraction of the whole cake has Robert eaten? Choose the number sentence that would solve the word problem.,\( \frac{1}{3} \times \frac{2}{3} \),to work out a fraction of another fraction you multiply them together,True_Correct,
26939,33474,Sally has \( \frac{2}{3} \) of a whole cake in the fridge. Robert eats \( \frac{1}{3} \) of this piece. What fraction of the whole cake has Robert eaten? Choose the number sentence that would solve the word problem.,\( \frac{1}{3} \times \frac{2}{3} \),to work out how many peices there are.,True_Neither,
26940,33474,Sally has \( \frac{2}{3} \) of a whole cake in the fridge. Robert eats \( \frac{1}{3} \) of this piece. What fraction of the whole cake has Robert eaten? Choose the number sentence that would solve the word problem.,\( \frac{1}{3} \times \frac{2}{3} \),u find out how much he has eaten by timesing,True_Correct,
26941,33474,Sally has \( \frac{2}{3} \) of a whole cake in the fridge. Robert eats \( \frac{1}{3} \) of this piece. What fraction of the whole cake has Robert eaten? Choose the number sentence that would solve the word problem.,\( \frac{1}{3} \times \frac{2}{3} \),u need to find out how much has been eaten so u need to multiply it?,True_Correct,
26942,33474,Sally has \( \frac{2}{3} \) of a whole cake in the fridge. Robert eats \( \frac{1}{3} \) of this piece. What fraction of the whole cake has Robert eaten? Choose the number sentence that would solve the word problem.,\( \frac{1}{3} \times \frac{2}{3} \),u times to find howmuch he has eaten,True_Correct,
26943,33474,Sally has \( \frac{2}{3} \) of a whole cake in the fridge. Robert eats \( \frac{1}{3} \) of this piece. What fraction of the whole cake has Robert eaten? Choose the number sentence that would solve the word problem.,\( \frac{1}{3} \times \frac{2}{3} \),u times to find howmuch he has eaten.,True_Correct,
26944,33474,Sally has \( \frac{2}{3} \) of a whole cake in the fridge. Robert eats \( \frac{1}{3} \) of this piece. What fraction of the whole cake has Robert eaten? Choose the number sentence that would solve the word problem.,\( \frac{1}{3} \times \frac{2}{3} \),"we are finding 1/3 of 2/3, so this is the right equation that would solve the word problem.",True_Correct,
26945,33474,Sally has \( \frac{2}{3} \) of a whole cake in the fridge. Robert eats \( \frac{1}{3} \) of this piece. What fraction of the whole cake has Robert eaten? Choose the number sentence that would solve the word problem.,\( \frac{1}{3} \times \frac{2}{3} \),we have realized thatt we read the question wrong last time.,True_Neither,
26946,33474,Sally has \( \frac{2}{3} \) of a whole cake in the fridge. Robert eats \( \frac{1}{3} \) of this piece. What fraction of the whole cake has Robert eaten? Choose the number sentence that would solve the word problem.,\( \frac{1}{3} \times \frac{2}{3} \),we have to findd what 1/3 of 2/3 is.,True_Correct,
26947,33474,Sally has \( \frac{2}{3} \) of a whole cake in the fridge. Robert eats \( \frac{1}{3} \) of this piece. What fraction of the whole cake has Robert eaten? Choose the number sentence that would solve the word problem.,\( \frac{1}{3} \times \frac{2}{3} \),we need to multiply because robert is eating 1/3 of the 2/3.,True_Correct,
26948,33474,Sally has \( \frac{2}{3} \) of a whole cake in the fridge. Robert eats \( \frac{1}{3} \) of this piece. What fraction of the whole cake has Robert eaten? Choose the number sentence that would solve the word problem.,\( \frac{1}{3} \times \frac{2}{3} \),we need to multiply because robert is eating 1/3 of the 2/3.,True_Correct,
26949,33474,Sally has \( \frac{2}{3} \) of a whole cake in the fridge. Robert eats \( \frac{1}{3} \) of this piece. What fraction of the whole cake has Robert eaten? Choose the number sentence that would solve the word problem.,\( \frac{1}{3} \times \frac{2}{3} \),we went through this question in class but my memory is not too good so i couldn't remember what we got so i worked it out and i think this one sorry to my teacher if i get this wrong,True_Neither,
26950,33474,Sally has \( \frac{2}{3} \) of a whole cake in the fridge. Robert eats \( \frac{1}{3} \) of this piece. What fraction of the whole cake has Robert eaten? Choose the number sentence that would solve the word problem.,\( \frac{1}{3} \times \frac{2}{3} \),we worked it out in class,True_Neither,
26951,33474,Sally has \( \frac{2}{3} \) of a whole cake in the fridge. Robert eats \( \frac{1}{3} \) of this piece. What fraction of the whole cake has Robert eaten? Choose the number sentence that would solve the word problem.,\( \frac{1}{3} \times \frac{2}{3} \),what i should have done is 2 x 1/3 which is the same as b.,True_Neither,
26952,33474,Sally has \( \frac{2}{3} \) of a whole cake in the fridge. Robert eats \( \frac{1}{3} \) of this piece. What fraction of the whole cake has Robert eaten? Choose the number sentence that would solve the word problem.,\( \frac{1}{3} \times \frac{2}{3} \),"when you multiply fractions, the answer is always smaller.",True_Neither,
26953,33474,Sally has \( \frac{2}{3} \) of a whole cake in the fridge. Robert eats \( \frac{1}{3} \) of this piece. What fraction of the whole cake has Robert eaten? Choose the number sentence that would solve the word problem.,\( \frac{1}{3} \times \frac{2}{3} \),"when you multiply fractions, you're making them smaller and robert is eating a piece of cake that is a lot smaller than sally's so you would need to multiply them.",True_Correct,
26954,33474,Sally has \( \frac{2}{3} \) of a whole cake in the fridge. Robert eats \( \frac{1}{3} \) of this piece. What fraction of the whole cake has Robert eaten? Choose the number sentence that would solve the word problem.,\( \frac{1}{3} \times \frac{2}{3} \),"when you multiply fractions, you're making them smaller, and robert is eating a piece of cake that is notably smaller than sally's cake, so you would meed to multiply them.",True_Correct,
26955,33474,Sally has \( \frac{2}{3} \) of a whole cake in the fridge. Robert eats \( \frac{1}{3} \) of this piece. What fraction of the whole cake has Robert eaten? Choose the number sentence that would solve the word problem.,\( \frac{1}{3} \times \frac{2}{3} \),when you only work out a fractionn of the amount you multiply.,True_Neither,
26956,33474,Sally has \( \frac{2}{3} \) of a whole cake in the fridge. Robert eats \( \frac{1}{3} \) of this piece. What fraction of the whole cake has Robert eaten? Choose the number sentence that would solve the word problem.,\( \frac{1}{3} \times \frac{2}{3} \),"when you see ""of"" it means times by",True_Correct,
26957,33474,Sally has \( \frac{2}{3} \) of a whole cake in the fridge. Robert eats \( \frac{1}{3} \) of this piece. What fraction of the whole cake has Robert eaten? Choose the number sentence that would solve the word problem.,\( \frac{1}{3} \times \frac{2}{3} \),"when you think of 2 1/3 and robert ate 1/3 of it, you wouldn't think it was 2/3 remaining. i had to think about this hard and it made sense to me.",True_Neither,
26958,33474,Sally has \( \frac{2}{3} \) of a whole cake in the fridge. Robert eats \( \frac{1}{3} \) of this piece. What fraction of the whole cake has Robert eaten? Choose the number sentence that would solve the word problem.,\( \frac{1}{3} \times \frac{2}{3} \),when you times by the 1/3 you get 1/3 of the number you timesed it with.,True_Neither,
26959,33474,Sally has \( \frac{2}{3} \) of a whole cake in the fridge. Robert eats \( \frac{1}{3} \) of this piece. What fraction of the whole cake has Robert eaten? Choose the number sentence that would solve the word problem.,\( \frac{1}{3} \times \frac{2}{3} \),when you workout a fraction of an amount you multiply,True_Correct,
26960,33474,Sally has \( \frac{2}{3} \) of a whole cake in the fridge. Robert eats \( \frac{1}{3} \) of this piece. What fraction of the whole cake has Robert eaten? Choose the number sentence that would solve the word problem.,\( \frac{1}{3} \times \frac{2}{3} \),with fractions it is the inverse so where it would be divide it is x,True_Correct,
26961,33474,Sally has \( \frac{2}{3} \) of a whole cake in the fridge. Robert eats \( \frac{1}{3} \) of this piece. What fraction of the whole cake has Robert eaten? Choose the number sentence that would solve the word problem.,\( \frac{1}{3} \times \frac{2}{3} \),you are eating 1/3 of the 2/3,True_Correct,
26962,33474,Sally has \( \frac{2}{3} \) of a whole cake in the fridge. Robert eats \( \frac{1}{3} \) of this piece. What fraction of the whole cake has Robert eaten? Choose the number sentence that would solve the word problem.,\( \frac{1}{3} \times \frac{2}{3} \),you are eating 1/3 of the 2/3.,True_Correct,
26963,33474,Sally has \( \frac{2}{3} \) of a whole cake in the fridge. Robert eats \( \frac{1}{3} \) of this piece. What fraction of the whole cake has Robert eaten? Choose the number sentence that would solve the word problem.,\( \frac{1}{3} \times \frac{2}{3} \),you are working out 1/3 of 2/3. of means times or multiply,True_Correct,
26964,33474,Sally has \( \frac{2}{3} \) of a whole cake in the fridge. Robert eats \( \frac{1}{3} \) of this piece. What fraction of the whole cake has Robert eaten? Choose the number sentence that would solve the word problem.,\( \frac{1}{3} \times \frac{2}{3} \),you are x minus the numbers together to get the correct answer.,True_Neither,
26965,33474,Sally has \( \frac{2}{3} \) of a whole cake in the fridge. Robert eats \( \frac{1}{3} \) of this piece. What fraction of the whole cake has Robert eaten? Choose the number sentence that would solve the word problem.,\( \frac{1}{3} \times \frac{2}{3} \),you are x the numbers together to get the correct answer,True_Correct,
26966,33474,Sally has \( \frac{2}{3} \) of a whole cake in the fridge. Robert eats \( \frac{1}{3} \) of this piece. What fraction of the whole cake has Robert eaten? Choose the number sentence that would solve the word problem.,\( \frac{1}{3} \times \frac{2}{3} \),you can multiply fractions together if they have the same denominator,True_Neither,
26967,33474,Sally has \( \frac{2}{3} \) of a whole cake in the fridge. Robert eats \( \frac{1}{3} \) of this piece. What fraction of the whole cake has Robert eaten? Choose the number sentence that would solve the word problem.,\( \frac{1}{3} \times \frac{2}{3} \),you can multiply to get the answrr and my family helped me with that,True_Neither,
26968,33474,Sally has \( \frac{2}{3} \) of a whole cake in the fridge. Robert eats \( \frac{1}{3} \) of this piece. What fraction of the whole cake has Robert eaten? Choose the number sentence that would solve the word problem.,\( \frac{1}{3} \times \frac{2}{3} \),you do 2/3 x 1/3 which is 2/9.,True_Correct,
26969,33474,Sally has \( \frac{2}{3} \) of a whole cake in the fridge. Robert eats \( \frac{1}{3} \) of this piece. What fraction of the whole cake has Robert eaten? Choose the number sentence that would solve the word problem.,\( \frac{1}{3} \times \frac{2}{3} \),you do 2/3 x 1/4 which is 2/12 or 1/6,True_Neither,
26970,33474,Sally has \( \frac{2}{3} \) of a whole cake in the fridge. Robert eats \( \frac{1}{3} \) of this piece. What fraction of the whole cake has Robert eaten? Choose the number sentence that would solve the word problem.,\( \frac{1}{3} \times \frac{2}{3} \),you find the least common denominator,True_Neither,
26971,33474,Sally has \( \frac{2}{3} \) of a whole cake in the fridge. Robert eats \( \frac{1}{3} \) of this piece. What fraction of the whole cake has Robert eaten? Choose the number sentence that would solve the word problem.,\( \frac{1}{3} \times \frac{2}{3} \),you find the lowest common denominator,True_Neither,
26972,33474,Sally has \( \frac{2}{3} \) of a whole cake in the fridge. Robert eats \( \frac{1}{3} \) of this piece. What fraction of the whole cake has Robert eaten? Choose the number sentence that would solve the word problem.,\( \frac{1}{3} \times \frac{2}{3} \),you have to find out 1/3 of 2/3 and of means x,True_Correct,
26973,33474,Sally has \( \frac{2}{3} \) of a whole cake in the fridge. Robert eats \( \frac{1}{3} \) of this piece. What fraction of the whole cake has Robert eaten? Choose the number sentence that would solve the word problem.,\( \frac{1}{3} \times \frac{2}{3} \),you have to find the common denominator then take away the numerator,True_Misconception,Subtraction
26974,33474,Sally has \( \frac{2}{3} \) of a whole cake in the fridge. Robert eats \( \frac{1}{3} \) of this piece. What fraction of the whole cake has Robert eaten? Choose the number sentence that would solve the word problem.,\( \frac{1}{3} \times \frac{2}{3} \),you have to find the common denominator then takeaway the numerator,True_Neither,
26975,33474,Sally has \( \frac{2}{3} \) of a whole cake in the fridge. Robert eats \( \frac{1}{3} \) of this piece. What fraction of the whole cake has Robert eaten? Choose the number sentence that would solve the word problem.,\( \frac{1}{3} \times \frac{2}{3} \),you have to find the whole cake,True_Neither,
26976,33474,Sally has \( \frac{2}{3} \) of a whole cake in the fridge. Robert eats \( \frac{1}{3} \) of this piece. What fraction of the whole cake has Robert eaten? Choose the number sentence that would solve the word problem.,\( \frac{1}{3} \times \frac{2}{3} \),you have to make the fraction smaller so you x it .,True_Correct,
26977,33474,Sally has \( \frac{2}{3} \) of a whole cake in the fridge. Robert eats \( \frac{1}{3} \) of this piece. What fraction of the whole cake has Robert eaten? Choose the number sentence that would solve the word problem.,\( \frac{1}{3} \times \frac{2}{3} \),you have to times them to get what robert has eaten as 3/9 is the same as 1/3,True_Neither,
26978,33474,Sally has \( \frac{2}{3} \) of a whole cake in the fridge. Robert eats \( \frac{1}{3} \) of this piece. What fraction of the whole cake has Robert eaten? Choose the number sentence that would solve the word problem.,\( \frac{1}{3} \times \frac{2}{3} \),you need to do 1/2 of 2/3 that is the same as 1/3 x 2/3,True_Neither,
26979,33474,Sally has \( \frac{2}{3} \) of a whole cake in the fridge. Robert eats \( \frac{1}{3} \) of this piece. What fraction of the whole cake has Robert eaten? Choose the number sentence that would solve the word problem.,\( \frac{1}{3} \times \frac{2}{3} \),"you need to find out how much has been eaten, then you need double it?",True_Neither,
26980,33474,Sally has \( \frac{2}{3} \) of a whole cake in the fridge. Robert eats \( \frac{1}{3} \) of this piece. What fraction of the whole cake has Robert eaten? Choose the number sentence that would solve the word problem.,\( \frac{1}{3} \times \frac{2}{3} \),you need to times it as he is having 1/3 of 2/3,True_Correct,
26981,33474,Sally has \( \frac{2}{3} \) of a whole cake in the fridge. Robert eats \( \frac{1}{3} \) of this piece. What fraction of the whole cake has Robert eaten? Choose the number sentence that would solve the word problem.,\( \frac{1}{3} \times \frac{2}{3} \),you need to work out a third of two thirds. you do this by multiplying them together.,True_Correct,
26982,33474,Sally has \( \frac{2}{3} \) of a whole cake in the fridge. Robert eats \( \frac{1}{3} \) of this piece. What fraction of the whole cake has Robert eaten? Choose the number sentence that would solve the word problem.,\( \frac{1}{3} \times \frac{2}{3} \),you times 2/3 by the 1/3 that was eaten,True_Correct,
26983,33474,Sally has \( \frac{2}{3} \) of a whole cake in the fridge. Robert eats \( \frac{1}{3} \) of this piece. What fraction of the whole cake has Robert eaten? Choose the number sentence that would solve the word problem.,\( \frac{1}{3} \times \frac{2}{3} \),you times them and you get 2/9. as a fraction of the whole cake.,True_Correct,
26984,33474,Sally has \( \frac{2}{3} \) of a whole cake in the fridge. Robert eats \( \frac{1}{3} \) of this piece. What fraction of the whole cake has Robert eaten? Choose the number sentence that would solve the word problem.,\( \frac{1}{3} \times \frac{2}{3} \),you times them together to get the answer,True_Correct,
26985,33474,Sally has \( \frac{2}{3} \) of a whole cake in the fridge. Robert eats \( \frac{1}{3} \) of this piece. What fraction of the whole cake has Robert eaten? Choose the number sentence that would solve the word problem.,\( \frac{1}{3} \times \frac{2}{3} \),you're finding out 1/3 of the 2/3 he is given,True_Correct,
26986,33474,Sally has \( \frac{2}{3} \) of a whole cake in the fridge. Robert eats \( \frac{1}{3} \) of this piece. What fraction of the whole cake has Robert eaten? Choose the number sentence that would solve the word problem.,\( \frac{1}{3}+\frac{2}{3} \),"1/3 + 2/3 is the number sequence in the text above, if you add the two fractions together you would get the answer of 3/3",False_Neither,
26987,33474,Sally has \( \frac{2}{3} \) of a whole cake in the fridge. Robert eats \( \frac{1}{3} \) of this piece. What fraction of the whole cake has Robert eaten? Choose the number sentence that would solve the word problem.,\( \frac{1}{3}+\frac{2}{3} \),2/3 + 1/3 = 3/3 which is the whole cake,False_Neither,
26988,33474,Sally has \( \frac{2}{3} \) of a whole cake in the fridge. Robert eats \( \frac{1}{3} \) of this piece. What fraction of the whole cake has Robert eaten? Choose the number sentence that would solve the word problem.,\( \frac{1}{3}+\frac{2}{3} \),3/3 because they both have 3 as the denominater then all u need to do is add the numeraters so 1 at 2 equals 3,False_Neither,
26989,33474,Sally has \( \frac{2}{3} \) of a whole cake in the fridge. Robert eats \( \frac{1}{3} \) of this piece. What fraction of the whole cake has Robert eaten? Choose the number sentence that would solve the word problem.,\( \frac{1}{3}+\frac{2}{3} \),3/3 is a whole so 1/3 add 2/3 is 3/3,False_Neither,
26990,33474,Sally has \( \frac{2}{3} \) of a whole cake in the fridge. Robert eats \( \frac{1}{3} \) of this piece. What fraction of the whole cake has Robert eaten? Choose the number sentence that would solve the word problem.,\( \frac{1}{3}+\frac{2}{3} \),a because that is the only solution to the sum.,False_Neither,
26991,33474,Sally has \( \frac{2}{3} \) of a whole cake in the fridge. Robert eats \( \frac{1}{3} \) of this piece. What fraction of the whole cake has Robert eaten? Choose the number sentence that would solve the word problem.,\( \frac{1}{3}+\frac{2}{3} \),add them together to get one fraction,False_Neither,
26992,33474,Sally has \( \frac{2}{3} \) of a whole cake in the fridge. Robert eats \( \frac{1}{3} \) of this piece. What fraction of the whole cake has Robert eaten? Choose the number sentence that would solve the word problem.,\( \frac{1}{3}+\frac{2}{3} \),because 1/3 plus 2/3 is 3/3 and the others like 1/3 times 2/3 is higher or lower,False_Neither,
26993,33474,Sally has \( \frac{2}{3} \) of a whole cake in the fridge. Robert eats \( \frac{1}{3} \) of this piece. What fraction of the whole cake has Robert eaten? Choose the number sentence that would solve the word problem.,\( \frac{1}{3}+\frac{2}{3} \),because 2/3 of the cake has gone plus another 1/3,False_Neither,
26994,33474,Sally has \( \frac{2}{3} \) of a whole cake in the fridge. Robert eats \( \frac{1}{3} \) of this piece. What fraction of the whole cake has Robert eaten? Choose the number sentence that would solve the word problem.,\( \frac{1}{3}+\frac{2}{3} \),because add the together you get 1 whole and times you get 2/9,False_Neither,
26995,33474,Sally has \( \frac{2}{3} \) of a whole cake in the fridge. Robert eats \( \frac{1}{3} \) of this piece. What fraction of the whole cake has Robert eaten? Choose the number sentence that would solve the word problem.,\( \frac{1}{3}+\frac{2}{3} \),because i added them up and it had what i thought it would be in my head,False_Neither,
26996,33474,Sally has \( \frac{2}{3} \) of a whole cake in the fridge. Robert eats \( \frac{1}{3} \) of this piece. What fraction of the whole cake has Robert eaten? Choose the number sentence that would solve the word problem.,\( \frac{1}{3}+\frac{2}{3} \),because if you add them together it would = the same,False_Neither,
26997,33474,Sally has \( \frac{2}{3} \) of a whole cake in the fridge. Robert eats \( \frac{1}{3} \) of this piece. What fraction of the whole cake has Robert eaten? Choose the number sentence that would solve the word problem.,\( \frac{1}{3}+\frac{2}{3} \),because if you do the calculation you get a whole and together they both ate a whole cake,False_Neither,
26998,33474,Sally has \( \frac{2}{3} \) of a whole cake in the fridge. Robert eats \( \frac{1}{3} \) of this piece. What fraction of the whole cake has Robert eaten? Choose the number sentence that would solve the word problem.,\( \frac{1}{3}+\frac{2}{3} \),because it gives you 3/3 which is a whole number of the cake.,False_Neither,
26999,33474,Sally has \( \frac{2}{3} \) of a whole cake in the fridge. Robert eats \( \frac{1}{3} \) of this piece. What fraction of the whole cake has Robert eaten? Choose the number sentence that would solve the word problem.,\( \frac{1}{3}+\frac{2}{3} \),because it tells you how much the whole cake was then take 1/3 from that witch was 2/3,False_Misconception,Subtraction
27000,33474,Sally has \( \frac{2}{3} \) of a whole cake in the fridge. Robert eats \( \frac{1}{3} \) of this piece. What fraction of the whole cake has Robert eaten? Choose the number sentence that would solve the word problem.,\( \frac{1}{3}+\frac{2}{3} \),because it will show how much fraction of the cake was eaten by robert,False_Neither,
27001,33474,Sally has \( \frac{2}{3} \) of a whole cake in the fridge. Robert eats \( \frac{1}{3} \) of this piece. What fraction of the whole cake has Robert eaten? Choose the number sentence that would solve the word problem.,\( \frac{1}{3}+\frac{2}{3} \),because robert eats 1/3 of the whole cake not if the left overs,False_Neither,
27002,33474,Sally has \( \frac{2}{3} \) of a whole cake in the fridge. Robert eats \( \frac{1}{3} \) of this piece. What fraction of the whole cake has Robert eaten? Choose the number sentence that would solve the word problem.,\( \frac{1}{3}+\frac{2}{3} \),because she already ate some so thats gone and then robert eats the leftover so your adding,False_Neither,
27003,33474,Sally has \( \frac{2}{3} \) of a whole cake in the fridge. Robert eats \( \frac{1}{3} \) of this piece. What fraction of the whole cake has Robert eaten? Choose the number sentence that would solve the word problem.,\( \frac{1}{3}+\frac{2}{3} \),because that is the fraction he has eaten and the other bit they have eaten,False_Neither,
27004,33474,Sally has \( \frac{2}{3} \) of a whole cake in the fridge. Robert eats \( \frac{1}{3} \) of this piece. What fraction of the whole cake has Robert eaten? Choose the number sentence that would solve the word problem.,\( \frac{1}{3}+\frac{2}{3} \),because the 2 fractions together you would need to see what they total,False_Neither,
27005,33474,Sally has \( \frac{2}{3} \) of a whole cake in the fridge. Robert eats \( \frac{1}{3} \) of this piece. What fraction of the whole cake has Robert eaten? Choose the number sentence that would solve the word problem.,\( \frac{1}{3}+\frac{2}{3} \),because they already took away 1/3 so if there adding 2/3 and 1/3 together,False_Neither,
27006,33474,Sally has \( \frac{2}{3} \) of a whole cake in the fridge. Robert eats \( \frac{1}{3} \) of this piece. What fraction of the whole cake has Robert eaten? Choose the number sentence that would solve the word problem.,\( \frac{1}{3}+\frac{2}{3} \),"because you add them together, then take them away from the amount there was",False_Neither,
27007,33474,Sally has \( \frac{2}{3} \) of a whole cake in the fridge. Robert eats \( \frac{1}{3} \) of this piece. What fraction of the whole cake has Robert eaten? Choose the number sentence that would solve the word problem.,\( \frac{1}{3}+\frac{2}{3} \),because you are adding the fractions together to get both of the fractions of the cake and how much he has eaten. which is 3/3.,False_Neither,
27008,33474,Sally has \( \frac{2}{3} \) of a whole cake in the fridge. Robert eats \( \frac{1}{3} \) of this piece. What fraction of the whole cake has Robert eaten? Choose the number sentence that would solve the word problem.,\( \frac{1}{3}+\frac{2}{3} \),because you dont add the denominator and you only add the numerator so the answer is 3/3,False_Neither,
27009,33474,Sally has \( \frac{2}{3} \) of a whole cake in the fridge. Robert eats \( \frac{1}{3} \) of this piece. What fraction of the whole cake has Robert eaten? Choose the number sentence that would solve the word problem.,\( \frac{1}{3}+\frac{2}{3} \),because you have to add the two fractions together,False_Neither,
27010,33474,Sally has \( \frac{2}{3} \) of a whole cake in the fridge. Robert eats \( \frac{1}{3} \) of this piece. What fraction of the whole cake has Robert eaten? Choose the number sentence that would solve the word problem.,\( \frac{1}{3}+\frac{2}{3} \),because you need to find the answer that way,False_Neither,
27011,33474,Sally has \( \frac{2}{3} \) of a whole cake in the fridge. Robert eats \( \frac{1}{3} \) of this piece. What fraction of the whole cake has Robert eaten? Choose the number sentence that would solve the word problem.,\( \frac{1}{3}+\frac{2}{3} \),"by adding these fractions, you would find what you were left with, this is the fraction of the whole cake he ate",False_Neither,
27012,33474,Sally has \( \frac{2}{3} \) of a whole cake in the fridge. Robert eats \( \frac{1}{3} \) of this piece. What fraction of the whole cake has Robert eaten? Choose the number sentence that would solve the word problem.,\( \frac{1}{3}+\frac{2}{3} \),cause if you do 2 take away 1 it = answer1,False_Misconception,Subtraction
27013,33474,Sally has \( \frac{2}{3} \) of a whole cake in the fridge. Robert eats \( \frac{1}{3} \) of this piece. What fraction of the whole cake has Robert eaten? Choose the number sentence that would solve the word problem.,\( \frac{1}{3}+\frac{2}{3} \),co u add it i think,False_Neither,
27014,33474,Sally has \( \frac{2}{3} \) of a whole cake in the fridge. Robert eats \( \frac{1}{3} \) of this piece. What fraction of the whole cake has Robert eaten? Choose the number sentence that would solve the word problem.,\( \frac{1}{3}+\frac{2}{3} \),i am a bit stuck on how to work it out,False_Neither,
27015,33474,Sally has \( \frac{2}{3} \) of a whole cake in the fridge. Robert eats \( \frac{1}{3} \) of this piece. What fraction of the whole cake has Robert eaten? Choose the number sentence that would solve the word problem.,\( \frac{1}{3}+\frac{2}{3} \),i am not too sure about this question.,False_Neither,
27016,33474,Sally has \( \frac{2}{3} \) of a whole cake in the fridge. Robert eats \( \frac{1}{3} \) of this piece. What fraction of the whole cake has Robert eaten? Choose the number sentence that would solve the word problem.,\( \frac{1}{3}+\frac{2}{3} \),i chose a because they both had the same denominator so you could simply add the numerator.,False_Neither,
27017,33474,Sally has \( \frac{2}{3} \) of a whole cake in the fridge. Robert eats \( \frac{1}{3} \) of this piece. What fraction of the whole cake has Robert eaten? Choose the number sentence that would solve the word problem.,\( \frac{1}{3}+\frac{2}{3} \),i didn't know how to work it out so i just guessed,False_Neither,
27018,33474,Sally has \( \frac{2}{3} \) of a whole cake in the fridge. Robert eats \( \frac{1}{3} \) of this piece. What fraction of the whole cake has Robert eaten? Choose the number sentence that would solve the word problem.,\( \frac{1}{3}+\frac{2}{3} \),i think a because you have to do 1/3 add 2/3 and the answer will be 2/3.,False_Neither,
27019,33474,Sally has \( \frac{2}{3} \) of a whole cake in the fridge. Robert eats \( \frac{1}{3} \) of this piece. What fraction of the whole cake has Robert eaten? Choose the number sentence that would solve the word problem.,\( \frac{1}{3}+\frac{2}{3} \),"i think it is a because robert has eaten 1/3 of the cake ,so sally eats the remaining 2/3 of them cake",False_Neither,
27020,33474,Sally has \( \frac{2}{3} \) of a whole cake in the fridge. Robert eats \( \frac{1}{3} \) of this piece. What fraction of the whole cake has Robert eaten? Choose the number sentence that would solve the word problem.,\( \frac{1}{3}+\frac{2}{3} \),i think it is this because the answer is 3/3 and 2+1 is 3 and the bottom numbers where both 3,False_Neither,
27021,33474,Sally has \( \frac{2}{3} \) of a whole cake in the fridge. Robert eats \( \frac{1}{3} \) of this piece. What fraction of the whole cake has Robert eaten? Choose the number sentence that would solve the word problem.,\( \frac{1}{3}+\frac{2}{3} \),i think it’s a because when you add how much they ate it would be 2/3+1/3= 3/3 or a whole.,False_Neither,
27022,33474,Sally has \( \frac{2}{3} \) of a whole cake in the fridge. Robert eats \( \frac{1}{3} \) of this piece. What fraction of the whole cake has Robert eaten? Choose the number sentence that would solve the word problem.,\( \frac{1}{3}+\frac{2}{3} \),i think that you would 2/3+1/3.you have to + them to find what they ate to gether,False_Neither,
27023,33474,Sally has \( \frac{2}{3} \) of a whole cake in the fridge. Robert eats \( \frac{1}{3} \) of this piece. What fraction of the whole cake has Robert eaten? Choose the number sentence that would solve the word problem.,\( \frac{1}{3}+\frac{2}{3} \),i think this because 1/3 plus 2/3 is 3/3,False_Neither,
27024,33474,Sally has \( \frac{2}{3} \) of a whole cake in the fridge. Robert eats \( \frac{1}{3} \) of this piece. What fraction of the whole cake has Robert eaten? Choose the number sentence that would solve the word problem.,\( \frac{1}{3}+\frac{2}{3} \),i think this because if you was to add 1/3+2/3 =3/3 which is equivalent to 1,False_Neither,
27025,33474,Sally has \( \frac{2}{3} \) of a whole cake in the fridge. Robert eats \( \frac{1}{3} \) of this piece. What fraction of the whole cake has Robert eaten? Choose the number sentence that would solve the word problem.,\( \frac{1}{3}+\frac{2}{3} \),i think this because the whole cake is the amount of sally’s cake and roberts cake together,False_Neither,
27026,33474,Sally has \( \frac{2}{3} \) of a whole cake in the fridge. Robert eats \( \frac{1}{3} \) of this piece. What fraction of the whole cake has Robert eaten? Choose the number sentence that would solve the word problem.,\( \frac{1}{3}+\frac{2}{3} \),i think this because to find the fraction that robert eaten i have to add it from sally's piece,False_Neither,
27027,33474,Sally has \( \frac{2}{3} \) of a whole cake in the fridge. Robert eats \( \frac{1}{3} \) of this piece. What fraction of the whole cake has Robert eaten? Choose the number sentence that would solve the word problem.,\( \frac{1}{3}+\frac{2}{3} \),i think this because two thirds is double one third,False_Neither,
27028,33474,Sally has \( \frac{2}{3} \) of a whole cake in the fridge. Robert eats \( \frac{1}{3} \) of this piece. What fraction of the whole cake has Robert eaten? Choose the number sentence that would solve the word problem.,\( \frac{1}{3}+\frac{2}{3} \),i think this right one because you need to take away because he has eaten one piece of cake,False_Misconception,Subtraction
27029,33474,Sally has \( \frac{2}{3} \) of a whole cake in the fridge. Robert eats \( \frac{1}{3} \) of this piece. What fraction of the whole cake has Robert eaten? Choose the number sentence that would solve the word problem.,\( \frac{1}{3}+\frac{2}{3} \),i thought 1 9th but that wasnt an answer so im just guessing,False_Neither,
27030,33474,Sally has \( \frac{2}{3} \) of a whole cake in the fridge. Robert eats \( \frac{1}{3} \) of this piece. What fraction of the whole cake has Robert eaten? Choose the number sentence that would solve the word problem.,\( \frac{1}{3}+\frac{2}{3} \),if it is 2/3 that means it only needs 1/3 to make it a hole so the sum would be 2/3 plus 1/3 which equals a hole.,False_Neither,
27031,33474,Sally has \( \frac{2}{3} \) of a whole cake in the fridge. Robert eats \( \frac{1}{3} \) of this piece. What fraction of the whole cake has Robert eaten? Choose the number sentence that would solve the word problem.,\( \frac{1}{3}+\frac{2}{3} \),if you add hem together then take away however much robert has eaten (1/3) you'll get your answer.,False_Misconception,Subtraction
27032,33474,Sally has \( \frac{2}{3} \) of a whole cake in the fridge. Robert eats \( \frac{1}{3} \) of this piece. What fraction of the whole cake has Robert eaten? Choose the number sentence that would solve the word problem.,\( \frac{1}{3}+\frac{2}{3} \),sally has 2/3 and robert has 1/3. 2/3 plus 1/3 = 3/3 or 1/1,False_Neither,
27033,33474,Sally has \( \frac{2}{3} \) of a whole cake in the fridge. Robert eats \( \frac{1}{3} \) of this piece. What fraction of the whole cake has Robert eaten? Choose the number sentence that would solve the word problem.,\( \frac{1}{3}+\frac{2}{3} \),you add them together to getthe whol anser,False_Neither,
27034,33474,Sally has \( \frac{2}{3} \) of a whole cake in the fridge. Robert eats \( \frac{1}{3} \) of this piece. What fraction of the whole cake has Robert eaten? Choose the number sentence that would solve the word problem.,\( \frac{1}{3}+\frac{2}{3} \),you have to add the 2 fractions that have been eaten,False_Neither,
27035,33474,Sally has \( \frac{2}{3} \) of a whole cake in the fridge. Robert eats \( \frac{1}{3} \) of this piece. What fraction of the whole cake has Robert eaten? Choose the number sentence that would solve the word problem.,\( \frac{2}{3} \div \frac{1}{3} \),1/3 divided by 2/3=1/3 or 1 divided by 2= 1 and the denominator stays the same so the answer is 1/3,False_Misconception,Division
27036,33474,Sally has \( \frac{2}{3} \) of a whole cake in the fridge. Robert eats \( \frac{1}{3} \) of this piece. What fraction of the whole cake has Robert eaten? Choose the number sentence that would solve the word problem.,\( \frac{2}{3} \div \frac{1}{3} \),1/3 of 2/3 would give the answer as 2/3 is also a fraction of the whole cake.,False_Neither,
27037,33474,Sally has \( \frac{2}{3} \) of a whole cake in the fridge. Robert eats \( \frac{1}{3} \) of this piece. What fraction of the whole cake has Robert eaten? Choose the number sentence that would solve the word problem.,\( \frac{2}{3} \div \frac{1}{3} \),2 thirds divided by 1 third will= the answer e.g. deduction,False_Misconception,Division
27038,33474,Sally has \( \frac{2}{3} \) of a whole cake in the fridge. Robert eats \( \frac{1}{3} \) of this piece. What fraction of the whole cake has Robert eaten? Choose the number sentence that would solve the word problem.,\( \frac{2}{3} \div \frac{1}{3} \),2/3 divided by 1/3 will give me one third of what was eaten rather than 1/3 of the whole cake itself,False_Misconception,Division
27039,33474,Sally has \( \frac{2}{3} \) of a whole cake in the fridge. Robert eats \( \frac{1}{3} \) of this piece. What fraction of the whole cake has Robert eaten? Choose the number sentence that would solve the word problem.,\( \frac{2}{3} \div \frac{1}{3} \),2/3 divided by 1/3 would give you the answer as robert has 1/3 of what sally has. sally has 2/3.,False_Misconception,Division
27040,33474,Sally has \( \frac{2}{3} \) of a whole cake in the fridge. Robert eats \( \frac{1}{3} \) of this piece. What fraction of the whole cake has Robert eaten? Choose the number sentence that would solve the word problem.,\( \frac{2}{3} \div \frac{1}{3} \),2/3 divided by 1/3 would give your answer,False_Misconception,Division
27041,33474,Sally has \( \frac{2}{3} \) of a whole cake in the fridge. Robert eats \( \frac{1}{3} \) of this piece. What fraction of the whole cake has Robert eaten? Choose the number sentence that would solve the word problem.,\( \frac{2}{3} \div \frac{1}{3} \),2/3 of a cake and 1/3 of hers eaten so 2/3 / 1/3,False_Misconception,Division
27042,33474,Sally has \( \frac{2}{3} \) of a whole cake in the fridge. Robert eats \( \frac{1}{3} \) of this piece. What fraction of the whole cake has Robert eaten? Choose the number sentence that would solve the word problem.,\( \frac{2}{3} \div \frac{1}{3} \),2/3 then 1/3 of that gets eaten,False_Neither,
27043,33474,Sally has \( \frac{2}{3} \) of a whole cake in the fridge. Robert eats \( \frac{1}{3} \) of this piece. What fraction of the whole cake has Robert eaten? Choose the number sentence that would solve the word problem.,\( \frac{2}{3} \div \frac{1}{3} \),3x3 is 9 2 add 1 is 3 it makes 3 over 9,False_Neither,
27044,33474,Sally has \( \frac{2}{3} \) of a whole cake in the fridge. Robert eats \( \frac{1}{3} \) of this piece. What fraction of the whole cake has Robert eaten? Choose the number sentence that would solve the word problem.,\( \frac{2}{3} \div \frac{1}{3} \),as he has eaten it it must be divison,False_Misconception,Division
27045,33474,Sally has \( \frac{2}{3} \) of a whole cake in the fridge. Robert eats \( \frac{1}{3} \) of this piece. What fraction of the whole cake has Robert eaten? Choose the number sentence that would solve the word problem.,\( \frac{2}{3} \div \frac{1}{3} \),bc he has eaten 1/3 of his peice,False_Neither,
27046,33474,Sally has \( \frac{2}{3} \) of a whole cake in the fridge. Robert eats \( \frac{1}{3} \) of this piece. What fraction of the whole cake has Robert eaten? Choose the number sentence that would solve the word problem.,\( \frac{2}{3} \div \frac{1}{3} \),becaause you wanat 1/3 of 2/3 which you do by dividing the larger into the smaller,False_Misconception,Division
27047,33474,Sally has \( \frac{2}{3} \) of a whole cake in the fridge. Robert eats \( \frac{1}{3} \) of this piece. What fraction of the whole cake has Robert eaten? Choose the number sentence that would solve the word problem.,\( \frac{2}{3} \div \frac{1}{3} \),because 1/3 of 2/3 the whole you would divide it,False_Misconception,Division
27048,33474,Sally has \( \frac{2}{3} \) of a whole cake in the fridge. Robert eats \( \frac{1}{3} \) of this piece. What fraction of the whole cake has Robert eaten? Choose the number sentence that would solve the word problem.,\( \frac{2}{3} \div \frac{1}{3} \),because 2 divided by 1= 1 and the denominator stays the same,False_Misconception,Division
27049,33474,Sally has \( \frac{2}{3} \) of a whole cake in the fridge. Robert eats \( \frac{1}{3} \) of this piece. What fraction of the whole cake has Robert eaten? Choose the number sentence that would solve the word problem.,\( \frac{2}{3} \div \frac{1}{3} \),because 2 thirds of the cake is left and robert has ate 1 third of a sixth of the cake,False_Neither,
27050,33474,Sally has \( \frac{2}{3} \) of a whole cake in the fridge. Robert eats \( \frac{1}{3} \) of this piece. What fraction of the whole cake has Robert eaten? Choose the number sentence that would solve the word problem.,\( \frac{2}{3} \div \frac{1}{3} \),because 2/3 / 3 is the same as 2/3 / 1/3,False_Misconception,Division
27051,33474,Sally has \( \frac{2}{3} \) of a whole cake in the fridge. Robert eats \( \frac{1}{3} \) of this piece. What fraction of the whole cake has Robert eaten? Choose the number sentence that would solve the word problem.,\( \frac{2}{3} \div \frac{1}{3} \),because all the other answers leaves a answer more than 1/3,False_Neither,
27052,33474,Sally has \( \frac{2}{3} \) of a whole cake in the fridge. Robert eats \( \frac{1}{3} \) of this piece. What fraction of the whole cake has Robert eaten? Choose the number sentence that would solve the word problem.,\( \frac{2}{3} \div \frac{1}{3} \),because half of 2/3 are 1/3. robert at half.2/3dibided by1/3=1/2,False_Neither,
27053,33474,Sally has \( \frac{2}{3} \) of a whole cake in the fridge. Robert eats \( \frac{1}{3} \) of this piece. What fraction of the whole cake has Robert eaten? Choose the number sentence that would solve the word problem.,\( \frac{2}{3} \div \frac{1}{3} \),because he eats 1/3 of 2/3 so it is 2/3 divided by 1/3,False_Misconception,Division
27054,33474,Sally has \( \frac{2}{3} \) of a whole cake in the fridge. Robert eats \( \frac{1}{3} \) of this piece. What fraction of the whole cake has Robert eaten? Choose the number sentence that would solve the word problem.,\( \frac{2}{3} \div \frac{1}{3} \),because he eats 1/3 of the 2/3,False_Neither,
27055,33474,Sally has \( \frac{2}{3} \) of a whole cake in the fridge. Robert eats \( \frac{1}{3} \) of this piece. What fraction of the whole cake has Robert eaten? Choose the number sentence that would solve the word problem.,\( \frac{2}{3} \div \frac{1}{3} \),because he eats 1/3 out of 2/3 so it is dividing.,False_Misconception,Division
27056,33474,Sally has \( \frac{2}{3} \) of a whole cake in the fridge. Robert eats \( \frac{1}{3} \) of this piece. What fraction of the whole cake has Robert eaten? Choose the number sentence that would solve the word problem.,\( \frac{2}{3} \div \frac{1}{3} \),because he eats half of one slice so he eats a 1/5 not a 1/3 so you half to divide them,False_Neither,
27057,33474,Sally has \( \frac{2}{3} \) of a whole cake in the fridge. Robert eats \( \frac{1}{3} \) of this piece. What fraction of the whole cake has Robert eaten? Choose the number sentence that would solve the word problem.,\( \frac{2}{3} \div \frac{1}{3} \),because he has eaten 1/3 of 2/3 of a whole cake,False_Neither,
27058,33474,Sally has \( \frac{2}{3} \) of a whole cake in the fridge. Robert eats \( \frac{1}{3} \) of this piece. What fraction of the whole cake has Robert eaten? Choose the number sentence that would solve the word problem.,\( \frac{2}{3} \div \frac{1}{3} \),because hes only eaten a third of the peice that was 2 thirds,False_Neither,
27059,33474,Sally has \( \frac{2}{3} \) of a whole cake in the fridge. Robert eats \( \frac{1}{3} \) of this piece. What fraction of the whole cake has Robert eaten? Choose the number sentence that would solve the word problem.,\( \frac{2}{3} \div \frac{1}{3} \),because he’s divided what’s left into 3,False_Misconception,Division
27060,33474,Sally has \( \frac{2}{3} \) of a whole cake in the fridge. Robert eats \( \frac{1}{3} \) of this piece. What fraction of the whole cake has Robert eaten? Choose the number sentence that would solve the word problem.,\( \frac{2}{3} \div \frac{1}{3} \),because if he eats one third of the piece you would have to divide it but i’m not sure,False_Misconception,Division
27061,33474,Sally has \( \frac{2}{3} \) of a whole cake in the fridge. Robert eats \( \frac{1}{3} \) of this piece. What fraction of the whole cake has Robert eaten? Choose the number sentence that would solve the word problem.,\( \frac{2}{3} \div \frac{1}{3} \),because if sally has 2/3 and robert eats one then sally will have 1/3 left so that's why i chose this answer :),False_Misconception,Subtraction
27062,33474,Sally has \( \frac{2}{3} \) of a whole cake in the fridge. Robert eats \( \frac{1}{3} \) of this piece. What fraction of the whole cake has Robert eaten? Choose the number sentence that would solve the word problem.,\( \frac{2}{3} \div \frac{1}{3} \),because if there are 2/3 and robert takes 1/3 then it is 2/3 % 1/3.,False_Neither,
27063,33474,Sally has \( \frac{2}{3} \) of a whole cake in the fridge. Robert eats \( \frac{1}{3} \) of this piece. What fraction of the whole cake has Robert eaten? Choose the number sentence that would solve the word problem.,\( \frac{2}{3} \div \frac{1}{3} \),because it says remaining so that mean that something has been taken away,False_Misconception,Subtraction
27064,33474,Sally has \( \frac{2}{3} \) of a whole cake in the fridge. Robert eats \( \frac{1}{3} \) of this piece. What fraction of the whole cake has Robert eaten? Choose the number sentence that would solve the word problem.,\( \frac{2}{3} \div \frac{1}{3} \),because it shows the last divided piece,False_Neither,
27065,33474,Sally has \( \frac{2}{3} \) of a whole cake in the fridge. Robert eats \( \frac{1}{3} \) of this piece. What fraction of the whole cake has Robert eaten? Choose the number sentence that would solve the word problem.,\( \frac{2}{3} \div \frac{1}{3} \),"because its 1/3 of the 2/3 of the cake, not 1/3 of the cake",False_Neither,
27066,33474,Sally has \( \frac{2}{3} \) of a whole cake in the fridge. Robert eats \( \frac{1}{3} \) of this piece. What fraction of the whole cake has Robert eaten? Choose the number sentence that would solve the word problem.,\( \frac{2}{3} \div \frac{1}{3} \),because rob is eating 1/3 of what is left,False_Neither,
27067,33474,Sally has \( \frac{2}{3} \) of a whole cake in the fridge. Robert eats \( \frac{1}{3} \) of this piece. What fraction of the whole cake has Robert eaten? Choose the number sentence that would solve the word problem.,\( \frac{2}{3} \div \frac{1}{3} \),because robert ate a part of sally cake.,False_Neither,
27068,33474,Sally has \( \frac{2}{3} \) of a whole cake in the fridge. Robert eats \( \frac{1}{3} \) of this piece. What fraction of the whole cake has Robert eaten? Choose the number sentence that would solve the word problem.,\( \frac{2}{3} \div \frac{1}{3} \),because robert divides the peice of cake and takes it,False_Neither,
27069,33474,Sally has \( \frac{2}{3} \) of a whole cake in the fridge. Robert eats \( \frac{1}{3} \) of this piece. What fraction of the whole cake has Robert eaten? Choose the number sentence that would solve the word problem.,\( \frac{2}{3} \div \frac{1}{3} \),because robert eats i over 3,False_Neither,
27070,33474,Sally has \( \frac{2}{3} \) of a whole cake in the fridge. Robert eats \( \frac{1}{3} \) of this piece. What fraction of the whole cake has Robert eaten? Choose the number sentence that would solve the word problem.,\( \frac{2}{3} \div \frac{1}{3} \),because she has 2/3 of the whole cake,False_Neither,
27071,33474,Sally has \( \frac{2}{3} \) of a whole cake in the fridge. Robert eats \( \frac{1}{3} \) of this piece. What fraction of the whole cake has Robert eaten? Choose the number sentence that would solve the word problem.,\( \frac{2}{3} \div \frac{1}{3} \),because she is sharing it out with robert,False_Neither,
27072,33474,Sally has \( \frac{2}{3} \) of a whole cake in the fridge. Robert eats \( \frac{1}{3} \) of this piece. What fraction of the whole cake has Robert eaten? Choose the number sentence that would solve the word problem.,\( \frac{2}{3} \div \frac{1}{3} \),because taking a third is dividing by the third,False_Misconception,Division
27073,33474,Sally has \( \frac{2}{3} \) of a whole cake in the fridge. Robert eats \( \frac{1}{3} \) of this piece. What fraction of the whole cake has Robert eaten? Choose the number sentence that would solve the word problem.,\( \frac{2}{3} \div \frac{1}{3} \),because that's the addition you need to do,False_Neither,
27074,33474,Sally has \( \frac{2}{3} \) of a whole cake in the fridge. Robert eats \( \frac{1}{3} \) of this piece. What fraction of the whole cake has Robert eaten? Choose the number sentence that would solve the word problem.,\( \frac{2}{3} \div \frac{1}{3} \),because the answer would be 1/3,False_Neither,
27075,33474,Sally has \( \frac{2}{3} \) of a whole cake in the fridge. Robert eats \( \frac{1}{3} \) of this piece. What fraction of the whole cake has Robert eaten? Choose the number sentence that would solve the word problem.,\( \frac{2}{3} \div \frac{1}{3} \),"because the first step to this question is asking us to find out what one third of two thirds is, so to find that out you have to divide 2/3 by 1/3.",False_Misconception,Division
27076,33474,Sally has \( \frac{2}{3} \) of a whole cake in the fridge. Robert eats \( \frac{1}{3} \) of this piece. What fraction of the whole cake has Robert eaten? Choose the number sentence that would solve the word problem.,\( \frac{2}{3} \div \frac{1}{3} \),because the whole cake is 3/3 and he ate 1/3 of 2/3 which is 2/6 of the whole cake,False_Neither,
27077,33474,Sally has \( \frac{2}{3} \) of a whole cake in the fridge. Robert eats \( \frac{1}{3} \) of this piece. What fraction of the whole cake has Robert eaten? Choose the number sentence that would solve the word problem.,\( \frac{2}{3} \div \frac{1}{3} \),because there should be 2/3 left.,False_Neither,
27078,33474,Sally has \( \frac{2}{3} \) of a whole cake in the fridge. Robert eats \( \frac{1}{3} \) of this piece. What fraction of the whole cake has Robert eaten? Choose the number sentence that would solve the word problem.,\( \frac{2}{3} \div \frac{1}{3} \),because theres 1 piece left of the cake and since the denominators are the same all you do is take away the nominator which makes 1 and the answer is 1/3,False_Misconception,Subtraction
27079,33474,Sally has \( \frac{2}{3} \) of a whole cake in the fridge. Robert eats \( \frac{1}{3} \) of this piece. What fraction of the whole cake has Robert eaten? Choose the number sentence that would solve the word problem.,\( \frac{2}{3} \div \frac{1}{3} \),because we need to find a third of sally's peice,False_Neither,
27080,33474,Sally has \( \frac{2}{3} \) of a whole cake in the fridge. Robert eats \( \frac{1}{3} \) of this piece. What fraction of the whole cake has Robert eaten? Choose the number sentence that would solve the word problem.,\( \frac{2}{3} \div \frac{1}{3} \),because when you time with decimalls it gose down,False_Neither,
27081,33474,Sally has \( \frac{2}{3} \) of a whole cake in the fridge. Robert eats \( \frac{1}{3} \) of this piece. What fraction of the whole cake has Robert eaten? Choose the number sentence that would solve the word problem.,\( \frac{2}{3} \div \frac{1}{3} \),because you are finding 1/3 of 2/3,False_Neither,
27082,33474,Sally has \( \frac{2}{3} \) of a whole cake in the fridge. Robert eats \( \frac{1}{3} \) of this piece. What fraction of the whole cake has Robert eaten? Choose the number sentence that would solve the word problem.,\( \frac{2}{3} \div \frac{1}{3} \),because you are finding out 1/3 of the 2/3,False_Neither,
27083,33474,Sally has \( \frac{2}{3} \) of a whole cake in the fridge. Robert eats \( \frac{1}{3} \) of this piece. What fraction of the whole cake has Robert eaten? Choose the number sentence that would solve the word problem.,\( \frac{2}{3} \div \frac{1}{3} \),because you divide 2/3 by 1/3 because robert has eaten 1/3 of 2/3,False_Misconception,Division
27084,33474,Sally has \( \frac{2}{3} \) of a whole cake in the fridge. Robert eats \( \frac{1}{3} \) of this piece. What fraction of the whole cake has Robert eaten? Choose the number sentence that would solve the word problem.,\( \frac{2}{3} \div \frac{1}{3} \),because you divide what is left of the cake by what he eats,False_Misconception,Division
27085,33474,Sally has \( \frac{2}{3} \) of a whole cake in the fridge. Robert eats \( \frac{1}{3} \) of this piece. What fraction of the whole cake has Robert eaten? Choose the number sentence that would solve the word problem.,\( \frac{2}{3} \div \frac{1}{3} \),because you have to divide and that is the only one that is division,False_Neither,
27086,33474,Sally has \( \frac{2}{3} \) of a whole cake in the fridge. Robert eats \( \frac{1}{3} \) of this piece. What fraction of the whole cake has Robert eaten? Choose the number sentence that would solve the word problem.,\( \frac{2}{3} \div \frac{1}{3} \),because you have to divide the 2/3 into 1/3,False_Misconception,Division
27087,33474,Sally has \( \frac{2}{3} \) of a whole cake in the fridge. Robert eats \( \frac{1}{3} \) of this piece. What fraction of the whole cake has Robert eaten? Choose the number sentence that would solve the word problem.,\( \frac{2}{3} \div \frac{1}{3} \),because you have to divide the numbers,False_Neither,
27088,33474,Sally has \( \frac{2}{3} \) of a whole cake in the fridge. Robert eats \( \frac{1}{3} \) of this piece. What fraction of the whole cake has Robert eaten? Choose the number sentence that would solve the word problem.,\( \frac{2}{3} \div \frac{1}{3} \),because you need to divide the numbers together and then you get the anwser,False_Misconception,Division
27089,33474,Sally has \( \frac{2}{3} \) of a whole cake in the fridge. Robert eats \( \frac{1}{3} \) of this piece. What fraction of the whole cake has Robert eaten? Choose the number sentence that would solve the word problem.,\( \frac{2}{3} \div \frac{1}{3} \),because you need to divide to get what is shared,False_Misconception,Division
27090,33474,Sally has \( \frac{2}{3} \) of a whole cake in the fridge. Robert eats \( \frac{1}{3} \) of this piece. What fraction of the whole cake has Robert eaten? Choose the number sentence that would solve the word problem.,\( \frac{2}{3} \div \frac{1}{3} \),because you taken a third of a third,False_Neither,
27091,33474,Sally has \( \frac{2}{3} \) of a whole cake in the fridge. Robert eats \( \frac{1}{3} \) of this piece. What fraction of the whole cake has Robert eaten? Choose the number sentence that would solve the word problem.,\( \frac{2}{3} \div \frac{1}{3} \),because you would flip and switch,False_Neither,
27092,33474,Sally has \( \frac{2}{3} \) of a whole cake in the fridge. Robert eats \( \frac{1}{3} \) of this piece. What fraction of the whole cake has Robert eaten? Choose the number sentence that would solve the word problem.,\( \frac{2}{3} \div \frac{1}{3} \),"because you would have to divide it to find out how much he ate,2/9.",False_Misconception,Division
27093,33474,Sally has \( \frac{2}{3} \) of a whole cake in the fridge. Robert eats \( \frac{1}{3} \) of this piece. What fraction of the whole cake has Robert eaten? Choose the number sentence that would solve the word problem.,\( \frac{2}{3} \div \frac{1}{3} \),because your taking away what you have from what has gone,False_Misconception,Subtraction
27094,33474,Sally has \( \frac{2}{3} \) of a whole cake in the fridge. Robert eats \( \frac{1}{3} \) of this piece. What fraction of the whole cake has Robert eaten? Choose the number sentence that would solve the word problem.,\( \frac{2}{3} \div \frac{1}{3} \),because your will then now how much robert has eaten,False_Neither,
27095,33474,Sally has \( \frac{2}{3} \) of a whole cake in the fridge. Robert eats \( \frac{1}{3} \) of this piece. What fraction of the whole cake has Robert eaten? Choose the number sentence that would solve the word problem.,\( \frac{2}{3} \div \frac{1}{3} \),"c because it can't be a,b or c",False_Neither,
27096,33474,Sally has \( \frac{2}{3} \) of a whole cake in the fridge. Robert eats \( \frac{1}{3} \) of this piece. What fraction of the whole cake has Robert eaten? Choose the number sentence that would solve the word problem.,\( \frac{2}{3} \div \frac{1}{3} \),c because that’s how much it is,False_Neither,
27097,33474,Sally has \( \frac{2}{3} \) of a whole cake in the fridge. Robert eats \( \frac{1}{3} \) of this piece. What fraction of the whole cake has Robert eaten? Choose the number sentence that would solve the word problem.,\( \frac{2}{3} \div \frac{1}{3} \),c because the others would not work.,False_Neither,
27098,33474,Sally has \( \frac{2}{3} \) of a whole cake in the fridge. Robert eats \( \frac{1}{3} \) of this piece. What fraction of the whole cake has Robert eaten? Choose the number sentence that would solve the word problem.,\( \frac{2}{3} \div \frac{1}{3} \),c because to find a fraction of so something you divide it,False_Misconception,Division
27099,33474,Sally has \( \frac{2}{3} \) of a whole cake in the fridge. Robert eats \( \frac{1}{3} \) of this piece. What fraction of the whole cake has Robert eaten? Choose the number sentence that would solve the word problem.,\( \frac{2}{3} \div \frac{1}{3} \),he ate 2/3 of the cake which is 2/3 divided by 1/3.,False_Misconception,Division
27100,33474,Sally has \( \frac{2}{3} \) of a whole cake in the fridge. Robert eats \( \frac{1}{3} \) of this piece. What fraction of the whole cake has Robert eaten? Choose the number sentence that would solve the word problem.,\( \frac{2}{3} \div \frac{1}{3} \),he has eaten 1/3 of 2/3rds of the cake,False_Neither,
27101,33474,Sally has \( \frac{2}{3} \) of a whole cake in the fridge. Robert eats \( \frac{1}{3} \) of this piece. What fraction of the whole cake has Robert eaten? Choose the number sentence that would solve the word problem.,\( \frac{2}{3} \div \frac{1}{3} \),he is eating 2/3 of 1/3. not 1/3,False_Neither,
27102,33474,Sally has \( \frac{2}{3} \) of a whole cake in the fridge. Robert eats \( \frac{1}{3} \) of this piece. What fraction of the whole cake has Robert eaten? Choose the number sentence that would solve the word problem.,\( \frac{2}{3} \div \frac{1}{3} \),he is not adding or multiplying so he must be dividing or subtracting but i think it's dividing and that is how you work out how much of a fraction is left,False_Misconception,Division
27103,33474,Sally has \( \frac{2}{3} \) of a whole cake in the fridge. Robert eats \( \frac{1}{3} \) of this piece. What fraction of the whole cake has Robert eaten? Choose the number sentence that would solve the word problem.,\( \frac{2}{3} \div \frac{1}{3} \),i am not entirely sure but i think is that,False_Neither,
27104,33474,Sally has \( \frac{2}{3} \) of a whole cake in the fridge. Robert eats \( \frac{1}{3} \) of this piece. What fraction of the whole cake has Robert eaten? Choose the number sentence that would solve the word problem.,\( \frac{2}{3} \div \frac{1}{3} \),i am not sure about robert eating the cake.,False_Neither,
27105,33474,Sally has \( \frac{2}{3} \) of a whole cake in the fridge. Robert eats \( \frac{1}{3} \) of this piece. What fraction of the whole cake has Robert eaten? Choose the number sentence that would solve the word problem.,\( \frac{2}{3} \div \frac{1}{3} \),i am not sure how to work out this question.,False_Neither,
27106,33474,Sally has \( \frac{2}{3} \) of a whole cake in the fridge. Robert eats \( \frac{1}{3} \) of this piece. What fraction of the whole cake has Robert eaten? Choose the number sentence that would solve the word problem.,\( \frac{2}{3} \div \frac{1}{3} \),i am not to sure about this kind of question,False_Neither,
27107,33474,Sally has \( \frac{2}{3} \) of a whole cake in the fridge. Robert eats \( \frac{1}{3} \) of this piece. What fraction of the whole cake has Robert eaten? Choose the number sentence that would solve the word problem.,\( \frac{2}{3} \div \frac{1}{3} \),i answered c because i think it is the most sensible answer since it says 2 divided by 1 and 3 divided by 3 which is 2/1.,False_Misconception,Division
27108,33474,Sally has \( \frac{2}{3} \) of a whole cake in the fridge. Robert eats \( \frac{1}{3} \) of this piece. What fraction of the whole cake has Robert eaten? Choose the number sentence that would solve the word problem.,\( \frac{2}{3} \div \frac{1}{3} \),i answered c because if you divided 2 thirds by 1 third you will get the answer.,False_Misconception,Division
27109,33474,Sally has \( \frac{2}{3} \) of a whole cake in the fridge. Robert eats \( \frac{1}{3} \) of this piece. What fraction of the whole cake has Robert eaten? Choose the number sentence that would solve the word problem.,\( \frac{2}{3} \div \frac{1}{3} \),i calculated it with this option,False_Neither,
27110,33474,Sally has \( \frac{2}{3} \) of a whole cake in the fridge. Robert eats \( \frac{1}{3} \) of this piece. What fraction of the whole cake has Robert eaten? Choose the number sentence that would solve the word problem.,\( \frac{2}{3} \div \frac{1}{3} \),i chose c because i know that dividing makes things smaller and when you eat something you make it smaller,False_Misconception,Division
27111,33474,Sally has \( \frac{2}{3} \) of a whole cake in the fridge. Robert eats \( \frac{1}{3} \) of this piece. What fraction of the whole cake has Robert eaten? Choose the number sentence that would solve the word problem.,\( \frac{2}{3} \div \frac{1}{3} \),i chose c because that is the only one that seems reasonable.,False_Neither,
27112,33474,Sally has \( \frac{2}{3} \) of a whole cake in the fridge. Robert eats \( \frac{1}{3} \) of this piece. What fraction of the whole cake has Robert eaten? Choose the number sentence that would solve the word problem.,\( \frac{2}{3} \div \frac{1}{3} \),i chose this because you need to divide the two together to get the end total which will be '1/3'.,False_Misconception,Division
27113,33474,Sally has \( \frac{2}{3} \) of a whole cake in the fridge. Robert eats \( \frac{1}{3} \) of this piece. What fraction of the whole cake has Robert eaten? Choose the number sentence that would solve the word problem.,\( \frac{2}{3} \div \frac{1}{3} \),i don't know but i fell most confident with this,False_Neither,
27114,33474,Sally has \( \frac{2}{3} \) of a whole cake in the fridge. Robert eats \( \frac{1}{3} \) of this piece. What fraction of the whole cake has Robert eaten? Choose the number sentence that would solve the word problem.,\( \frac{2}{3} \div \frac{1}{3} \),i don't know how to explain the answer but i am not guessing.,False_Neither,
27115,33474,Sally has \( \frac{2}{3} \) of a whole cake in the fridge. Robert eats \( \frac{1}{3} \) of this piece. What fraction of the whole cake has Robert eaten? Choose the number sentence that would solve the word problem.,\( \frac{2}{3} \div \frac{1}{3} \),i drew a diagram on my paper and she has 1/2 left but i'm not sure which one it is and the method in which to work out the sums so i did it the way i felt was correct and picked the closest so it was kind of a guess with a bit of knowledge on my answer,False_Neither,
27116,33474,Sally has \( \frac{2}{3} \) of a whole cake in the fridge. Robert eats \( \frac{1}{3} \) of this piece. What fraction of the whole cake has Robert eaten? Choose the number sentence that would solve the word problem.,\( \frac{2}{3} \div \frac{1}{3} \),i knew that because robert eats so you divide,False_Misconception,Division
27117,33474,Sally has \( \frac{2}{3} \) of a whole cake in the fridge. Robert eats \( \frac{1}{3} \) of this piece. What fraction of the whole cake has Robert eaten? Choose the number sentence that would solve the word problem.,\( \frac{2}{3} \div \frac{1}{3} \),i t is divide because you are effectively doing is taking away,False_Misconception,Division
27118,33474,Sally has \( \frac{2}{3} \) of a whole cake in the fridge. Robert eats \( \frac{1}{3} \) of this piece. What fraction of the whole cake has Robert eaten? Choose the number sentence that would solve the word problem.,\( \frac{2}{3} \div \frac{1}{3} \),i think (d actually) because robert ate some of the cake (🍰) which is taking away.,False_Misconception,Subtraction
27119,33474,Sally has \( \frac{2}{3} \) of a whole cake in the fridge. Robert eats \( \frac{1}{3} \) of this piece. What fraction of the whole cake has Robert eaten? Choose the number sentence that would solve the word problem.,\( \frac{2}{3} \div \frac{1}{3} \),i think c because 1/3 of 2/3 is 1/9,False_Neither,
27120,33474,Sally has \( \frac{2}{3} \) of a whole cake in the fridge. Robert eats \( \frac{1}{3} \) of this piece. What fraction of the whole cake has Robert eaten? Choose the number sentence that would solve the word problem.,\( \frac{2}{3} \div \frac{1}{3} \),i think c because 2 divided by 1 = 1 and that will be your answer 1/3.,False_Neither,
27121,33474,Sally has \( \frac{2}{3} \) of a whole cake in the fridge. Robert eats \( \frac{1}{3} \) of this piece. What fraction of the whole cake has Robert eaten? Choose the number sentence that would solve the word problem.,\( \frac{2}{3} \div \frac{1}{3} \),i think it is 2/3 divided by 1/3 because that will get you a whole.,False_Misconception,Division
27122,33474,Sally has \( \frac{2}{3} \) of a whole cake in the fridge. Robert eats \( \frac{1}{3} \) of this piece. What fraction of the whole cake has Robert eaten? Choose the number sentence that would solve the word problem.,\( \frac{2}{3} \div \frac{1}{3} \),"i think it is c because sally has 2/3 of the cake but if robert eats 1/3 of the piece then it wouldn't be 1/3 which is left, it would be 1/2. i think that you do 2/3 divided by 1/3!",False_Neither,
27123,33474,Sally has \( \frac{2}{3} \) of a whole cake in the fridge. Robert eats \( \frac{1}{3} \) of this piece. What fraction of the whole cake has Robert eaten? Choose the number sentence that would solve the word problem.,\( \frac{2}{3} \div \frac{1}{3} \),i think it is divide because the whole cake is cut into thirds and sally has 2/3 and robert eats 1/3 of 2/3 which makes me think it's divide.,False_Misconception,Division
27124,33474,Sally has \( \frac{2}{3} \) of a whole cake in the fridge. Robert eats \( \frac{1}{3} \) of this piece. What fraction of the whole cake has Robert eaten? Choose the number sentence that would solve the word problem.,\( \frac{2}{3} \div \frac{1}{3} \),i think it's c because salt has 2/3 and roberts eats 1/3 of his piece so you would divide it,False_Misconception,Division
27125,33474,Sally has \( \frac{2}{3} \) of a whole cake in the fridge. Robert eats \( \frac{1}{3} \) of this piece. What fraction of the whole cake has Robert eaten? Choose the number sentence that would solve the word problem.,\( \frac{2}{3} \div \frac{1}{3} \),i think it’s c though i’m not really sure,False_Neither,
27126,33474,Sally has \( \frac{2}{3} \) of a whole cake in the fridge. Robert eats \( \frac{1}{3} \) of this piece. What fraction of the whole cake has Robert eaten? Choose the number sentence that would solve the word problem.,\( \frac{2}{3} \div \frac{1}{3} \),i think i’m wrong but i think it is c.,False_Neither,
27127,33474,Sally has \( \frac{2}{3} \) of a whole cake in the fridge. Robert eats \( \frac{1}{3} \) of this piece. What fraction of the whole cake has Robert eaten? Choose the number sentence that would solve the word problem.,\( \frac{2}{3} \div \frac{1}{3} \),i think that it shows the last divided piece,False_Neither,
27128,33474,Sally has \( \frac{2}{3} \) of a whole cake in the fridge. Robert eats \( \frac{1}{3} \) of this piece. What fraction of the whole cake has Robert eaten? Choose the number sentence that would solve the word problem.,\( \frac{2}{3} \div \frac{1}{3} \),i think the answer would be c because if he’s taken 1/3 of the cake away then he would have the amount of c left,False_Misconception,Division
27129,33474,Sally has \( \frac{2}{3} \) of a whole cake in the fridge. Robert eats \( \frac{1}{3} \) of this piece. What fraction of the whole cake has Robert eaten? Choose the number sentence that would solve the word problem.,\( \frac{2}{3} \div \frac{1}{3} \),i think this because 1 takeaway 2 = 1 so she would have 1/3,False_Misconception,Subtraction
27130,33474,Sally has \( \frac{2}{3} \) of a whole cake in the fridge. Robert eats \( \frac{1}{3} \) of this piece. What fraction of the whole cake has Robert eaten? Choose the number sentence that would solve the word problem.,\( \frac{2}{3} \div \frac{1}{3} \),i think this because 2/3 divided by 1/3 will give you 1/3 of 2/3,False_Misconception,Division
27131,33474,Sally has \( \frac{2}{3} \) of a whole cake in the fridge. Robert eats \( \frac{1}{3} \) of this piece. What fraction of the whole cake has Robert eaten? Choose the number sentence that would solve the word problem.,\( \frac{2}{3} \div \frac{1}{3} \),i think this because he eats 1/3 of 2/3,False_Neither,
27132,33474,Sally has \( \frac{2}{3} \) of a whole cake in the fridge. Robert eats \( \frac{1}{3} \) of this piece. What fraction of the whole cake has Robert eaten? Choose the number sentence that would solve the word problem.,\( \frac{2}{3} \div \frac{1}{3} \),i think this because he has taken away from it so that rules out x and + so i guessed that it wouldn't be minus for some reason,False_Neither,
27133,33474,Sally has \( \frac{2}{3} \) of a whole cake in the fridge. Robert eats \( \frac{1}{3} \) of this piece. What fraction of the whole cake has Robert eaten? Choose the number sentence that would solve the word problem.,\( \frac{2}{3} \div \frac{1}{3} \),i think this because i did the workings out,False_Neither,
27134,33474,Sally has \( \frac{2}{3} \) of a whole cake in the fridge. Robert eats \( \frac{1}{3} \) of this piece. What fraction of the whole cake has Robert eaten? Choose the number sentence that would solve the word problem.,\( \frac{2}{3} \div \frac{1}{3} \),i think this because if sally has 2/3 and robert eats 1/3 of sally’s 2/3 meaning you need to work out 1/3 times 2/3,False_Correct,
27135,33474,Sally has \( \frac{2}{3} \) of a whole cake in the fridge. Robert eats \( \frac{1}{3} \) of this piece. What fraction of the whole cake has Robert eaten? Choose the number sentence that would solve the word problem.,\( \frac{2}{3} \div \frac{1}{3} \),"i think this because in the question itself it obviously says “robert eats 1/3 of this peice.” so in other words it is actually just 1/3 of 2/3, which is what c) says.",False_Neither,
27136,33474,Sally has \( \frac{2}{3} \) of a whole cake in the fridge. Robert eats \( \frac{1}{3} \) of this piece. What fraction of the whole cake has Robert eaten? Choose the number sentence that would solve the word problem.,\( \frac{2}{3} \div \frac{1}{3} \),i think this because it is 1/3 of the 2/3 meaning we can divide 2/3 by 1/3 to get 1/6.,False_Misconception,Division
27137,33474,Sally has \( \frac{2}{3} \) of a whole cake in the fridge. Robert eats \( \frac{1}{3} \) of this piece. What fraction of the whole cake has Robert eaten? Choose the number sentence that would solve the word problem.,\( \frac{2}{3} \div \frac{1}{3} \),i think this because it is the only one which when worked out actually sounds and looks correct,False_Neither,
27138,33474,Sally has \( \frac{2}{3} \) of a whole cake in the fridge. Robert eats \( \frac{1}{3} \) of this piece. What fraction of the whole cake has Robert eaten? Choose the number sentence that would solve the word problem.,\( \frac{2}{3} \div \frac{1}{3} \),i think this because robert ate 1/3 from sally's 2/3.,False_Misconception,Subtraction
27139,33474,Sally has \( \frac{2}{3} \) of a whole cake in the fridge. Robert eats \( \frac{1}{3} \) of this piece. What fraction of the whole cake has Robert eaten? Choose the number sentence that would solve the word problem.,\( \frac{2}{3} \div \frac{1}{3} \),i think this because sally has eaten 2/3 of the cake and robert has eaten 1/3 of her peace so we have to divide it to find out how much robert has eaten.,False_Misconception,Division
27140,33474,Sally has \( \frac{2}{3} \) of a whole cake in the fridge. Robert eats \( \frac{1}{3} \) of this piece. What fraction of the whole cake has Robert eaten? Choose the number sentence that would solve the word problem.,\( \frac{2}{3} \div \frac{1}{3} \),i think this because we want to find out what 1/3 of 2/3 is so we use a divison method to help solve it,False_Misconception,Division
27141,33474,Sally has \( \frac{2}{3} \) of a whole cake in the fridge. Robert eats \( \frac{1}{3} \) of this piece. What fraction of the whole cake has Robert eaten? Choose the number sentence that would solve the word problem.,\( \frac{2}{3} \div \frac{1}{3} \),i think this because you need to find how much of the cake he's eaten and so you need to divide the fractions together.,False_Misconception,Division
27142,33474,Sally has \( \frac{2}{3} \) of a whole cake in the fridge. Robert eats \( \frac{1}{3} \) of this piece. What fraction of the whole cake has Robert eaten? Choose the number sentence that would solve the word problem.,\( \frac{2}{3} \div \frac{1}{3} \),i think this because you're dividing the amount of cake there is when he took away one third,False_Misconception,Division
27143,33474,Sally has \( \frac{2}{3} \) of a whole cake in the fridge. Robert eats \( \frac{1}{3} \) of this piece. What fraction of the whole cake has Robert eaten? Choose the number sentence that would solve the word problem.,\( \frac{2}{3} \div \frac{1}{3} \),"i think this because,they eat the cake so it's going to be taken away,but it is not going to be -.",False_Neither,
27144,33474,Sally has \( \frac{2}{3} \) of a whole cake in the fridge. Robert eats \( \frac{1}{3} \) of this piece. What fraction of the whole cake has Robert eaten? Choose the number sentence that would solve the word problem.,\( \frac{2}{3} \div \frac{1}{3} \),i think this is it .,False_Neither,
27145,33474,Sally has \( \frac{2}{3} \) of a whole cake in the fridge. Robert eats \( \frac{1}{3} \) of this piece. What fraction of the whole cake has Robert eaten? Choose the number sentence that would solve the word problem.,\( \frac{2}{3} \div \frac{1}{3} \),i think this is the answer because 1/3 of 2/3 is the same as putting 1/3 divided by 2/3,False_Misconception,Division
27146,33474,Sally has \( \frac{2}{3} \) of a whole cake in the fridge. Robert eats \( \frac{1}{3} \) of this piece. What fraction of the whole cake has Robert eaten? Choose the number sentence that would solve the word problem.,\( \frac{2}{3} \div \frac{1}{3} \),i tube that it is this one because that i just think that it is a division question,False_Neither,
27147,33474,Sally has \( \frac{2}{3} \) of a whole cake in the fridge. Robert eats \( \frac{1}{3} \) of this piece. What fraction of the whole cake has Robert eaten? Choose the number sentence that would solve the word problem.,\( \frac{2}{3} \div \frac{1}{3} \),i used reasoning and ruled out all of the other options.,False_Neither,
27148,33474,Sally has \( \frac{2}{3} \) of a whole cake in the fridge. Robert eats \( \frac{1}{3} \) of this piece. What fraction of the whole cake has Robert eaten? Choose the number sentence that would solve the word problem.,\( \frac{2}{3} \div \frac{1}{3} \),"i worked out what the totals of a, b and d and none of them made sense so i chose c.",False_Neither,
27149,33474,Sally has \( \frac{2}{3} \) of a whole cake in the fridge. Robert eats \( \frac{1}{3} \) of this piece. What fraction of the whole cake has Robert eaten? Choose the number sentence that would solve the word problem.,\( \frac{2}{3} \div \frac{1}{3} \),i'm not as sure on this one but i think if you want to find out how much of the entire cake he had you would divide the whole of it by the fraction he had,False_Misconception,Division
27150,33474,Sally has \( \frac{2}{3} \) of a whole cake in the fridge. Robert eats \( \frac{1}{3} \) of this piece. What fraction of the whole cake has Robert eaten? Choose the number sentence that would solve the word problem.,\( \frac{2}{3} \div \frac{1}{3} \),if there are 2/3 then 1/3 of that is gone is is c,False_Neither,
27151,33474,Sally has \( \frac{2}{3} \) of a whole cake in the fridge. Robert eats \( \frac{1}{3} \) of this piece. What fraction of the whole cake has Robert eaten? Choose the number sentence that would solve the word problem.,\( \frac{2}{3} \div \frac{1}{3} \),if there is two thirds in total and he eats one third of that then you have to do a divide to find one third of the two thirds,False_Misconception,Division
27152,33474,Sally has \( \frac{2}{3} \) of a whole cake in the fridge. Robert eats \( \frac{1}{3} \) of this piece. What fraction of the whole cake has Robert eaten? Choose the number sentence that would solve the word problem.,\( \frac{2}{3} \div \frac{1}{3} \),im not sur im guessing i dont uderstand the question,False_Neither,
27153,33474,Sally has \( \frac{2}{3} \) of a whole cake in the fridge. Robert eats \( \frac{1}{3} \) of this piece. What fraction of the whole cake has Robert eaten? Choose the number sentence that would solve the word problem.,\( \frac{2}{3} \div \frac{1}{3} \),it can’t be addition or multiplication because it’s getting smaller and it can’t be subtraction because it’s already 2/3,False_Neither,
27154,33474,Sally has \( \frac{2}{3} \) of a whole cake in the fridge. Robert eats \( \frac{1}{3} \) of this piece. What fraction of the whole cake has Robert eaten? Choose the number sentence that would solve the word problem.,\( \frac{2}{3} \div \frac{1}{3} \),it is one third of two third. i sort of just guessed,False_Neither,
27155,33474,Sally has \( \frac{2}{3} \) of a whole cake in the fridge. Robert eats \( \frac{1}{3} \) of this piece. What fraction of the whole cake has Robert eaten? Choose the number sentence that would solve the word problem.,\( \frac{2}{3} \div \frac{1}{3} \),it is so you get 1/3 of 33%,False_Neither,
27156,33474,Sally has \( \frac{2}{3} \) of a whole cake in the fridge. Robert eats \( \frac{1}{3} \) of this piece. What fraction of the whole cake has Robert eaten? Choose the number sentence that would solve the word problem.,\( \frac{2}{3} \div \frac{1}{3} \),it would be divide because your working out what is left.,False_Neither,
27157,33474,Sally has \( \frac{2}{3} \) of a whole cake in the fridge. Robert eats \( \frac{1}{3} \) of this piece. What fraction of the whole cake has Robert eaten? Choose the number sentence that would solve the word problem.,\( \frac{2}{3} \div \frac{1}{3} \),i’m not quite sure but i think this because if he eats 1/3 of 2/3 you have to divide 2/3 by 1/3.,False_Misconception,Division
27158,33474,Sally has \( \frac{2}{3} \) of a whole cake in the fridge. Robert eats \( \frac{1}{3} \) of this piece. What fraction of the whole cake has Robert eaten? Choose the number sentence that would solve the word problem.,\( \frac{2}{3} \div \frac{1}{3} \),i’m not quite sure but the answer to the problem is 1/5 i think,False_Neither,
27159,33474,Sally has \( \frac{2}{3} \) of a whole cake in the fridge. Robert eats \( \frac{1}{3} \) of this piece. What fraction of the whole cake has Robert eaten? Choose the number sentence that would solve the word problem.,\( \frac{2}{3} \div \frac{1}{3} \),"no cake has been added to, and a full third wasn't eaten by robert.",False_Neither,
27160,33474,Sally has \( \frac{2}{3} \) of a whole cake in the fridge. Robert eats \( \frac{1}{3} \) of this piece. What fraction of the whole cake has Robert eaten? Choose the number sentence that would solve the word problem.,\( \frac{2}{3} \div \frac{1}{3} \),robert ate 1/3 of sally's cake,False_Neither,
27161,33474,Sally has \( \frac{2}{3} \) of a whole cake in the fridge. Robert eats \( \frac{1}{3} \) of this piece. What fraction of the whole cake has Robert eaten? Choose the number sentence that would solve the word problem.,\( \frac{2}{3} \div \frac{1}{3} \),robert eats 1third so that means divide,False_Misconception,Division
27162,33474,Sally has \( \frac{2}{3} \) of a whole cake in the fridge. Robert eats \( \frac{1}{3} \) of this piece. What fraction of the whole cake has Robert eaten? Choose the number sentence that would solve the word problem.,\( \frac{2}{3} \div \frac{1}{3} \),robert would have a third of what's left.,False_Neither,
27163,33474,Sally has \( \frac{2}{3} \) of a whole cake in the fridge. Robert eats \( \frac{1}{3} \) of this piece. What fraction of the whole cake has Robert eaten? Choose the number sentence that would solve the word problem.,\( \frac{2}{3} \div \frac{1}{3} \),sally has 2 thirds of a cake robbert eats one third so 2 thirds % 1 third is the answer,False_Misconception,Division
27164,33474,Sally has \( \frac{2}{3} \) of a whole cake in the fridge. Robert eats \( \frac{1}{3} \) of this piece. What fraction of the whole cake has Robert eaten? Choose the number sentence that would solve the word problem.,\( \frac{2}{3} \div \frac{1}{3} \),sally only has 2/3 to start with,False_Neither,
27165,33474,Sally has \( \frac{2}{3} \) of a whole cake in the fridge. Robert eats \( \frac{1}{3} \) of this piece. What fraction of the whole cake has Robert eaten? Choose the number sentence that would solve the word problem.,\( \frac{2}{3} \div \frac{1}{3} \),sally only has 2/3 in the fridge to start with,False_Neither,
27166,33474,Sally has \( \frac{2}{3} \) of a whole cake in the fridge. Robert eats \( \frac{1}{3} \) of this piece. What fraction of the whole cake has Robert eaten? Choose the number sentence that would solve the word problem.,\( \frac{2}{3} \div \frac{1}{3} \),the question asks you for 1/3 of 2/3 which is the same as 2/3 divided by 1/3,False_Misconception,Division
27167,33474,Sally has \( \frac{2}{3} \) of a whole cake in the fridge. Robert eats \( \frac{1}{3} \) of this piece. What fraction of the whole cake has Robert eaten? Choose the number sentence that would solve the word problem.,\( \frac{2}{3} \div \frac{1}{3} \),there is 1/3 remaining after robert eats some of the cake. 2/3 ÷ 1/3 = 1/3 which is what we needed to find.,False_Misconception,Division
27168,33474,Sally has \( \frac{2}{3} \) of a whole cake in the fridge. Robert eats \( \frac{1}{3} \) of this piece. What fraction of the whole cake has Robert eaten? Choose the number sentence that would solve the word problem.,\( \frac{2}{3} \div \frac{1}{3} \),this answer is correct as it is the only one that gives a fraction of the fraction 2 thirds,False_Neither,
27169,33474,Sally has \( \frac{2}{3} \) of a whole cake in the fridge. Robert eats \( \frac{1}{3} \) of this piece. What fraction of the whole cake has Robert eaten? Choose the number sentence that would solve the word problem.,\( \frac{2}{3} \div \frac{1}{3} \),this is the way to work out how much he ate,False_Neither,
27170,33474,Sally has \( \frac{2}{3} \) of a whole cake in the fridge. Robert eats \( \frac{1}{3} \) of this piece. What fraction of the whole cake has Robert eaten? Choose the number sentence that would solve the word problem.,\( \frac{2}{3} \div \frac{1}{3} \),this one was really easy for me,False_Neither,
27171,33474,Sally has \( \frac{2}{3} \) of a whole cake in the fridge. Robert eats \( \frac{1}{3} \) of this piece. What fraction of the whole cake has Robert eaten? Choose the number sentence that would solve the word problem.,\( \frac{2}{3} \div \frac{1}{3} \),this would be divided because we are figuring out how much he ate.,False_Neither,
27172,33474,Sally has \( \frac{2}{3} \) of a whole cake in the fridge. Robert eats \( \frac{1}{3} \) of this piece. What fraction of the whole cake has Robert eaten? Choose the number sentence that would solve the word problem.,\( \frac{2}{3} \div \frac{1}{3} \),"timsing is the same as ""of"" so when they say 1/3 x 2/3 that is the same as 1/3 of 2/3 .",False_Correct,
27173,33474,Sally has \( \frac{2}{3} \) of a whole cake in the fridge. Robert eats \( \frac{1}{3} \) of this piece. What fraction of the whole cake has Robert eaten? Choose the number sentence that would solve the word problem.,\( \frac{2}{3} \div \frac{1}{3} \),to find a fraction of something when numerator is 1 divide by denominator.,False_Neither,
27174,33474,Sally has \( \frac{2}{3} \) of a whole cake in the fridge. Robert eats \( \frac{1}{3} \) of this piece. What fraction of the whole cake has Robert eaten? Choose the number sentence that would solve the word problem.,\( \frac{2}{3} \div \frac{1}{3} \),two thirds of the cake would be divided by thirds so you can work out what that third would be for the whole cake. answer is 1/9,False_Misconception,Division
27175,33474,Sally has \( \frac{2}{3} \) of a whole cake in the fridge. Robert eats \( \frac{1}{3} \) of this piece. What fraction of the whole cake has Robert eaten? Choose the number sentence that would solve the word problem.,\( \frac{2}{3} \div \frac{1}{3} \),we need to find 1/3 of the 2/3rds so we must divide,False_Misconception,Division
27176,33474,Sally has \( \frac{2}{3} \) of a whole cake in the fridge. Robert eats \( \frac{1}{3} \) of this piece. What fraction of the whole cake has Robert eaten? Choose the number sentence that would solve the word problem.,\( \frac{2}{3} \div \frac{1}{3} \),"well if u add that would increase the numbe and you want to decrease the nu,bear",False_Neither,
27177,33474,Sally has \( \frac{2}{3} \) of a whole cake in the fridge. Robert eats \( \frac{1}{3} \) of this piece. What fraction of the whole cake has Robert eaten? Choose the number sentence that would solve the word problem.,\( \frac{2}{3} \div \frac{1}{3} \),when you are trying to find a fraction of something you always divide.,False_Misconception,Division
27178,33474,Sally has \( \frac{2}{3} \) of a whole cake in the fridge. Robert eats \( \frac{1}{3} \) of this piece. What fraction of the whole cake has Robert eaten? Choose the number sentence that would solve the word problem.,\( \frac{2}{3} \div \frac{1}{3} \),you are finding 1/3 of 2/3 which is dividing,False_Misconception,Division
27179,33474,Sally has \( \frac{2}{3} \) of a whole cake in the fridge. Robert eats \( \frac{1}{3} \) of this piece. What fraction of the whole cake has Robert eaten? Choose the number sentence that would solve the word problem.,\( \frac{2}{3} \div \frac{1}{3} \),you count the hole in as well but half it.,False_Neither,
27180,33474,Sally has \( \frac{2}{3} \) of a whole cake in the fridge. Robert eats \( \frac{1}{3} \) of this piece. What fraction of the whole cake has Robert eaten? Choose the number sentence that would solve the word problem.,\( \frac{2}{3} \div \frac{1}{3} \),you have 2/3 and you need 1/3 of that so you do the equation - 2/3 / 1/3 =,False_Misconception,Division
27181,33474,Sally has \( \frac{2}{3} \) of a whole cake in the fridge. Robert eats \( \frac{1}{3} \) of this piece. What fraction of the whole cake has Robert eaten? Choose the number sentence that would solve the word problem.,\( \frac{2}{3} \div \frac{1}{3} \),you need to divide to get the number,False_Misconception,Division
27182,33474,Sally has \( \frac{2}{3} \) of a whole cake in the fridge. Robert eats \( \frac{1}{3} \) of this piece. What fraction of the whole cake has Robert eaten? Choose the number sentence that would solve the word problem.,\( \frac{2}{3}-\frac{1}{3} \),-1 i'm pretty sure gives you 1,False_Neither,
27183,33474,Sally has \( \frac{2}{3} \) of a whole cake in the fridge. Robert eats \( \frac{1}{3} \) of this piece. What fraction of the whole cake has Robert eaten? Choose the number sentence that would solve the word problem.,\( \frac{2}{3}-\frac{1}{3} \),1-2=1 and she had 2/3 of the cake left,False_Neither,
27184,33474,Sally has \( \frac{2}{3} \) of a whole cake in the fridge. Robert eats \( \frac{1}{3} \) of this piece. What fraction of the whole cake has Robert eaten? Choose the number sentence that would solve the word problem.,\( \frac{2}{3}-\frac{1}{3} \),1/3 of the cake has been eaten and 1/3 has been taken away from 2/3,False_Misconception,Subtraction
27185,33474,Sally has \( \frac{2}{3} \) of a whole cake in the fridge. Robert eats \( \frac{1}{3} \) of this piece. What fraction of the whole cake has Robert eaten? Choose the number sentence that would solve the word problem.,\( \frac{2}{3}-\frac{1}{3} \),2 - 1 = 1 = 1 slice of cake for robert,False_Neither,
27186,33474,Sally has \( \frac{2}{3} \) of a whole cake in the fridge. Robert eats \( \frac{1}{3} \) of this piece. What fraction of the whole cake has Robert eaten? Choose the number sentence that would solve the word problem.,\( \frac{2}{3}-\frac{1}{3} \),2 over3 then the other one is a 0,False_Neither,
27187,33474,Sally has \( \frac{2}{3} \) of a whole cake in the fridge. Robert eats \( \frac{1}{3} \) of this piece. What fraction of the whole cake has Robert eaten? Choose the number sentence that would solve the word problem.,\( \frac{2}{3}-\frac{1}{3} \),2 peices minus 1 piece is one peice,False_Neither,
27188,33474,Sally has \( \frac{2}{3} \) of a whole cake in the fridge. Robert eats \( \frac{1}{3} \) of this piece. What fraction of the whole cake has Robert eaten? Choose the number sentence that would solve the word problem.,\( \frac{2}{3}-\frac{1}{3} \),2 take away 1 is 1 leave the denominators the same,False_Neither,
27189,33474,Sally has \( \frac{2}{3} \) of a whole cake in the fridge. Robert eats \( \frac{1}{3} \) of this piece. What fraction of the whole cake has Robert eaten? Choose the number sentence that would solve the word problem.,\( \frac{2}{3}-\frac{1}{3} \),2 take away 1 is 1 so i know the denominators will stay the same,False_Misconception,Subtraction
27190,33474,Sally has \( \frac{2}{3} \) of a whole cake in the fridge. Robert eats \( \frac{1}{3} \) of this piece. What fraction of the whole cake has Robert eaten? Choose the number sentence that would solve the word problem.,\( \frac{2}{3}-\frac{1}{3} \),2 takeaway 1 is 1 and that is 1 over 3,False_Misconception,Subtraction
27191,33474,Sally has \( \frac{2}{3} \) of a whole cake in the fridge. Robert eats \( \frac{1}{3} \) of this piece. What fraction of the whole cake has Robert eaten? Choose the number sentence that would solve the word problem.,\( \frac{2}{3}-\frac{1}{3} \),2 thirds take away 1 third gives you 1 third,False_Misconception,Subtraction
27192,33474,Sally has \( \frac{2}{3} \) of a whole cake in the fridge. Robert eats \( \frac{1}{3} \) of this piece. What fraction of the whole cake has Robert eaten? Choose the number sentence that would solve the word problem.,\( \frac{2}{3}-\frac{1}{3} \),2 thirds take away 1 third leaves 1 third,False_Misconception,Subtraction
27193,33474,Sally has \( \frac{2}{3} \) of a whole cake in the fridge. Robert eats \( \frac{1}{3} \) of this piece. What fraction of the whole cake has Robert eaten? Choose the number sentence that would solve the word problem.,\( \frac{2}{3}-\frac{1}{3} \),2 thirds takeaway 1 third is 1 third but i'm not really sure.,False_Misconception,Subtraction
27194,33474,Sally has \( \frac{2}{3} \) of a whole cake in the fridge. Robert eats \( \frac{1}{3} \) of this piece. What fraction of the whole cake has Robert eaten? Choose the number sentence that would solve the word problem.,\( \frac{2}{3}-\frac{1}{3} \),2- 1 = 1 then you do not need to do anything to the bottom,False_Neither,
27195,33474,Sally has \( \frac{2}{3} \) of a whole cake in the fridge. Robert eats \( \frac{1}{3} \) of this piece. What fraction of the whole cake has Robert eaten? Choose the number sentence that would solve the word problem.,\( \frac{2}{3}-\frac{1}{3} \),2-1 = 1 and there is 1 third left of the cake of 2 thirds.,False_Neither,
27196,33474,Sally has \( \frac{2}{3} \) of a whole cake in the fridge. Robert eats \( \frac{1}{3} \) of this piece. What fraction of the whole cake has Robert eaten? Choose the number sentence that would solve the word problem.,\( \frac{2}{3}-\frac{1}{3} \),2-1 is 1 put it over 3 and it's the answer,False_Misconception,Subtraction
27197,33474,Sally has \( \frac{2}{3} \) of a whole cake in the fridge. Robert eats \( \frac{1}{3} \) of this piece. What fraction of the whole cake has Robert eaten? Choose the number sentence that would solve the word problem.,\( \frac{2}{3}-\frac{1}{3} \),2-1=1 and the denominator stays the same so it is 1/3,False_Neither,
27198,33474,Sally has \( \frac{2}{3} \) of a whole cake in the fridge. Robert eats \( \frac{1}{3} \) of this piece. What fraction of the whole cake has Robert eaten? Choose the number sentence that would solve the word problem.,\( \frac{2}{3}-\frac{1}{3} \),2/3 - 1/3 (because 1/3 of 2/3 cake has been eaten) = 1/3,False_Neither,
27199,33474,Sally has \( \frac{2}{3} \) of a whole cake in the fridge. Robert eats \( \frac{1}{3} \) of this piece. What fraction of the whole cake has Robert eaten? Choose the number sentence that would solve the word problem.,\( \frac{2}{3}-\frac{1}{3} \),2/3 - 1/3 = 1/3 because you are finding how much is left,False_Misconception,Subtraction
27200,33474,Sally has \( \frac{2}{3} \) of a whole cake in the fridge. Robert eats \( \frac{1}{3} \) of this piece. What fraction of the whole cake has Robert eaten? Choose the number sentence that would solve the word problem.,\( \frac{2}{3}-\frac{1}{3} \),2/3 - 1/3 = 1/3 this is because he eats the cake which means you take it away.,False_Misconception,Subtraction
27201,33474,Sally has \( \frac{2}{3} \) of a whole cake in the fridge. Robert eats \( \frac{1}{3} \) of this piece. What fraction of the whole cake has Robert eaten? Choose the number sentence that would solve the word problem.,\( \frac{2}{3}-\frac{1}{3} \),"2/3 - 1/3 = 1/3 and he has eaten 1 third of the piece left, 1 third of the price to begin with",False_Misconception,Subtraction
27202,33474,Sally has \( \frac{2}{3} \) of a whole cake in the fridge. Robert eats \( \frac{1}{3} \) of this piece. What fraction of the whole cake has Robert eaten? Choose the number sentence that would solve the word problem.,\( \frac{2}{3}-\frac{1}{3} \),2/3 - 1/3 = 1/3 so i looked through and tried every sequence to see if i got 1/3 and d is correct because 2/3 -1/3 = 1/3 so that is the correct answer.,False_Misconception,Subtraction
27203,33474,Sally has \( \frac{2}{3} \) of a whole cake in the fridge. Robert eats \( \frac{1}{3} \) of this piece. What fraction of the whole cake has Robert eaten? Choose the number sentence that would solve the word problem.,\( \frac{2}{3}-\frac{1}{3} \),2/3 - 1/3 because if sally has 2/3 and robert has 1/3 and you need to subtract them to find the answer out,False_Misconception,Subtraction
27204,33474,Sally has \( \frac{2}{3} \) of a whole cake in the fridge. Robert eats \( \frac{1}{3} \) of this piece. What fraction of the whole cake has Robert eaten? Choose the number sentence that would solve the word problem.,\( \frac{2}{3}-\frac{1}{3} \),2/3 - 1/3 because she had 2/3 to start with,False_Neither,
27205,33474,Sally has \( \frac{2}{3} \) of a whole cake in the fridge. Robert eats \( \frac{1}{3} \) of this piece. What fraction of the whole cake has Robert eaten? Choose the number sentence that would solve the word problem.,\( \frac{2}{3}-\frac{1}{3} \),2/3 - 1/3 is 1/3 which is what robert eaten,False_Misconception,Subtraction
27206,33474,Sally has \( \frac{2}{3} \) of a whole cake in the fridge. Robert eats \( \frac{1}{3} \) of this piece. What fraction of the whole cake has Robert eaten? Choose the number sentence that would solve the word problem.,\( \frac{2}{3}-\frac{1}{3} \),2/3 - 1/3 is the amount of cake that is left,False_Neither,
27207,33474,Sally has \( \frac{2}{3} \) of a whole cake in the fridge. Robert eats \( \frac{1}{3} \) of this piece. What fraction of the whole cake has Robert eaten? Choose the number sentence that would solve the word problem.,\( \frac{2}{3}-\frac{1}{3} \),2/3 - 1/3 is the write answer trust me i know (: :(:(:(:(:(:(:((:(:(:((:(:,False_Neither,
27208,33474,Sally has \( \frac{2}{3} \) of a whole cake in the fridge. Robert eats \( \frac{1}{3} \) of this piece. What fraction of the whole cake has Robert eaten? Choose the number sentence that would solve the word problem.,\( \frac{2}{3}-\frac{1}{3} \),2/3 - 1/3 is what the sentences mean,False_Misconception,Subtraction
27209,33474,Sally has \( \frac{2}{3} \) of a whole cake in the fridge. Robert eats \( \frac{1}{3} \) of this piece. What fraction of the whole cake has Robert eaten? Choose the number sentence that would solve the word problem.,\( \frac{2}{3}-\frac{1}{3} \),2/3 - 1/3 would give you correct fraction,False_Neither,
27210,33474,Sally has \( \frac{2}{3} \) of a whole cake in the fridge. Robert eats \( \frac{1}{3} \) of this piece. What fraction of the whole cake has Robert eaten? Choose the number sentence that would solve the word problem.,\( \frac{2}{3}-\frac{1}{3} \),2/3 - 1/3= 1/3 because 2/3 sally has and robert has one third of the cake so there's one third of the cake left from what robert had,False_Misconception,Subtraction
27211,33474,Sally has \( \frac{2}{3} \) of a whole cake in the fridge. Robert eats \( \frac{1}{3} \) of this piece. What fraction of the whole cake has Robert eaten? Choose the number sentence that would solve the word problem.,\( \frac{2}{3}-\frac{1}{3} \),2/3 - 1/3=1/3 so then you get the same answer of 1/3,False_Misconception,Subtraction
27212,33474,Sally has \( \frac{2}{3} \) of a whole cake in the fridge. Robert eats \( \frac{1}{3} \) of this piece. What fraction of the whole cake has Robert eaten? Choose the number sentence that would solve the word problem.,\( \frac{2}{3}-\frac{1}{3} \),2/3 -1/3 is 1/3 which is how much robert ate,False_Misconception,Subtraction
27213,33474,Sally has \( \frac{2}{3} \) of a whole cake in the fridge. Robert eats \( \frac{1}{3} \) of this piece. What fraction of the whole cake has Robert eaten? Choose the number sentence that would solve the word problem.,\( \frac{2}{3}-\frac{1}{3} \),2/3 and your taking away 1/3 from it,False_Misconception,Subtraction
27214,33474,Sally has \( \frac{2}{3} \) of a whole cake in the fridge. Robert eats \( \frac{1}{3} \) of this piece. What fraction of the whole cake has Robert eaten? Choose the number sentence that would solve the word problem.,\( \frac{2}{3}-\frac{1}{3} \),"2/3 are in the fridge, so if robert eats 1/3 it will be 'taken away' so 2/3 -1/3 is correct.",False_Misconception,Subtraction
27215,33474,Sally has \( \frac{2}{3} \) of a whole cake in the fridge. Robert eats \( \frac{1}{3} \) of this piece. What fraction of the whole cake has Robert eaten? Choose the number sentence that would solve the word problem.,\( \frac{2}{3}-\frac{1}{3} \),2/3 are there and 1/3 has been eaten. therefore you have 2/3-1/3,False_Misconception,Subtraction
27216,33474,Sally has \( \frac{2}{3} \) of a whole cake in the fridge. Robert eats \( \frac{1}{3} \) of this piece. What fraction of the whole cake has Robert eaten? Choose the number sentence that would solve the word problem.,\( \frac{2}{3}-\frac{1}{3} \),2/3 is in the fridge he takes one third and eats it 2/3-1/3=1/3,False_Misconception,Subtraction
27217,33474,Sally has \( \frac{2}{3} \) of a whole cake in the fridge. Robert eats \( \frac{1}{3} \) of this piece. What fraction of the whole cake has Robert eaten? Choose the number sentence that would solve the word problem.,\( \frac{2}{3}-\frac{1}{3} \),2/3 is what you start with and then you subtract 1/3,False_Neither,
27218,33474,Sally has \( \frac{2}{3} \) of a whole cake in the fridge. Robert eats \( \frac{1}{3} \) of this piece. What fraction of the whole cake has Robert eaten? Choose the number sentence that would solve the word problem.,\( \frac{2}{3}-\frac{1}{3} \),2/3 of a cake robert eats one so there is less,False_Neither,
27219,33474,Sally has \( \frac{2}{3} \) of a whole cake in the fridge. Robert eats \( \frac{1}{3} \) of this piece. What fraction of the whole cake has Robert eaten? Choose the number sentence that would solve the word problem.,\( \frac{2}{3}-\frac{1}{3} \),2/3 of the cake is left and robert eats 1/3 so that is 2/3 - 1/3,False_Misconception,Subtraction
27220,33474,Sally has \( \frac{2}{3} \) of a whole cake in the fridge. Robert eats \( \frac{1}{3} \) of this piece. What fraction of the whole cake has Robert eaten? Choose the number sentence that would solve the word problem.,\( \frac{2}{3}-\frac{1}{3} \),2/3 of the cake is left. robert eats 1/3 so 2/3 - 1/3 = 1/3,False_Misconception,Subtraction
27221,33474,Sally has \( \frac{2}{3} \) of a whole cake in the fridge. Robert eats \( \frac{1}{3} \) of this piece. What fraction of the whole cake has Robert eaten? Choose the number sentence that would solve the word problem.,\( \frac{2}{3}-\frac{1}{3} \),2/3 of the cake take away 1/3 leaves 1/3,False_Misconception,Subtraction
27222,33474,Sally has \( \frac{2}{3} \) of a whole cake in the fridge. Robert eats \( \frac{1}{3} \) of this piece. What fraction of the whole cake has Robert eaten? Choose the number sentence that would solve the word problem.,\( \frac{2}{3}-\frac{1}{3} \),"2/3 of the cake was in the fridge, he ate 1/3 of it, 2-1=1 3 out of 3= 3",False_Neither,
27223,33474,Sally has \( \frac{2}{3} \) of a whole cake in the fridge. Robert eats \( \frac{1}{3} \) of this piece. What fraction of the whole cake has Robert eaten? Choose the number sentence that would solve the word problem.,\( \frac{2}{3}-\frac{1}{3} \),2/3-1/3 = 1/3 which is the amount left of the cake in the fridge,False_Misconception,Subtraction
27224,33474,Sally has \( \frac{2}{3} \) of a whole cake in the fridge. Robert eats \( \frac{1}{3} \) of this piece. What fraction of the whole cake has Robert eaten? Choose the number sentence that would solve the word problem.,\( \frac{2}{3}-\frac{1}{3} \),2/3-1/3 because he ate 1/3 so it is subtraction,False_Misconception,Subtraction
27225,33474,Sally has \( \frac{2}{3} \) of a whole cake in the fridge. Robert eats \( \frac{1}{3} \) of this piece. What fraction of the whole cake has Robert eaten? Choose the number sentence that would solve the word problem.,\( \frac{2}{3}-\frac{1}{3} \),2/3-1/3 equals 1/3 which is i think is what's left.,False_Misconception,Subtraction
27226,33474,Sally has \( \frac{2}{3} \) of a whole cake in the fridge. Robert eats \( \frac{1}{3} \) of this piece. What fraction of the whole cake has Robert eaten? Choose the number sentence that would solve the word problem.,\( \frac{2}{3}-\frac{1}{3} \),2/3-1/3 is what happened to the cake,False_Neither,
27227,33474,Sally has \( \frac{2}{3} \) of a whole cake in the fridge. Robert eats \( \frac{1}{3} \) of this piece. What fraction of the whole cake has Robert eaten? Choose the number sentence that would solve the word problem.,\( \frac{2}{3}-\frac{1}{3} \),2/3-1/3=1/3 and i could strait away see it was take away,False_Misconception,Subtraction
27228,33474,Sally has \( \frac{2}{3} \) of a whole cake in the fridge. Robert eats \( \frac{1}{3} \) of this piece. What fraction of the whole cake has Robert eaten? Choose the number sentence that would solve the word problem.,\( \frac{2}{3}-\frac{1}{3} \),2/3-1/3=1/3 and he ate 1/3 of the cake,False_Misconception,Subtraction
27229,33474,Sally has \( \frac{2}{3} \) of a whole cake in the fridge. Robert eats \( \frac{1}{3} \) of this piece. What fraction of the whole cake has Robert eaten? Choose the number sentence that would solve the word problem.,\( \frac{2}{3}-\frac{1}{3} \),2/3-1/3=1/3 so the answer is d,False_Misconception,Subtraction
27230,33474,Sally has \( \frac{2}{3} \) of a whole cake in the fridge. Robert eats \( \frac{1}{3} \) of this piece. What fraction of the whole cake has Robert eaten? Choose the number sentence that would solve the word problem.,\( \frac{2}{3}-\frac{1}{3} \),2/3-1/3=1/3 that is the amount of cake robert has eaten,False_Misconception,Subtraction
27231,33474,Sally has \( \frac{2}{3} \) of a whole cake in the fridge. Robert eats \( \frac{1}{3} \) of this piece. What fraction of the whole cake has Robert eaten? Choose the number sentence that would solve the word problem.,\( \frac{2}{3}-\frac{1}{3} \),2/3. is in the fridge.we only have 2/3. then robert eats 1/3 you obviously need to subtract it,False_Neither,
27232,33474,Sally has \( \frac{2}{3} \) of a whole cake in the fridge. Robert eats \( \frac{1}{3} \) of this piece. What fraction of the whole cake has Robert eaten? Choose the number sentence that would solve the word problem.,\( \frac{2}{3}-\frac{1}{3} \),a full cake sally has 2 third take away 1 third,False_Neither,
27233,33474,Sally has \( \frac{2}{3} \) of a whole cake in the fridge. Robert eats \( \frac{1}{3} \) of this piece. What fraction of the whole cake has Robert eaten? Choose the number sentence that would solve the word problem.,\( \frac{2}{3}-\frac{1}{3} \),as 1/3 has been taken away,False_Misconception,Subtraction
27234,33474,Sally has \( \frac{2}{3} \) of a whole cake in the fridge. Robert eats \( \frac{1}{3} \) of this piece. What fraction of the whole cake has Robert eaten? Choose the number sentence that would solve the word problem.,\( \frac{2}{3}-\frac{1}{3} \),as 1/3 is being took away,False_Misconception,Subtraction
27235,33474,Sally has \( \frac{2}{3} \) of a whole cake in the fridge. Robert eats \( \frac{1}{3} \) of this piece. What fraction of the whole cake has Robert eaten? Choose the number sentence that would solve the word problem.,\( \frac{2}{3}-\frac{1}{3} \),as rob ate 1/3 you must subtract that from the total ammount as it is gone.,False_Misconception,Subtraction
27236,33474,Sally has \( \frac{2}{3} \) of a whole cake in the fridge. Robert eats \( \frac{1}{3} \) of this piece. What fraction of the whole cake has Robert eaten? Choose the number sentence that would solve the word problem.,\( \frac{2}{3}-\frac{1}{3} \),as sally has 2/3 ad he eats1/3 you need to do 2/3 - 1/3,False_Misconception,Subtraction
27237,33474,Sally has \( \frac{2}{3} \) of a whole cake in the fridge. Robert eats \( \frac{1}{3} \) of this piece. What fraction of the whole cake has Robert eaten? Choose the number sentence that would solve the word problem.,\( \frac{2}{3}-\frac{1}{3} \),"as, there is 2/3 of a cake in a fridge and 1/3 is eaten so it is taken away from the original amount, 2/3-1/3.",False_Misconception,Subtraction
27238,33474,Sally has \( \frac{2}{3} \) of a whole cake in the fridge. Robert eats \( \frac{1}{3} \) of this piece. What fraction of the whole cake has Robert eaten? Choose the number sentence that would solve the word problem.,\( \frac{2}{3}-\frac{1}{3} \),ate can mean subtract so this is why i believe this answer,False_Misconception,Subtraction
27239,33474,Sally has \( \frac{2}{3} \) of a whole cake in the fridge. Robert eats \( \frac{1}{3} \) of this piece. What fraction of the whole cake has Robert eaten? Choose the number sentence that would solve the word problem.,\( \frac{2}{3}-\frac{1}{3} \),bc sally has 2/3 of a whoel cake then robert eats 1/3 so it -,False_Neither,
27240,33474,Sally has \( \frac{2}{3} \) of a whole cake in the fridge. Robert eats \( \frac{1}{3} \) of this piece. What fraction of the whole cake has Robert eaten? Choose the number sentence that would solve the word problem.,\( \frac{2}{3}-\frac{1}{3} \),beacause it say that he eats some and that mean 1 whole,False_Neither,
27241,33474,Sally has \( \frac{2}{3} \) of a whole cake in the fridge. Robert eats \( \frac{1}{3} \) of this piece. What fraction of the whole cake has Robert eaten? Choose the number sentence that would solve the word problem.,\( \frac{2}{3}-\frac{1}{3} \),beacuse two thirds -one third =one third,False_Misconception,Subtraction
27242,33474,Sally has \( \frac{2}{3} \) of a whole cake in the fridge. Robert eats \( \frac{1}{3} \) of this piece. What fraction of the whole cake has Robert eaten? Choose the number sentence that would solve the word problem.,\( \frac{2}{3}-\frac{1}{3} \),becaise he took 1/3 so you have to take away.,False_Misconception,Subtraction
27243,33474,Sally has \( \frac{2}{3} \) of a whole cake in the fridge. Robert eats \( \frac{1}{3} \) of this piece. What fraction of the whole cake has Robert eaten? Choose the number sentence that would solve the word problem.,\( \frac{2}{3}-\frac{1}{3} \),becasue you have 2 3rds and he eats 1 3rd so you subtract,False_Misconception,Subtraction
27244,33474,Sally has \( \frac{2}{3} \) of a whole cake in the fridge. Robert eats \( \frac{1}{3} \) of this piece. What fraction of the whole cake has Robert eaten? Choose the number sentence that would solve the word problem.,\( \frac{2}{3}-\frac{1}{3} \),because there is 2/3 of a cake and robert dates 1/3 of it so 2/3-1/3 is 1/3,False_Misconception,Subtraction
27245,33474,Sally has \( \frac{2}{3} \) of a whole cake in the fridge. Robert eats \( \frac{1}{3} \) of this piece. What fraction of the whole cake has Robert eaten? Choose the number sentence that would solve the word problem.,\( \frac{2}{3}-\frac{1}{3} \),because (2x3) - (1x3) ÷ 3x3 that = 3 over 9 then you do 3÷3 over 9÷3 = 1 over 3,False_Misconception,Division
27246,33474,Sally has \( \frac{2}{3} \) of a whole cake in the fridge. Robert eats \( \frac{1}{3} \) of this piece. What fraction of the whole cake has Robert eaten? Choose the number sentence that would solve the word problem.,\( \frac{2}{3}-\frac{1}{3} \),because 1-2=1. and you don't take 3 away from 3 as the denominator. so that would make it : one third.,False_Misconception,Subtraction
27247,33474,Sally has \( \frac{2}{3} \) of a whole cake in the fridge. Robert eats \( \frac{1}{3} \) of this piece. What fraction of the whole cake has Robert eaten? Choose the number sentence that would solve the word problem.,\( \frac{2}{3}-\frac{1}{3} \),because 1/3 has been eaten from 2/3,False_Neither,
27248,33474,Sally has \( \frac{2}{3} \) of a whole cake in the fridge. Robert eats \( \frac{1}{3} \) of this piece. What fraction of the whole cake has Robert eaten? Choose the number sentence that would solve the word problem.,\( \frac{2}{3}-\frac{1}{3} \),because 1/3 has been taken away,False_Misconception,Subtraction
27249,33474,Sally has \( \frac{2}{3} \) of a whole cake in the fridge. Robert eats \( \frac{1}{3} \) of this piece. What fraction of the whole cake has Robert eaten? Choose the number sentence that would solve the word problem.,\( \frac{2}{3}-\frac{1}{3} \),because 1/3 is the answer because there is 2/3 and robert eats 1/3 so 1/3,False_Neither,
27250,33474,Sally has \( \frac{2}{3} \) of a whole cake in the fridge. Robert eats \( \frac{1}{3} \) of this piece. What fraction of the whole cake has Robert eaten? Choose the number sentence that would solve the word problem.,\( \frac{2}{3}-\frac{1}{3} \),because 1/3 of the cake is left and d is the same as d,False_Neither,
27251,33474,Sally has \( \frac{2}{3} \) of a whole cake in the fridge. Robert eats \( \frac{1}{3} \) of this piece. What fraction of the whole cake has Robert eaten? Choose the number sentence that would solve the word problem.,\( \frac{2}{3}-\frac{1}{3} \),because 1/3 was taken away from 2/3.,False_Misconception,Subtraction
27252,33474,Sally has \( \frac{2}{3} \) of a whole cake in the fridge. Robert eats \( \frac{1}{3} \) of this piece. What fraction of the whole cake has Robert eaten? Choose the number sentence that would solve the word problem.,\( \frac{2}{3}-\frac{1}{3} \),because 2 - 1 = 1 and keep the three the same,False_Neither,
27253,33474,Sally has \( \frac{2}{3} \) of a whole cake in the fridge. Robert eats \( \frac{1}{3} \) of this piece. What fraction of the whole cake has Robert eaten? Choose the number sentence that would solve the word problem.,\( \frac{2}{3}-\frac{1}{3} \),because 2 3rds minus 1 3rd is 1 3rd which is the correct answer,False_Misconception,Subtraction
27254,33474,Sally has \( \frac{2}{3} \) of a whole cake in the fridge. Robert eats \( \frac{1}{3} \) of this piece. What fraction of the whole cake has Robert eaten? Choose the number sentence that would solve the word problem.,\( \frac{2}{3}-\frac{1}{3} \),because 2 thirds minus 1 third equals 1 third,False_Misconception,Subtraction
27255,33474,Sally has \( \frac{2}{3} \) of a whole cake in the fridge. Robert eats \( \frac{1}{3} \) of this piece. What fraction of the whole cake has Robert eaten? Choose the number sentence that would solve the word problem.,\( \frac{2}{3}-\frac{1}{3} \),because 2 thirds minus one third is the sum,False_Neither,
27256,33474,Sally has \( \frac{2}{3} \) of a whole cake in the fridge. Robert eats \( \frac{1}{3} \) of this piece. What fraction of the whole cake has Robert eaten? Choose the number sentence that would solve the word problem.,\( \frac{2}{3}-\frac{1}{3} \),because 2 thirds take 1 third =1 third,False_Misconception,Subtraction
27257,33474,Sally has \( \frac{2}{3} \) of a whole cake in the fridge. Robert eats \( \frac{1}{3} \) of this piece. What fraction of the whole cake has Robert eaten? Choose the number sentence that would solve the word problem.,\( \frac{2}{3}-\frac{1}{3} \),because 2 thirds take away one third is one third,False_Misconception,Subtraction
27258,33474,Sally has \( \frac{2}{3} \) of a whole cake in the fridge. Robert eats \( \frac{1}{3} \) of this piece. What fraction of the whole cake has Robert eaten? Choose the number sentence that would solve the word problem.,\( \frac{2}{3}-\frac{1}{3} \),because 2-1 is 1 so he ate 1/3,False_Misconception,Subtraction
27259,33474,Sally has \( \frac{2}{3} \) of a whole cake in the fridge. Robert eats \( \frac{1}{3} \) of this piece. What fraction of the whole cake has Robert eaten? Choose the number sentence that would solve the word problem.,\( \frac{2}{3}-\frac{1}{3} \),because 2-1=1 and the denominator stays the same,False_Neither,
27260,33474,Sally has \( \frac{2}{3} \) of a whole cake in the fridge. Robert eats \( \frac{1}{3} \) of this piece. What fraction of the whole cake has Robert eaten? Choose the number sentence that would solve the word problem.,\( \frac{2}{3}-\frac{1}{3} \),because 2-1=1 and there is 1/3 left,False_Misconception,Subtraction
27261,33474,Sally has \( \frac{2}{3} \) of a whole cake in the fridge. Robert eats \( \frac{1}{3} \) of this piece. What fraction of the whole cake has Robert eaten? Choose the number sentence that would solve the word problem.,\( \frac{2}{3}-\frac{1}{3} \),because 2/3 take away one third is 1/3 and then you see which sum matches.,False_Misconception,Subtraction
27262,33474,Sally has \( \frac{2}{3} \) of a whole cake in the fridge. Robert eats \( \frac{1}{3} \) of this piece. What fraction of the whole cake has Robert eaten? Choose the number sentence that would solve the word problem.,\( \frac{2}{3}-\frac{1}{3} \),because 2/3 - 1/3 = 1/3 and sally has 1/3 left,False_Misconception,Subtraction
27263,33474,Sally has \( \frac{2}{3} \) of a whole cake in the fridge. Robert eats \( \frac{1}{3} \) of this piece. What fraction of the whole cake has Robert eaten? Choose the number sentence that would solve the word problem.,\( \frac{2}{3}-\frac{1}{3} \),because 2/3 - 1/3 is 1/3 and robert ate 1/3 of the cake,False_Misconception,Subtraction
27264,33474,Sally has \( \frac{2}{3} \) of a whole cake in the fridge. Robert eats \( \frac{1}{3} \) of this piece. What fraction of the whole cake has Robert eaten? Choose the number sentence that would solve the word problem.,\( \frac{2}{3}-\frac{1}{3} \),because 2/3 - 1/3 is one third and that is what would be left if robert ate 1/3 of it.,False_Misconception,Subtraction
27265,33474,Sally has \( \frac{2}{3} \) of a whole cake in the fridge. Robert eats \( \frac{1}{3} \) of this piece. What fraction of the whole cake has Robert eaten? Choose the number sentence that would solve the word problem.,\( \frac{2}{3}-\frac{1}{3} \),because 2/3 - 1/3= 1/3 because they have the same denominator,False_Misconception,Subtraction
27266,33474,Sally has \( \frac{2}{3} \) of a whole cake in the fridge. Robert eats \( \frac{1}{3} \) of this piece. What fraction of the whole cake has Robert eaten? Choose the number sentence that would solve the word problem.,\( \frac{2}{3}-\frac{1}{3} \),because 2/3 are left and he eats 1/3 so 2/3 -1/3 is the right sum,False_Misconception,Subtraction
27267,33474,Sally has \( \frac{2}{3} \) of a whole cake in the fridge. Robert eats \( \frac{1}{3} \) of this piece. What fraction of the whole cake has Robert eaten? Choose the number sentence that would solve the word problem.,\( \frac{2}{3}-\frac{1}{3} \),"because 2/3 minus the 1/3 robert ate is ""/3 take away 1/3",False_Misconception,Subtraction
27268,33474,Sally has \( \frac{2}{3} \) of a whole cake in the fridge. Robert eats \( \frac{1}{3} \) of this piece. What fraction of the whole cake has Robert eaten? Choose the number sentence that would solve the word problem.,\( \frac{2}{3}-\frac{1}{3} \),because 2/3 of the cake is left and he eats 1/3 of the cake so you need to do 2/3-1/3,False_Misconception,Subtraction
27269,33474,Sally has \( \frac{2}{3} \) of a whole cake in the fridge. Robert eats \( \frac{1}{3} \) of this piece. What fraction of the whole cake has Robert eaten? Choose the number sentence that would solve the word problem.,\( \frac{2}{3}-\frac{1}{3} \),because 2/3 of the whole cake is in the fridge and robert has eaten 1/3 of the cake so 2/3-1/3 will give us 1/3.,False_Misconception,Subtraction
27270,33474,Sally has \( \frac{2}{3} \) of a whole cake in the fridge. Robert eats \( \frac{1}{3} \) of this piece. What fraction of the whole cake has Robert eaten? Choose the number sentence that would solve the word problem.,\( \frac{2}{3}-\frac{1}{3} \),because 2/3 take away 1/3 is 1/3 which is the remaining bit of cake left,False_Misconception,Subtraction
27271,33474,Sally has \( \frac{2}{3} \) of a whole cake in the fridge. Robert eats \( \frac{1}{3} \) of this piece. What fraction of the whole cake has Robert eaten? Choose the number sentence that would solve the word problem.,\( \frac{2}{3}-\frac{1}{3} \),because 2/3 take away the 1/3 robert ate = 1/3.,False_Misconception,Subtraction
27272,33474,Sally has \( \frac{2}{3} \) of a whole cake in the fridge. Robert eats \( \frac{1}{3} \) of this piece. What fraction of the whole cake has Robert eaten? Choose the number sentence that would solve the word problem.,\( \frac{2}{3}-\frac{1}{3} \),because 2/3 was in the fridge and robert eats 1/3 of that piece in the fridge so 2/3 take away 1/3,False_Misconception,Subtraction
27273,33474,Sally has \( \frac{2}{3} \) of a whole cake in the fridge. Robert eats \( \frac{1}{3} \) of this piece. What fraction of the whole cake has Robert eaten? Choose the number sentence that would solve the word problem.,\( \frac{2}{3}-\frac{1}{3} \),because 2/3 was the amount of cake at the start and hen he eats one third of it,False_Neither,
27274,33474,Sally has \( \frac{2}{3} \) of a whole cake in the fridge. Robert eats \( \frac{1}{3} \) of this piece. What fraction of the whole cake has Robert eaten? Choose the number sentence that would solve the word problem.,\( \frac{2}{3}-\frac{1}{3} \),because 2/3-1/3 is 1/3 and he ate 1/3 of the whole thing,False_Misconception,Subtraction
27275,33474,Sally has \( \frac{2}{3} \) of a whole cake in the fridge. Robert eats \( \frac{1}{3} \) of this piece. What fraction of the whole cake has Robert eaten? Choose the number sentence that would solve the word problem.,\( \frac{2}{3}-\frac{1}{3} \),because 2/3-1/3 is 1/3 so the answer is d,False_Misconception,Subtraction
27276,33474,Sally has \( \frac{2}{3} \) of a whole cake in the fridge. Robert eats \( \frac{1}{3} \) of this piece. What fraction of the whole cake has Robert eaten? Choose the number sentence that would solve the word problem.,\( \frac{2}{3}-\frac{1}{3} \),because 2/3-1/3=1/3 and 1/3 is the same as robert had eaten,False_Misconception,Subtraction
27277,33474,Sally has \( \frac{2}{3} \) of a whole cake in the fridge. Robert eats \( \frac{1}{3} \) of this piece. What fraction of the whole cake has Robert eaten? Choose the number sentence that would solve the word problem.,\( \frac{2}{3}-\frac{1}{3} \),"because 2/3-1/3=1/3 and there is 1/3 left of the cake, so it is d.",False_Misconception,Subtraction
27278,33474,Sally has \( \frac{2}{3} \) of a whole cake in the fridge. Robert eats \( \frac{1}{3} \) of this piece. What fraction of the whole cake has Robert eaten? Choose the number sentence that would solve the word problem.,\( \frac{2}{3}-\frac{1}{3} \),because 2\3 take away 1\3 is 1\3 and that means you will get the fraction of the the answer left.,False_Misconception,Subtraction
27279,33474,Sally has \( \frac{2}{3} \) of a whole cake in the fridge. Robert eats \( \frac{1}{3} \) of this piece. What fraction of the whole cake has Robert eaten? Choose the number sentence that would solve the word problem.,\( \frac{2}{3}-\frac{1}{3} \),because eaten= - and there's one third left,False_Misconception,Subtraction
27280,33474,Sally has \( \frac{2}{3} \) of a whole cake in the fridge. Robert eats \( \frac{1}{3} \) of this piece. What fraction of the whole cake has Robert eaten? Choose the number sentence that would solve the word problem.,\( \frac{2}{3}-\frac{1}{3} \),because he ate 1 piece which is 1/3 so 2/3-1/3 gives the answer,False_Neither,
27281,33474,Sally has \( \frac{2}{3} \) of a whole cake in the fridge. Robert eats \( \frac{1}{3} \) of this piece. What fraction of the whole cake has Robert eaten? Choose the number sentence that would solve the word problem.,\( \frac{2}{3}-\frac{1}{3} \),because he ate 1/3 of 2/3 so you do 2/3 - 1/3,False_Neither,
27282,33474,Sally has \( \frac{2}{3} \) of a whole cake in the fridge. Robert eats \( \frac{1}{3} \) of this piece. What fraction of the whole cake has Robert eaten? Choose the number sentence that would solve the word problem.,\( \frac{2}{3}-\frac{1}{3} \),because he ate 1/3 of the cake,False_Neither,
27283,33474,Sally has \( \frac{2}{3} \) of a whole cake in the fridge. Robert eats \( \frac{1}{3} \) of this piece. What fraction of the whole cake has Robert eaten? Choose the number sentence that would solve the word problem.,\( \frac{2}{3}-\frac{1}{3} \),because he ate 1/3 of the cake and 2 - 1 is 1,False_Neither,
27284,33474,Sally has \( \frac{2}{3} \) of a whole cake in the fridge. Robert eats \( \frac{1}{3} \) of this piece. What fraction of the whole cake has Robert eaten? Choose the number sentence that would solve the word problem.,\( \frac{2}{3}-\frac{1}{3} \),because he ate 1/3 so it’s subtraction.,False_Neither,
27285,33474,Sally has \( \frac{2}{3} \) of a whole cake in the fridge. Robert eats \( \frac{1}{3} \) of this piece. What fraction of the whole cake has Robert eaten? Choose the number sentence that would solve the word problem.,\( \frac{2}{3}-\frac{1}{3} \),because he ate a bit so he would be making it smaller taking away it,False_Misconception,Subtraction
27286,33474,Sally has \( \frac{2}{3} \) of a whole cake in the fridge. Robert eats \( \frac{1}{3} \) of this piece. What fraction of the whole cake has Robert eaten? Choose the number sentence that would solve the word problem.,\( \frac{2}{3}-\frac{1}{3} \),because he ate it not gave it no give multiple no taking as many slices taking away one slice,False_Neither,
27287,33474,Sally has \( \frac{2}{3} \) of a whole cake in the fridge. Robert eats \( \frac{1}{3} \) of this piece. What fraction of the whole cake has Robert eaten? Choose the number sentence that would solve the word problem.,\( \frac{2}{3}-\frac{1}{3} \),because he ate it so it basically disappears,False_Neither,
27288,33474,Sally has \( \frac{2}{3} \) of a whole cake in the fridge. Robert eats \( \frac{1}{3} \) of this piece. What fraction of the whole cake has Robert eaten? Choose the number sentence that would solve the word problem.,\( \frac{2}{3}-\frac{1}{3} \),"because he ate it, which means its gone, minus.",False_Misconception,Subtraction
27289,33474,Sally has \( \frac{2}{3} \) of a whole cake in the fridge. Robert eats \( \frac{1}{3} \) of this piece. What fraction of the whole cake has Robert eaten? Choose the number sentence that would solve the word problem.,\( \frac{2}{3}-\frac{1}{3} \),because he ate one of the 2/3,False_Neither,
27290,33474,Sally has \( \frac{2}{3} \) of a whole cake in the fridge. Robert eats \( \frac{1}{3} \) of this piece. What fraction of the whole cake has Robert eaten? Choose the number sentence that would solve the word problem.,\( \frac{2}{3}-\frac{1}{3} \),because he ate one out of the three pieces. which is displayed in d,False_Neither,
27291,33474,Sally has \( \frac{2}{3} \) of a whole cake in the fridge. Robert eats \( \frac{1}{3} \) of this piece. What fraction of the whole cake has Robert eaten? Choose the number sentence that would solve the word problem.,\( \frac{2}{3}-\frac{1}{3} \),because he eat is so you have to take away,False_Misconception,Subtraction
27292,33474,Sally has \( \frac{2}{3} \) of a whole cake in the fridge. Robert eats \( \frac{1}{3} \) of this piece. What fraction of the whole cake has Robert eaten? Choose the number sentence that would solve the word problem.,\( \frac{2}{3}-\frac{1}{3} \),because he eat which mean takes a piece of the cake,False_Neither,
27293,33474,Sally has \( \frac{2}{3} \) of a whole cake in the fridge. Robert eats \( \frac{1}{3} \) of this piece. What fraction of the whole cake has Robert eaten? Choose the number sentence that would solve the word problem.,\( \frac{2}{3}-\frac{1}{3} \),because he eaten 1/3 so it would be 2/3 - 1/3,False_Misconception,Subtraction
27294,33474,Sally has \( \frac{2}{3} \) of a whole cake in the fridge. Robert eats \( \frac{1}{3} \) of this piece. What fraction of the whole cake has Robert eaten? Choose the number sentence that would solve the word problem.,\( \frac{2}{3}-\frac{1}{3} \),because he eats 1/3 of it,False_Neither,
27295,33474,Sally has \( \frac{2}{3} \) of a whole cake in the fridge. Robert eats \( \frac{1}{3} \) of this piece. What fraction of the whole cake has Robert eaten? Choose the number sentence that would solve the word problem.,\( \frac{2}{3}-\frac{1}{3} \),because he eats 1/3 so it subtracts as there will be less after,False_Misconception,Subtraction
27296,33474,Sally has \( \frac{2}{3} \) of a whole cake in the fridge. Robert eats \( \frac{1}{3} \) of this piece. What fraction of the whole cake has Robert eaten? Choose the number sentence that would solve the word problem.,\( \frac{2}{3}-\frac{1}{3} \),because he eats 1/3 so it’s this one,False_Neither,
27297,33474,Sally has \( \frac{2}{3} \) of a whole cake in the fridge. Robert eats \( \frac{1}{3} \) of this piece. What fraction of the whole cake has Robert eaten? Choose the number sentence that would solve the word problem.,\( \frac{2}{3}-\frac{1}{3} \),because he eats 1/3 so there is 1/3 left and it was 2/3,False_Misconception,Subtraction
27298,33474,Sally has \( \frac{2}{3} \) of a whole cake in the fridge. Robert eats \( \frac{1}{3} \) of this piece. What fraction of the whole cake has Robert eaten? Choose the number sentence that would solve the word problem.,\( \frac{2}{3}-\frac{1}{3} \),because he eats means he is taking away,False_Misconception,Subtraction
27299,33474,Sally has \( \frac{2}{3} \) of a whole cake in the fridge. Robert eats \( \frac{1}{3} \) of this piece. What fraction of the whole cake has Robert eaten? Choose the number sentence that would solve the word problem.,\( \frac{2}{3}-\frac{1}{3} \),because he eats one piece out of three so 2 take away 1 equals 1,False_Misconception,Subtraction
27300,33474,Sally has \( \frac{2}{3} \) of a whole cake in the fridge. Robert eats \( \frac{1}{3} \) of this piece. What fraction of the whole cake has Robert eaten? Choose the number sentence that would solve the word problem.,\( \frac{2}{3}-\frac{1}{3} \),because he had 2/3 and then he eats 1/3 so it will be take away,False_Misconception,Subtraction
27301,33474,Sally has \( \frac{2}{3} \) of a whole cake in the fridge. Robert eats \( \frac{1}{3} \) of this piece. What fraction of the whole cake has Robert eaten? Choose the number sentence that would solve the word problem.,\( \frac{2}{3}-\frac{1}{3} \),because he has ate it he has taken it away,False_Misconception,Subtraction
27302,33474,Sally has \( \frac{2}{3} \) of a whole cake in the fridge. Robert eats \( \frac{1}{3} \) of this piece. What fraction of the whole cake has Robert eaten? Choose the number sentence that would solve the word problem.,\( \frac{2}{3}-\frac{1}{3} \),because he has ate one third of the cake,False_Neither,
27303,33474,Sally has \( \frac{2}{3} \) of a whole cake in the fridge. Robert eats \( \frac{1}{3} \) of this piece. What fraction of the whole cake has Robert eaten? Choose the number sentence that would solve the word problem.,\( \frac{2}{3}-\frac{1}{3} \),because he has eaten 1 piece of 2 pieces,False_Neither,
27304,33474,Sally has \( \frac{2}{3} \) of a whole cake in the fridge. Robert eats \( \frac{1}{3} \) of this piece. What fraction of the whole cake has Robert eaten? Choose the number sentence that would solve the word problem.,\( \frac{2}{3}-\frac{1}{3} \),because he has eaten 1 third,False_Neither,
27305,33474,Sally has \( \frac{2}{3} \) of a whole cake in the fridge. Robert eats \( \frac{1}{3} \) of this piece. What fraction of the whole cake has Robert eaten? Choose the number sentence that would solve the word problem.,\( \frac{2}{3}-\frac{1}{3} \),because he has eaten 1 third so he's minuses 1 third,False_Misconception,Subtraction
27306,33474,Sally has \( \frac{2}{3} \) of a whole cake in the fridge. Robert eats \( \frac{1}{3} \) of this piece. What fraction of the whole cake has Robert eaten? Choose the number sentence that would solve the word problem.,\( \frac{2}{3}-\frac{1}{3} \),because he has eaten 1/3 of sally's piece (2/3) you minus 1/3 from 2/3,False_Neither,
27307,33474,Sally has \( \frac{2}{3} \) of a whole cake in the fridge. Robert eats \( \frac{1}{3} \) of this piece. What fraction of the whole cake has Robert eaten? Choose the number sentence that would solve the word problem.,\( \frac{2}{3}-\frac{1}{3} \),because he has eaten 1/3 of the cake so if you do d you get 1/3 of the cake left.,False_Neither,
27308,33474,Sally has \( \frac{2}{3} \) of a whole cake in the fridge. Robert eats \( \frac{1}{3} \) of this piece. What fraction of the whole cake has Robert eaten? Choose the number sentence that would solve the word problem.,\( \frac{2}{3}-\frac{1}{3} \),because he has eaten 1/3 of the cake when there was 2/3 so you do 2/3-1/3 to get your answer,False_Misconception,Subtraction
27309,33474,Sally has \( \frac{2}{3} \) of a whole cake in the fridge. Robert eats \( \frac{1}{3} \) of this piece. What fraction of the whole cake has Robert eaten? Choose the number sentence that would solve the word problem.,\( \frac{2}{3}-\frac{1}{3} \),because he has eaten 1/3 so it is take away,False_Misconception,Subtraction
27310,33474,Sally has \( \frac{2}{3} \) of a whole cake in the fridge. Robert eats \( \frac{1}{3} \) of this piece. What fraction of the whole cake has Robert eaten? Choose the number sentence that would solve the word problem.,\( \frac{2}{3}-\frac{1}{3} \),because he has eaten 1/3 so u take it away,False_Misconception,Subtraction
27311,33474,Sally has \( \frac{2}{3} \) of a whole cake in the fridge. Robert eats \( \frac{1}{3} \) of this piece. What fraction of the whole cake has Robert eaten? Choose the number sentence that would solve the word problem.,\( \frac{2}{3}-\frac{1}{3} \),because he has eaten a slice so you minus 1/3,False_Misconception,Subtraction
27312,33474,Sally has \( \frac{2}{3} \) of a whole cake in the fridge. Robert eats \( \frac{1}{3} \) of this piece. What fraction of the whole cake has Robert eaten? Choose the number sentence that would solve the word problem.,\( \frac{2}{3}-\frac{1}{3} \),because he has eaten some of the cake so you must subtract,False_Neither,
27313,33474,Sally has \( \frac{2}{3} \) of a whole cake in the fridge. Robert eats \( \frac{1}{3} \) of this piece. What fraction of the whole cake has Robert eaten? Choose the number sentence that would solve the word problem.,\( \frac{2}{3}-\frac{1}{3} \),because he has only eaten 1 third,False_Neither,
27314,33474,Sally has \( \frac{2}{3} \) of a whole cake in the fridge. Robert eats \( \frac{1}{3} \) of this piece. What fraction of the whole cake has Robert eaten? Choose the number sentence that would solve the word problem.,\( \frac{2}{3}-\frac{1}{3} \),because he has only eaten 1/3 of it from 2/3,False_Neither,
27315,33474,Sally has \( \frac{2}{3} \) of a whole cake in the fridge. Robert eats \( \frac{1}{3} \) of this piece. What fraction of the whole cake has Robert eaten? Choose the number sentence that would solve the word problem.,\( \frac{2}{3}-\frac{1}{3} \),"because he has taken a third away from two thirds, so it would be two thirds minus one third.",False_Misconception,Subtraction
27316,33474,Sally has \( \frac{2}{3} \) of a whole cake in the fridge. Robert eats \( \frac{1}{3} \) of this piece. What fraction of the whole cake has Robert eaten? Choose the number sentence that would solve the word problem.,\( \frac{2}{3}-\frac{1}{3} \),because he has taken away 1 slice of cake,False_Misconception,Subtraction
27317,33474,Sally has \( \frac{2}{3} \) of a whole cake in the fridge. Robert eats \( \frac{1}{3} \) of this piece. What fraction of the whole cake has Robert eaten? Choose the number sentence that would solve the word problem.,\( \frac{2}{3}-\frac{1}{3} \),because he has took a piece away so it would be a minus,False_Neither,
27318,33474,Sally has \( \frac{2}{3} \) of a whole cake in the fridge. Robert eats \( \frac{1}{3} \) of this piece. What fraction of the whole cake has Robert eaten? Choose the number sentence that would solve the word problem.,\( \frac{2}{3}-\frac{1}{3} \),because he is eating 1 third of the slice,False_Neither,
27319,33474,Sally has \( \frac{2}{3} \) of a whole cake in the fridge. Robert eats \( \frac{1}{3} \) of this piece. What fraction of the whole cake has Robert eaten? Choose the number sentence that would solve the word problem.,\( \frac{2}{3}-\frac{1}{3} \),because he is only eating 1 piece so it is d,False_Neither,
27320,33474,Sally has \( \frac{2}{3} \) of a whole cake in the fridge. Robert eats \( \frac{1}{3} \) of this piece. What fraction of the whole cake has Robert eaten? Choose the number sentence that would solve the word problem.,\( \frac{2}{3}-\frac{1}{3} \),because he is only having 1/3,False_Neither,
27321,33474,Sally has \( \frac{2}{3} \) of a whole cake in the fridge. Robert eats \( \frac{1}{3} \) of this piece. What fraction of the whole cake has Robert eaten? Choose the number sentence that would solve the word problem.,\( \frac{2}{3}-\frac{1}{3} \),because he is taking a piece away 2-1,False_Neither,
27322,33474,Sally has \( \frac{2}{3} \) of a whole cake in the fridge. Robert eats \( \frac{1}{3} \) of this piece. What fraction of the whole cake has Robert eaten? Choose the number sentence that would solve the word problem.,\( \frac{2}{3}-\frac{1}{3} \),because he is taking away 1/3,False_Misconception,Subtraction
27323,33474,Sally has \( \frac{2}{3} \) of a whole cake in the fridge. Robert eats \( \frac{1}{3} \) of this piece. What fraction of the whole cake has Robert eaten? Choose the number sentence that would solve the word problem.,\( \frac{2}{3}-\frac{1}{3} \),because he only takes 1/3 of the cake so you would take away 1/3 from 2/3,False_Misconception,Subtraction
27324,33474,Sally has \( \frac{2}{3} \) of a whole cake in the fridge. Robert eats \( \frac{1}{3} \) of this piece. What fraction of the whole cake has Robert eaten? Choose the number sentence that would solve the word problem.,\( \frac{2}{3}-\frac{1}{3} \),because he takes away 1/3 from 2/3 gives you 1/3,False_Misconception,Subtraction
27325,33474,Sally has \( \frac{2}{3} \) of a whole cake in the fridge. Robert eats \( \frac{1}{3} \) of this piece. What fraction of the whole cake has Robert eaten? Choose the number sentence that would solve the word problem.,\( \frac{2}{3}-\frac{1}{3} \),because he takes away that amount and sorry i left this on and it took me ages i forgot i left it on lol,False_Neither,
27326,33474,Sally has \( \frac{2}{3} \) of a whole cake in the fridge. Robert eats \( \frac{1}{3} \) of this piece. What fraction of the whole cake has Robert eaten? Choose the number sentence that would solve the word problem.,\( \frac{2}{3}-\frac{1}{3} \),because he takes something which means -,False_Misconception,Subtraction
27327,33474,Sally has \( \frac{2}{3} \) of a whole cake in the fridge. Robert eats \( \frac{1}{3} \) of this piece. What fraction of the whole cake has Robert eaten? Choose the number sentence that would solve the word problem.,\( \frac{2}{3}-\frac{1}{3} \),because he took 1 over 3 away from it,False_Misconception,Subtraction
27328,33474,Sally has \( \frac{2}{3} \) of a whole cake in the fridge. Robert eats \( \frac{1}{3} \) of this piece. What fraction of the whole cake has Robert eaten? Choose the number sentence that would solve the word problem.,\( \frac{2}{3}-\frac{1}{3} \),because he took 1/3 of sally's cake and she has 2/3,False_Neither,
27329,33474,Sally has \( \frac{2}{3} \) of a whole cake in the fridge. Robert eats \( \frac{1}{3} \) of this piece. What fraction of the whole cake has Robert eaten? Choose the number sentence that would solve the word problem.,\( \frac{2}{3}-\frac{1}{3} \),because he took away 1/3 of the cake,False_Misconception,Subtraction
27330,33474,Sally has \( \frac{2}{3} \) of a whole cake in the fridge. Robert eats \( \frac{1}{3} \) of this piece. What fraction of the whole cake has Robert eaten? Choose the number sentence that would solve the word problem.,\( \frac{2}{3}-\frac{1}{3} \),because he took some from the other section so it’s subtract,False_Misconception,Subtraction
27331,33474,Sally has \( \frac{2}{3} \) of a whole cake in the fridge. Robert eats \( \frac{1}{3} \) of this piece. What fraction of the whole cake has Robert eaten? Choose the number sentence that would solve the word problem.,\( \frac{2}{3}-\frac{1}{3} \),because he's eaten 1/3 of the cake so you need it to take that away,False_Misconception,Subtraction
27332,33474,Sally has \( \frac{2}{3} \) of a whole cake in the fridge. Robert eats \( \frac{1}{3} \) of this piece. What fraction of the whole cake has Robert eaten? Choose the number sentence that would solve the word problem.,\( \frac{2}{3}-\frac{1}{3} \),because he's eating 1/3 less of 2/3,False_Neither,
27333,33474,Sally has \( \frac{2}{3} \) of a whole cake in the fridge. Robert eats \( \frac{1}{3} \) of this piece. What fraction of the whole cake has Robert eaten? Choose the number sentence that would solve the word problem.,\( \frac{2}{3}-\frac{1}{3} \),because hes eating the cake so theres less of it so hes taking away,False_Misconception,Subtraction
27334,33474,Sally has \( \frac{2}{3} \) of a whole cake in the fridge. Robert eats \( \frac{1}{3} \) of this piece. What fraction of the whole cake has Robert eaten? Choose the number sentence that would solve the word problem.,\( \frac{2}{3}-\frac{1}{3} \),because he’s taken 1/3 away so it would leave you with 1/3,False_Misconception,Subtraction
27335,33474,Sally has \( \frac{2}{3} \) of a whole cake in the fridge. Robert eats \( \frac{1}{3} \) of this piece. What fraction of the whole cake has Robert eaten? Choose the number sentence that would solve the word problem.,\( \frac{2}{3}-\frac{1}{3} \),because i did is that i tryed to do all of them and see what machs and this works,False_Neither,
27336,33474,Sally has \( \frac{2}{3} \) of a whole cake in the fridge. Robert eats \( \frac{1}{3} \) of this piece. What fraction of the whole cake has Robert eaten? Choose the number sentence that would solve the word problem.,\( \frac{2}{3}-\frac{1}{3} \),because i work it out and i don't know how to do fraction the ipad,False_Neither,
27337,33474,Sally has \( \frac{2}{3} \) of a whole cake in the fridge. Robert eats \( \frac{1}{3} \) of this piece. What fraction of the whole cake has Robert eaten? Choose the number sentence that would solve the word problem.,\( \frac{2}{3}-\frac{1}{3} \),because i worked out 2-1 which is 1 and left the denominators the same,False_Neither,
27338,33474,Sally has \( \frac{2}{3} \) of a whole cake in the fridge. Robert eats \( \frac{1}{3} \) of this piece. What fraction of the whole cake has Robert eaten? Choose the number sentence that would solve the word problem.,\( \frac{2}{3}-\frac{1}{3} \),because if 2 thirds have been taken by sally and 1 third has been taken by robert you must do a subtraction to work out how much he has ate,False_Misconception,Subtraction
27339,33474,Sally has \( \frac{2}{3} \) of a whole cake in the fridge. Robert eats \( \frac{1}{3} \) of this piece. What fraction of the whole cake has Robert eaten? Choose the number sentence that would solve the word problem.,\( \frac{2}{3}-\frac{1}{3} \),because if he ate 1/3 then u take it away from 2/3,False_Misconception,Subtraction
27340,33474,Sally has \( \frac{2}{3} \) of a whole cake in the fridge. Robert eats \( \frac{1}{3} \) of this piece. What fraction of the whole cake has Robert eaten? Choose the number sentence that would solve the word problem.,\( \frac{2}{3}-\frac{1}{3} \),because if he ate it it’s gone so it’s took away so you would take away 1/3,False_Misconception,Subtraction
27341,33474,Sally has \( \frac{2}{3} \) of a whole cake in the fridge. Robert eats \( \frac{1}{3} \) of this piece. What fraction of the whole cake has Robert eaten? Choose the number sentence that would solve the word problem.,\( \frac{2}{3}-\frac{1}{3} \),because if he ate it then the cake decreased so subtract,False_Neither,
27342,33474,Sally has \( \frac{2}{3} \) of a whole cake in the fridge. Robert eats \( \frac{1}{3} \) of this piece. What fraction of the whole cake has Robert eaten? Choose the number sentence that would solve the word problem.,\( \frac{2}{3}-\frac{1}{3} \),because if he eats 1/3 you would take it away from the 2/3,False_Misconception,Subtraction
27343,33474,Sally has \( \frac{2}{3} \) of a whole cake in the fridge. Robert eats \( \frac{1}{3} \) of this piece. What fraction of the whole cake has Robert eaten? Choose the number sentence that would solve the word problem.,\( \frac{2}{3}-\frac{1}{3} \),because if he has eaten 1/3rd of 2/3rds you wont have to divide you can subtract because they have the same denominator,False_Misconception,Subtraction
27344,33474,Sally has \( \frac{2}{3} \) of a whole cake in the fridge. Robert eats \( \frac{1}{3} \) of this piece. What fraction of the whole cake has Robert eaten? Choose the number sentence that would solve the word problem.,\( \frac{2}{3}-\frac{1}{3} \),because if his eating he is subracting,False_Misconception,Subtraction
27345,33474,Sally has \( \frac{2}{3} \) of a whole cake in the fridge. Robert eats \( \frac{1}{3} \) of this piece. What fraction of the whole cake has Robert eaten? Choose the number sentence that would solve the word problem.,\( \frac{2}{3}-\frac{1}{3} \),"because if i ate 1/3 there would be 2/3 left, and 2/3 take away 1/3 = 1/3",False_Misconception,Subtraction
27346,33474,Sally has \( \frac{2}{3} \) of a whole cake in the fridge. Robert eats \( \frac{1}{3} \) of this piece. What fraction of the whole cake has Robert eaten? Choose the number sentence that would solve the word problem.,\( \frac{2}{3}-\frac{1}{3} \),because if robert ate 1 over 3 fron 2 over 3it would be that subtraction,False_Misconception,Subtraction
27347,33474,Sally has \( \frac{2}{3} \) of a whole cake in the fridge. Robert eats \( \frac{1}{3} \) of this piece. What fraction of the whole cake has Robert eaten? Choose the number sentence that would solve the word problem.,\( \frac{2}{3}-\frac{1}{3} \),because if roberts eats 1/3 and there was 2/3 so there for there are 1/3 left,False_Misconception,Subtraction
27348,33474,Sally has \( \frac{2}{3} \) of a whole cake in the fridge. Robert eats \( \frac{1}{3} \) of this piece. What fraction of the whole cake has Robert eaten? Choose the number sentence that would solve the word problem.,\( \frac{2}{3}-\frac{1}{3} \),because if sally had 2/3 of cake and robert took 1/3 of his cake you would need to minus it.,False_Neither,
27349,33474,Sally has \( \frac{2}{3} \) of a whole cake in the fridge. Robert eats \( \frac{1}{3} \) of this piece. What fraction of the whole cake has Robert eaten? Choose the number sentence that would solve the word problem.,\( \frac{2}{3}-\frac{1}{3} \),because if sally has 2/3 of a cake and robert eats 1/3 of it it is the same as taking it away,False_Misconception,Subtraction
27350,33474,Sally has \( \frac{2}{3} \) of a whole cake in the fridge. Robert eats \( \frac{1}{3} \) of this piece. What fraction of the whole cake has Robert eaten? Choose the number sentence that would solve the word problem.,\( \frac{2}{3}-\frac{1}{3} \),because if sally has 2/3 of a cake and robert eats 1/3 of it then it is take away,False_Misconception,Subtraction
27351,33474,Sally has \( \frac{2}{3} \) of a whole cake in the fridge. Robert eats \( \frac{1}{3} \) of this piece. What fraction of the whole cake has Robert eaten? Choose the number sentence that would solve the word problem.,\( \frac{2}{3}-\frac{1}{3} \),"because if sally has 2/3 of a cake in the fridge and robert eats 1/3 of the cake, it is the same as 2/3-1/3.",False_Misconception,Subtraction
27352,33474,Sally has \( \frac{2}{3} \) of a whole cake in the fridge. Robert eats \( \frac{1}{3} \) of this piece. What fraction of the whole cake has Robert eaten? Choose the number sentence that would solve the word problem.,\( \frac{2}{3}-\frac{1}{3} \),because if sally has 2/3 of a whole cake and robert eats 1/3 then i do 2/3 - 1/3,False_Neither,
27353,33474,Sally has \( \frac{2}{3} \) of a whole cake in the fridge. Robert eats \( \frac{1}{3} \) of this piece. What fraction of the whole cake has Robert eaten? Choose the number sentence that would solve the word problem.,\( \frac{2}{3}-\frac{1}{3} \),because if sally has 2/3 of the cake and 1/3 is eaten by robert then you are taking 1/3 away from the 2/3,False_Misconception,Subtraction
27354,33474,Sally has \( \frac{2}{3} \) of a whole cake in the fridge. Robert eats \( \frac{1}{3} \) of this piece. What fraction of the whole cake has Robert eaten? Choose the number sentence that would solve the word problem.,\( \frac{2}{3}-\frac{1}{3} \),because if she has 2/3 and he eats 1/3 then 1/3 of the 2/3rds has been subtracted,False_Misconception,Subtraction
27355,33474,Sally has \( \frac{2}{3} \) of a whole cake in the fridge. Robert eats \( \frac{1}{3} \) of this piece. What fraction of the whole cake has Robert eaten? Choose the number sentence that would solve the word problem.,\( \frac{2}{3}-\frac{1}{3} \),because if some one eats more of you're cake then it gets smaller so the sum would be 2/3-1/3=1/3,False_Misconception,Subtraction
27356,33474,Sally has \( \frac{2}{3} \) of a whole cake in the fridge. Robert eats \( \frac{1}{3} \) of this piece. What fraction of the whole cake has Robert eaten? Choose the number sentence that would solve the word problem.,\( \frac{2}{3}-\frac{1}{3} \),because if someone eats one part of a cake then you must take away that amount from the original one.,False_Misconception,Subtraction
27357,33474,Sally has \( \frac{2}{3} \) of a whole cake in the fridge. Robert eats \( \frac{1}{3} \) of this piece. What fraction of the whole cake has Robert eaten? Choose the number sentence that would solve the word problem.,\( \frac{2}{3}-\frac{1}{3} \),because if there are 2/3 of a cake and robert takes away 1/3 you would need to subtract.,False_Misconception,Subtraction
27358,33474,Sally has \( \frac{2}{3} \) of a whole cake in the fridge. Robert eats \( \frac{1}{3} \) of this piece. What fraction of the whole cake has Robert eaten? Choose the number sentence that would solve the word problem.,\( \frac{2}{3}-\frac{1}{3} \),"because if there are 2/3 of a cake in the fridge and robert ate 1/3, the calculation would be 2/3-1/3.",False_Misconception,Subtraction
27359,33474,Sally has \( \frac{2}{3} \) of a whole cake in the fridge. Robert eats \( \frac{1}{3} \) of this piece. What fraction of the whole cake has Robert eaten? Choose the number sentence that would solve the word problem.,\( \frac{2}{3}-\frac{1}{3} \),because if there is 2/3 of the cake left and he eats 1/3 then u need to know how much is left to know how much he’s eaten so u take away,False_Misconception,Subtraction
27360,33474,Sally has \( \frac{2}{3} \) of a whole cake in the fridge. Robert eats \( \frac{1}{3} \) of this piece. What fraction of the whole cake has Robert eaten? Choose the number sentence that would solve the word problem.,\( \frac{2}{3}-\frac{1}{3} \),"because if there is already 2/3, then you would be taking away 1/3, which would be 1/3",False_Misconception,Subtraction
27361,33474,Sally has \( \frac{2}{3} \) of a whole cake in the fridge. Robert eats \( \frac{1}{3} \) of this piece. What fraction of the whole cake has Robert eaten? Choose the number sentence that would solve the word problem.,\( \frac{2}{3}-\frac{1}{3} \),because if there was 2/3 and and somebody eats 1/3 it's taking away 1/3 of the cake,False_Misconception,Subtraction
27362,33474,Sally has \( \frac{2}{3} \) of a whole cake in the fridge. Robert eats \( \frac{1}{3} \) of this piece. What fraction of the whole cake has Robert eaten? Choose the number sentence that would solve the word problem.,\( \frac{2}{3}-\frac{1}{3} \),because if there was 2/3 and someone ate 1/3 of your 2/3 then it’s 1/3 take away 1/3,False_Misconception,Subtraction
27363,33474,Sally has \( \frac{2}{3} \) of a whole cake in the fridge. Robert eats \( \frac{1}{3} \) of this piece. What fraction of the whole cake has Robert eaten? Choose the number sentence that would solve the word problem.,\( \frac{2}{3}-\frac{1}{3} \),because if tom eats 1/3 of 2/3 you would take that away to find the answer,False_Misconception,Subtraction
27364,33474,Sally has \( \frac{2}{3} \) of a whole cake in the fridge. Robert eats \( \frac{1}{3} \) of this piece. What fraction of the whole cake has Robert eaten? Choose the number sentence that would solve the word problem.,\( \frac{2}{3}-\frac{1}{3} \),because if you do 2/3 -1/3 you get one third which is how much robert has eaten.,False_Misconception,Subtraction
27365,33474,Sally has \( \frac{2}{3} \) of a whole cake in the fridge. Robert eats \( \frac{1}{3} \) of this piece. What fraction of the whole cake has Robert eaten? Choose the number sentence that would solve the word problem.,\( \frac{2}{3}-\frac{1}{3} \),because if you do a subtraction you find out how much is left,False_Neither,
27366,33474,Sally has \( \frac{2}{3} \) of a whole cake in the fridge. Robert eats \( \frac{1}{3} \) of this piece. What fraction of the whole cake has Robert eaten? Choose the number sentence that would solve the word problem.,\( \frac{2}{3}-\frac{1}{3} \),because if you do it then you will get the answer.,False_Neither,
27367,33474,Sally has \( \frac{2}{3} \) of a whole cake in the fridge. Robert eats \( \frac{1}{3} \) of this piece. What fraction of the whole cake has Robert eaten? Choose the number sentence that would solve the word problem.,\( \frac{2}{3}-\frac{1}{3} \),because if you do this operation it will get you to this answer,False_Neither,
27368,33474,Sally has \( \frac{2}{3} \) of a whole cake in the fridge. Robert eats \( \frac{1}{3} \) of this piece. What fraction of the whole cake has Robert eaten? Choose the number sentence that would solve the word problem.,\( \frac{2}{3}-\frac{1}{3} \),because if you eat 1/3 of 2/3 then it is taking away that 1/3 from the 2/3,False_Misconception,Subtraction
27369,33474,Sally has \( \frac{2}{3} \) of a whole cake in the fridge. Robert eats \( \frac{1}{3} \) of this piece. What fraction of the whole cake has Robert eaten? Choose the number sentence that would solve the word problem.,\( \frac{2}{3}-\frac{1}{3} \),because if you eat a cack you can't get i back,False_Neither,
27370,33474,Sally has \( \frac{2}{3} \) of a whole cake in the fridge. Robert eats \( \frac{1}{3} \) of this piece. What fraction of the whole cake has Robert eaten? Choose the number sentence that would solve the word problem.,\( \frac{2}{3}-\frac{1}{3} \),because if you eat a fraction of a cake you take it away,False_Misconception,Subtraction
27371,33474,Sally has \( \frac{2}{3} \) of a whole cake in the fridge. Robert eats \( \frac{1}{3} \) of this piece. What fraction of the whole cake has Robert eaten? Choose the number sentence that would solve the word problem.,\( \frac{2}{3}-\frac{1}{3} \),because if you eat something you can't get it back,False_Neither,
27372,33474,Sally has \( \frac{2}{3} \) of a whole cake in the fridge. Robert eats \( \frac{1}{3} \) of this piece. What fraction of the whole cake has Robert eaten? Choose the number sentence that would solve the word problem.,\( \frac{2}{3}-\frac{1}{3} \),because if you had 2/3 and you eat 1/3 you take it away because you ate it and got fat,False_Misconception,Subtraction
27373,33474,Sally has \( \frac{2}{3} \) of a whole cake in the fridge. Robert eats \( \frac{1}{3} \) of this piece. What fraction of the whole cake has Robert eaten? Choose the number sentence that would solve the word problem.,\( \frac{2}{3}-\frac{1}{3} \),because if you have 2/3 and he has eaten 1/3 then it must d,False_Neither,
27374,33474,Sally has \( \frac{2}{3} \) of a whole cake in the fridge. Robert eats \( \frac{1}{3} \) of this piece. What fraction of the whole cake has Robert eaten? Choose the number sentence that would solve the word problem.,\( \frac{2}{3}-\frac{1}{3} \),because if you have two thirds of a cake and than someone eats one third of the cake than it will be one third,False_Misconception,Subtraction
27375,33474,Sally has \( \frac{2}{3} \) of a whole cake in the fridge. Robert eats \( \frac{1}{3} \) of this piece. What fraction of the whole cake has Robert eaten? Choose the number sentence that would solve the word problem.,\( \frac{2}{3}-\frac{1}{3} \),because if you take away 1/3 from 2/3 it becomes 1/3,False_Misconception,Subtraction
27376,33474,Sally has \( \frac{2}{3} \) of a whole cake in the fridge. Robert eats \( \frac{1}{3} \) of this piece. What fraction of the whole cake has Robert eaten? Choose the number sentence that would solve the word problem.,\( \frac{2}{3}-\frac{1}{3} \),because if you take away 1/3 from 2/3 then you would get 1/3 is how much there would be left,False_Misconception,Subtraction
27377,33474,Sally has \( \frac{2}{3} \) of a whole cake in the fridge. Robert eats \( \frac{1}{3} \) of this piece. What fraction of the whole cake has Robert eaten? Choose the number sentence that would solve the word problem.,\( \frac{2}{3}-\frac{1}{3} \),because if you take away 2 from 1 you get 1 and because you have to keep the denominators the same that would be the awnser.,False_Misconception,Subtraction
27378,33474,Sally has \( \frac{2}{3} \) of a whole cake in the fridge. Robert eats \( \frac{1}{3} \) of this piece. What fraction of the whole cake has Robert eaten? Choose the number sentence that would solve the word problem.,\( \frac{2}{3}-\frac{1}{3} \),because if you take away it it will give you the answer,False_Misconception,Subtraction
27379,33474,Sally has \( \frac{2}{3} \) of a whole cake in the fridge. Robert eats \( \frac{1}{3} \) of this piece. What fraction of the whole cake has Robert eaten? Choose the number sentence that would solve the word problem.,\( \frac{2}{3}-\frac{1}{3} \),because if you take one away from two it would be 1 over 3 so he ate a piece so its 2-1=1 so 1 over 3,False_Misconception,Subtraction
27380,33474,Sally has \( \frac{2}{3} \) of a whole cake in the fridge. Robert eats \( \frac{1}{3} \) of this piece. What fraction of the whole cake has Robert eaten? Choose the number sentence that would solve the word problem.,\( \frac{2}{3}-\frac{1}{3} \),because if you take one third away from two thirds it makes a third,False_Misconception,Subtraction
27381,33474,Sally has \( \frac{2}{3} \) of a whole cake in the fridge. Robert eats \( \frac{1}{3} \) of this piece. What fraction of the whole cake has Robert eaten? Choose the number sentence that would solve the word problem.,\( \frac{2}{3}-\frac{1}{3} \),because if you think about a cake in three pieces one piece is already gone then robert took another one so yeah,False_Misconception,Subtraction
27382,33474,Sally has \( \frac{2}{3} \) of a whole cake in the fridge. Robert eats \( \frac{1}{3} \) of this piece. What fraction of the whole cake has Robert eaten? Choose the number sentence that would solve the word problem.,\( \frac{2}{3}-\frac{1}{3} \),because if you want to find out how much did he eat you have to subtract,False_Misconception,Subtraction
27383,33474,Sally has \( \frac{2}{3} \) of a whole cake in the fridge. Robert eats \( \frac{1}{3} \) of this piece. What fraction of the whole cake has Robert eaten? Choose the number sentence that would solve the word problem.,\( \frac{2}{3}-\frac{1}{3} \),because if you want to find out what robert ate then you have to do take away.,False_Misconception,Subtraction
27384,33474,Sally has \( \frac{2}{3} \) of a whole cake in the fridge. Robert eats \( \frac{1}{3} \) of this piece. What fraction of the whole cake has Robert eaten? Choose the number sentence that would solve the word problem.,\( \frac{2}{3}-\frac{1}{3} \),because if you want to find the difference you take away,False_Misconception,Subtraction
27385,33474,Sally has \( \frac{2}{3} \) of a whole cake in the fridge. Robert eats \( \frac{1}{3} \) of this piece. What fraction of the whole cake has Robert eaten? Choose the number sentence that would solve the word problem.,\( \frac{2}{3}-\frac{1}{3} \),because if you want to know how much he ate you will take away,False_Misconception,Subtraction
27386,33474,Sally has \( \frac{2}{3} \) of a whole cake in the fridge. Robert eats \( \frac{1}{3} \) of this piece. What fraction of the whole cake has Robert eaten? Choose the number sentence that would solve the word problem.,\( \frac{2}{3}-\frac{1}{3} \),because in the fridge there was 2/3 somebody takes 1/3 of that remaining piece which is d,False_Misconception,Subtraction
27387,33474,Sally has \( \frac{2}{3} \) of a whole cake in the fridge. Robert eats \( \frac{1}{3} \) of this piece. What fraction of the whole cake has Robert eaten? Choose the number sentence that would solve the word problem.,\( \frac{2}{3}-\frac{1}{3} \),"because in the word problem, you don't add, multiply nor do you divide.",False_Neither,
27388,33474,Sally has \( \frac{2}{3} \) of a whole cake in the fridge. Robert eats \( \frac{1}{3} \) of this piece. What fraction of the whole cake has Robert eaten? Choose the number sentence that would solve the word problem.,\( \frac{2}{3}-\frac{1}{3} \),because it has the same denominator so this would be the calculation,False_Neither,
27389,33474,Sally has \( \frac{2}{3} \) of a whole cake in the fridge. Robert eats \( \frac{1}{3} \) of this piece. What fraction of the whole cake has Robert eaten? Choose the number sentence that would solve the word problem.,\( \frac{2}{3}-\frac{1}{3} \),because it how many is remaining.,False_Neither,
27390,33474,Sally has \( \frac{2}{3} \) of a whole cake in the fridge. Robert eats \( \frac{1}{3} \) of this piece. What fraction of the whole cake has Robert eaten? Choose the number sentence that would solve the word problem.,\( \frac{2}{3}-\frac{1}{3} \),because it is 2/3-1/3 and that is what it says,False_Neither,
27391,33474,Sally has \( \frac{2}{3} \) of a whole cake in the fridge. Robert eats \( \frac{1}{3} \) of this piece. What fraction of the whole cake has Robert eaten? Choose the number sentence that would solve the word problem.,\( \frac{2}{3}-\frac{1}{3} \),because it is like he took away some,False_Misconception,Subtraction
27392,33474,Sally has \( \frac{2}{3} \) of a whole cake in the fridge. Robert eats \( \frac{1}{3} \) of this piece. What fraction of the whole cake has Robert eaten? Choose the number sentence that would solve the word problem.,\( \frac{2}{3}-\frac{1}{3} \),because it is saying that he eats which is equivalent to taking away,False_Misconception,Subtraction
27393,33474,Sally has \( \frac{2}{3} \) of a whole cake in the fridge. Robert eats \( \frac{1}{3} \) of this piece. What fraction of the whole cake has Robert eaten? Choose the number sentence that would solve the word problem.,\( \frac{2}{3}-\frac{1}{3} \),because it is showing that he has taken away 1/3,False_Misconception,Subtraction
27394,33474,Sally has \( \frac{2}{3} \) of a whole cake in the fridge. Robert eats \( \frac{1}{3} \) of this piece. What fraction of the whole cake has Robert eaten? Choose the number sentence that would solve the word problem.,\( \frac{2}{3}-\frac{1}{3} \),because it is take awaying 1 third,False_Misconception,Subtraction
27395,33474,Sally has \( \frac{2}{3} \) of a whole cake in the fridge. Robert eats \( \frac{1}{3} \) of this piece. What fraction of the whole cake has Robert eaten? Choose the number sentence that would solve the word problem.,\( \frac{2}{3}-\frac{1}{3} \),because it is taken away from it,False_Misconception,Subtraction
27396,33474,Sally has \( \frac{2}{3} \) of a whole cake in the fridge. Robert eats \( \frac{1}{3} \) of this piece. What fraction of the whole cake has Robert eaten? Choose the number sentence that would solve the word problem.,\( \frac{2}{3}-\frac{1}{3} \),because it says he ate 1/3 so you do 2/3-1/3 is 1/3,False_Misconception,Subtraction
27397,33474,Sally has \( \frac{2}{3} \) of a whole cake in the fridge. Robert eats \( \frac{1}{3} \) of this piece. What fraction of the whole cake has Robert eaten? Choose the number sentence that would solve the word problem.,\( \frac{2}{3}-\frac{1}{3} \),because it says robert ate 1/3 of the cake so sally will have 1/3 remaining,False_Misconception,Subtraction
27398,33474,Sally has \( \frac{2}{3} \) of a whole cake in the fridge. Robert eats \( \frac{1}{3} \) of this piece. What fraction of the whole cake has Robert eaten? Choose the number sentence that would solve the word problem.,\( \frac{2}{3}-\frac{1}{3} \),because it says sally has 2/3 of cake robert eats 1/3 of the cake which is also the same as taking 1/3 of the cake,False_Misconception,Subtraction
27399,33474,Sally has \( \frac{2}{3} \) of a whole cake in the fridge. Robert eats \( \frac{1}{3} \) of this piece. What fraction of the whole cake has Robert eaten? Choose the number sentence that would solve the word problem.,\( \frac{2}{3}-\frac{1}{3} \),because it starts of with 2/3 and it takes away 1/3,False_Misconception,Subtraction
27400,33474,Sally has \( \frac{2}{3} \) of a whole cake in the fridge. Robert eats \( \frac{1}{3} \) of this piece. What fraction of the whole cake has Robert eaten? Choose the number sentence that would solve the word problem.,\( \frac{2}{3}-\frac{1}{3} \),because it starts with 2/3 and you are taking away 1/3,False_Misconception,Subtraction
27401,33474,Sally has \( \frac{2}{3} \) of a whole cake in the fridge. Robert eats \( \frac{1}{3} \) of this piece. What fraction of the whole cake has Robert eaten? Choose the number sentence that would solve the word problem.,\( \frac{2}{3}-\frac{1}{3} \),because it was in the right order,False_Neither,
27402,33474,Sally has \( \frac{2}{3} \) of a whole cake in the fridge. Robert eats \( \frac{1}{3} \) of this piece. What fraction of the whole cake has Robert eaten? Choose the number sentence that would solve the word problem.,\( \frac{2}{3}-\frac{1}{3} \),because it will be half the cake,False_Neither,
27403,33474,Sally has \( \frac{2}{3} \) of a whole cake in the fridge. Robert eats \( \frac{1}{3} \) of this piece. What fraction of the whole cake has Robert eaten? Choose the number sentence that would solve the word problem.,\( \frac{2}{3}-\frac{1}{3} \),because it will give the remaining and that will be the answer,False_Neither,
27404,33474,Sally has \( \frac{2}{3} \) of a whole cake in the fridge. Robert eats \( \frac{1}{3} \) of this piece. What fraction of the whole cake has Robert eaten? Choose the number sentence that would solve the word problem.,\( \frac{2}{3}-\frac{1}{3} \),because it would be 1/3 and that is the answer to the question 😜,False_Neither,
27405,33474,Sally has \( \frac{2}{3} \) of a whole cake in the fridge. Robert eats \( \frac{1}{3} \) of this piece. What fraction of the whole cake has Robert eaten? Choose the number sentence that would solve the word problem.,\( \frac{2}{3}-\frac{1}{3} \),because it's 1/3 and 2/3-1/3=1/3 that is why d is the answer.,False_Misconception,Subtraction
27406,33474,Sally has \( \frac{2}{3} \) of a whole cake in the fridge. Robert eats \( \frac{1}{3} \) of this piece. What fraction of the whole cake has Robert eaten? Choose the number sentence that would solve the word problem.,\( \frac{2}{3}-\frac{1}{3} \),because its 2/3 so you take away 1/3,False_Misconception,Subtraction
27407,33474,Sally has \( \frac{2}{3} \) of a whole cake in the fridge. Robert eats \( \frac{1}{3} \) of this piece. What fraction of the whole cake has Robert eaten? Choose the number sentence that would solve the word problem.,\( \frac{2}{3}-\frac{1}{3} \),because need ti take 1/3 away from 2/3,False_Misconception,Subtraction
27408,33474,Sally has \( \frac{2}{3} \) of a whole cake in the fridge. Robert eats \( \frac{1}{3} \) of this piece. What fraction of the whole cake has Robert eaten? Choose the number sentence that would solve the word problem.,\( \frac{2}{3}-\frac{1}{3} \),because oh have to take them away and that is the amount of cake remaining,False_Misconception,Subtraction
27409,33474,Sally has \( \frac{2}{3} \) of a whole cake in the fridge. Robert eats \( \frac{1}{3} \) of this piece. What fraction of the whole cake has Robert eaten? Choose the number sentence that would solve the word problem.,\( \frac{2}{3}-\frac{1}{3} \),because robert ate 1/3 and the whole cake was 2/3 so it's 2/3 - 1/3,False_Misconception,Subtraction
27410,33474,Sally has \( \frac{2}{3} \) of a whole cake in the fridge. Robert eats \( \frac{1}{3} \) of this piece. What fraction of the whole cake has Robert eaten? Choose the number sentence that would solve the word problem.,\( \frac{2}{3}-\frac{1}{3} \),because robert ate 1/3 of the cake,False_Neither,
27411,33474,Sally has \( \frac{2}{3} \) of a whole cake in the fridge. Robert eats \( \frac{1}{3} \) of this piece. What fraction of the whole cake has Robert eaten? Choose the number sentence that would solve the word problem.,\( \frac{2}{3}-\frac{1}{3} \),because robert ate 1/3 of the cake and there are 2/3 so i think it should be 2/3 -1/3,False_Misconception,Subtraction
27412,33474,Sally has \( \frac{2}{3} \) of a whole cake in the fridge. Robert eats \( \frac{1}{3} \) of this piece. What fraction of the whole cake has Robert eaten? Choose the number sentence that would solve the word problem.,\( \frac{2}{3}-\frac{1}{3} \),because robert ate one third of the cake and sally had two thirds,False_Neither,
27413,33474,Sally has \( \frac{2}{3} \) of a whole cake in the fridge. Robert eats \( \frac{1}{3} \) of this piece. What fraction of the whole cake has Robert eaten? Choose the number sentence that would solve the word problem.,\( \frac{2}{3}-\frac{1}{3} \),because robert ate that much so it will be 2/3 take away 1/3,False_Misconception,Subtraction
27414,33474,Sally has \( \frac{2}{3} \) of a whole cake in the fridge. Robert eats \( \frac{1}{3} \) of this piece. What fraction of the whole cake has Robert eaten? Choose the number sentence that would solve the word problem.,\( \frac{2}{3}-\frac{1}{3} \),because robert ate the peice so you would have to take away the amount of the peice he ate to find out what fraction of the cake he ate in total.,False_Misconception,Subtraction
27415,33474,Sally has \( \frac{2}{3} \) of a whole cake in the fridge. Robert eats \( \frac{1}{3} \) of this piece. What fraction of the whole cake has Robert eaten? Choose the number sentence that would solve the word problem.,\( \frac{2}{3}-\frac{1}{3} \),because robert eats 1 third of 2 third so it is 2 thirds - 1 third,False_Neither,
27416,33474,Sally has \( \frac{2}{3} \) of a whole cake in the fridge. Robert eats \( \frac{1}{3} \) of this piece. What fraction of the whole cake has Robert eaten? Choose the number sentence that would solve the word problem.,\( \frac{2}{3}-\frac{1}{3} \),because robert eats 1 third. so it would be getting rid of 1 third .,False_Misconception,Subtraction
27417,33474,Sally has \( \frac{2}{3} \) of a whole cake in the fridge. Robert eats \( \frac{1}{3} \) of this piece. What fraction of the whole cake has Robert eaten? Choose the number sentence that would solve the word problem.,\( \frac{2}{3}-\frac{1}{3} \),because robert eats 1/3 of a 2/3 cake so you subtract it.,False_Neither,
27418,33474,Sally has \( \frac{2}{3} \) of a whole cake in the fridge. Robert eats \( \frac{1}{3} \) of this piece. What fraction of the whole cake has Robert eaten? Choose the number sentence that would solve the word problem.,\( \frac{2}{3}-\frac{1}{3} \),because robert eats 1/3 of the 2/3 (of the cake) leaving sally with 1/3.,False_Neither,
27419,33474,Sally has \( \frac{2}{3} \) of a whole cake in the fridge. Robert eats \( \frac{1}{3} \) of this piece. What fraction of the whole cake has Robert eaten? Choose the number sentence that would solve the word problem.,\( \frac{2}{3}-\frac{1}{3} \),"because robert eats one , which means it is going to get smaller (subtraction).",False_Neither,
27420,33474,Sally has \( \frac{2}{3} \) of a whole cake in the fridge. Robert eats \( \frac{1}{3} \) of this piece. What fraction of the whole cake has Robert eaten? Choose the number sentence that would solve the word problem.,\( \frac{2}{3}-\frac{1}{3} \),because robert eats one third of what she has.,False_Neither,
27421,33474,Sally has \( \frac{2}{3} \) of a whole cake in the fridge. Robert eats \( \frac{1}{3} \) of this piece. What fraction of the whole cake has Robert eaten? Choose the number sentence that would solve the word problem.,\( \frac{2}{3}-\frac{1}{3} \),"because robert eats, when you eat it's gone",False_Misconception,Subtraction
27422,33474,Sally has \( \frac{2}{3} \) of a whole cake in the fridge. Robert eats \( \frac{1}{3} \) of this piece. What fraction of the whole cake has Robert eaten? Choose the number sentence that would solve the word problem.,\( \frac{2}{3}-\frac{1}{3} \),"because robert had **taken away** 1/3 and not: added, times or divided",False_Misconception,Subtraction
27423,33474,Sally has \( \frac{2}{3} \) of a whole cake in the fridge. Robert eats \( \frac{1}{3} \) of this piece. What fraction of the whole cake has Robert eaten? Choose the number sentence that would solve the word problem.,\( \frac{2}{3}-\frac{1}{3} \),because robert had 1/3 of the cake and 2/3-1/3=1/3,False_Misconception,Subtraction
27424,33474,Sally has \( \frac{2}{3} \) of a whole cake in the fridge. Robert eats \( \frac{1}{3} \) of this piece. What fraction of the whole cake has Robert eaten? Choose the number sentence that would solve the word problem.,\( \frac{2}{3}-\frac{1}{3} \),because robert has ate 1/3 and it is asking you to - so it will = that,False_Neither,
27425,33474,Sally has \( \frac{2}{3} \) of a whole cake in the fridge. Robert eats \( \frac{1}{3} \) of this piece. What fraction of the whole cake has Robert eaten? Choose the number sentence that would solve the word problem.,\( \frac{2}{3}-\frac{1}{3} \),because robert has ate 1/3 and to get that you take away 2/3 — 1/3,False_Misconception,Subtraction
27426,33474,Sally has \( \frac{2}{3} \) of a whole cake in the fridge. Robert eats \( \frac{1}{3} \) of this piece. What fraction of the whole cake has Robert eaten? Choose the number sentence that would solve the word problem.,\( \frac{2}{3}-\frac{1}{3} \),because robert has eaten 1 slice and sally as ate 2 quaters,False_Neither,
27427,33474,Sally has \( \frac{2}{3} \) of a whole cake in the fridge. Robert eats \( \frac{1}{3} \) of this piece. What fraction of the whole cake has Robert eaten? Choose the number sentence that would solve the word problem.,\( \frac{2}{3}-\frac{1}{3} \),because robert has eaten 1/3 of the 2/3 of the cake that was left.,False_Neither,
27428,33474,Sally has \( \frac{2}{3} \) of a whole cake in the fridge. Robert eats \( \frac{1}{3} \) of this piece. What fraction of the whole cake has Robert eaten? Choose the number sentence that would solve the word problem.,\( \frac{2}{3}-\frac{1}{3} \),because robert has eaten 1/3 of the cake so you have to subtract,False_Misconception,Subtraction
27429,33474,Sally has \( \frac{2}{3} \) of a whole cake in the fridge. Robert eats \( \frac{1}{3} \) of this piece. What fraction of the whole cake has Robert eaten? Choose the number sentence that would solve the word problem.,\( \frac{2}{3}-\frac{1}{3} \),because robert has eaten one third of the two thirds so one is gone and always with subtraction it gets lesser so i know that this number sentence is correct.,False_Misconception,Subtraction
27430,33474,Sally has \( \frac{2}{3} \) of a whole cake in the fridge. Robert eats \( \frac{1}{3} \) of this piece. What fraction of the whole cake has Robert eaten? Choose the number sentence that would solve the word problem.,\( \frac{2}{3}-\frac{1}{3} \),because robert has eaten the cake so it is taking away,False_Misconception,Subtraction
27431,33474,Sally has \( \frac{2}{3} \) of a whole cake in the fridge. Robert eats \( \frac{1}{3} \) of this piece. What fraction of the whole cake has Robert eaten? Choose the number sentence that would solve the word problem.,\( \frac{2}{3}-\frac{1}{3} \),because robert has only eaten 1/3 of the cake while there's still 1/3 left for sally,False_Misconception,Subtraction
27432,33474,Sally has \( \frac{2}{3} \) of a whole cake in the fridge. Robert eats \( \frac{1}{3} \) of this piece. What fraction of the whole cake has Robert eaten? Choose the number sentence that would solve the word problem.,\( \frac{2}{3}-\frac{1}{3} \),because robert has taken away (subtracted) 1/3 of the cake,False_Misconception,Subtraction
27433,33474,Sally has \( \frac{2}{3} \) of a whole cake in the fridge. Robert eats \( \frac{1}{3} \) of this piece. What fraction of the whole cake has Robert eaten? Choose the number sentence that would solve the word problem.,\( \frac{2}{3}-\frac{1}{3} \),because robert has taken on of the pieces which makes the number less,False_Neither,
27434,33474,Sally has \( \frac{2}{3} \) of a whole cake in the fridge. Robert eats \( \frac{1}{3} \) of this piece. What fraction of the whole cake has Robert eaten? Choose the number sentence that would solve the word problem.,\( \frac{2}{3}-\frac{1}{3} \),because robert has taken somome cake away so its,False_Neither,
27435,33474,Sally has \( \frac{2}{3} \) of a whole cake in the fridge. Robert eats \( \frac{1}{3} \) of this piece. What fraction of the whole cake has Robert eaten? Choose the number sentence that would solve the word problem.,\( \frac{2}{3}-\frac{1}{3} \),because robert is eating it so it will go so it will be a subtract,False_Misconception,Subtraction
27436,33474,Sally has \( \frac{2}{3} \) of a whole cake in the fridge. Robert eats \( \frac{1}{3} \) of this piece. What fraction of the whole cake has Robert eaten? Choose the number sentence that would solve the word problem.,\( \frac{2}{3}-\frac{1}{3} \),because robert is taking away 1 slice of cake,False_Misconception,Subtraction
27437,33474,Sally has \( \frac{2}{3} \) of a whole cake in the fridge. Robert eats \( \frac{1}{3} \) of this piece. What fraction of the whole cake has Robert eaten? Choose the number sentence that would solve the word problem.,\( \frac{2}{3}-\frac{1}{3} \),because robert takes 1/3 away from the cake so you will have to take away 1/3,False_Misconception,Subtraction
27438,33474,Sally has \( \frac{2}{3} \) of a whole cake in the fridge. Robert eats \( \frac{1}{3} \) of this piece. What fraction of the whole cake has Robert eaten? Choose the number sentence that would solve the word problem.,\( \frac{2}{3}-\frac{1}{3} \),because robert takes away 1/3 so it is like subtracting it away from 2/3,False_Misconception,Subtraction
27439,33474,Sally has \( \frac{2}{3} \) of a whole cake in the fridge. Robert eats \( \frac{1}{3} \) of this piece. What fraction of the whole cake has Robert eaten? Choose the number sentence that would solve the word problem.,\( \frac{2}{3}-\frac{1}{3} \),because robert took 1/3 of 2/3 so you minus it,False_Misconception,Subtraction
27440,33474,Sally has \( \frac{2}{3} \) of a whole cake in the fridge. Robert eats \( \frac{1}{3} \) of this piece. What fraction of the whole cake has Robert eaten? Choose the number sentence that would solve the word problem.,\( \frac{2}{3}-\frac{1}{3} \),because robert took away 1/3 away from 2/3 of the cake making the sum having to take away,False_Misconception,Subtraction
27441,33474,Sally has \( \frac{2}{3} \) of a whole cake in the fridge. Robert eats \( \frac{1}{3} \) of this piece. What fraction of the whole cake has Robert eaten? Choose the number sentence that would solve the word problem.,\( \frac{2}{3}-\frac{1}{3} \),because roberts eating so hes taking away,False_Misconception,Subtraction
27442,33474,Sally has \( \frac{2}{3} \) of a whole cake in the fridge. Robert eats \( \frac{1}{3} \) of this piece. What fraction of the whole cake has Robert eaten? Choose the number sentence that would solve the word problem.,\( \frac{2}{3}-\frac{1}{3} \),because roberts eats 1 third of 2 thirds,False_Neither,
27443,33474,Sally has \( \frac{2}{3} \) of a whole cake in the fridge. Robert eats \( \frac{1}{3} \) of this piece. What fraction of the whole cake has Robert eaten? Choose the number sentence that would solve the word problem.,\( \frac{2}{3}-\frac{1}{3} \),because sallah had 2/3 of cake then robert ate 1/3 of it so then you have to find out how much he had eaten so you need to subtract 2/3-1/3,False_Misconception,Subtraction
27444,33474,Sally has \( \frac{2}{3} \) of a whole cake in the fridge. Robert eats \( \frac{1}{3} \) of this piece. What fraction of the whole cake has Robert eaten? Choose the number sentence that would solve the word problem.,\( \frac{2}{3}-\frac{1}{3} \),"because sally get 2/3 of the cake, but robert has 1/3 of sally's piece so the equasion is d",False_Neither,
27445,33474,Sally has \( \frac{2}{3} \) of a whole cake in the fridge. Robert eats \( \frac{1}{3} \) of this piece. What fraction of the whole cake has Robert eaten? Choose the number sentence that would solve the word problem.,\( \frac{2}{3}-\frac{1}{3} \),because sally had 2/3 and robert ate 1/3 so the sum you do is 2/3-1/3=1/3,False_Misconception,Subtraction
27446,33474,Sally has \( \frac{2}{3} \) of a whole cake in the fridge. Robert eats \( \frac{1}{3} \) of this piece. What fraction of the whole cake has Robert eaten? Choose the number sentence that would solve the word problem.,\( \frac{2}{3}-\frac{1}{3} \),because sally had 2/3 of a cake in total and robert ate 1/3 so i think you'd the equation 2/3 -1/3.,False_Misconception,Subtraction
27447,33474,Sally has \( \frac{2}{3} \) of a whole cake in the fridge. Robert eats \( \frac{1}{3} \) of this piece. What fraction of the whole cake has Robert eaten? Choose the number sentence that would solve the word problem.,\( \frac{2}{3}-\frac{1}{3} \),because sally had 2;3 of a cake and if robert eats 1;3 of a cake you need to subtract a 1;3 from 2;3,False_Misconception,Subtraction
27448,33474,Sally has \( \frac{2}{3} \) of a whole cake in the fridge. Robert eats \( \frac{1}{3} \) of this piece. What fraction of the whole cake has Robert eaten? Choose the number sentence that would solve the word problem.,\( \frac{2}{3}-\frac{1}{3} \),because sally had two thirds then robert ate one third of it,False_Neither,
27449,33474,Sally has \( \frac{2}{3} \) of a whole cake in the fridge. Robert eats \( \frac{1}{3} \) of this piece. What fraction of the whole cake has Robert eaten? Choose the number sentence that would solve the word problem.,\( \frac{2}{3}-\frac{1}{3} \),because sally has 2/3 and if robert eats one then he has to subtract 1/3,False_Misconception,Subtraction
27450,33474,Sally has \( \frac{2}{3} \) of a whole cake in the fridge. Robert eats \( \frac{1}{3} \) of this piece. What fraction of the whole cake has Robert eaten? Choose the number sentence that would solve the word problem.,\( \frac{2}{3}-\frac{1}{3} \),because sally has 2/3 and it gets taken away so the operation would be -,False_Misconception,Subtraction
27451,33474,Sally has \( \frac{2}{3} \) of a whole cake in the fridge. Robert eats \( \frac{1}{3} \) of this piece. What fraction of the whole cake has Robert eaten? Choose the number sentence that would solve the word problem.,\( \frac{2}{3}-\frac{1}{3} \),because sally has 2/3 and robert is taking away 1/3 of the cake,False_Misconception,Subtraction
27452,33474,Sally has \( \frac{2}{3} \) of a whole cake in the fridge. Robert eats \( \frac{1}{3} \) of this piece. What fraction of the whole cake has Robert eaten? Choose the number sentence that would solve the word problem.,\( \frac{2}{3}-\frac{1}{3} \),because sally has 2/3 of a cake and 1/3 is taken away the equation would be 2/3 - 1/3.,False_Misconception,Subtraction
27453,33474,Sally has \( \frac{2}{3} \) of a whole cake in the fridge. Robert eats \( \frac{1}{3} \) of this piece. What fraction of the whole cake has Robert eaten? Choose the number sentence that would solve the word problem.,\( \frac{2}{3}-\frac{1}{3} \),because sally has 2/3 of a cake and if robert eats 1/3 of it then he is taking away 1/3 so the sum is 2/3-1/3.,False_Misconception,Subtraction
27454,33474,Sally has \( \frac{2}{3} \) of a whole cake in the fridge. Robert eats \( \frac{1}{3} \) of this piece. What fraction of the whole cake has Robert eaten? Choose the number sentence that would solve the word problem.,\( \frac{2}{3}-\frac{1}{3} \),"because sally has 2/3 of a cake and robert eats 1/3, which is taking 1/3 away, which leaves 1/3 left.",False_Misconception,Subtraction
27455,33474,Sally has \( \frac{2}{3} \) of a whole cake in the fridge. Robert eats \( \frac{1}{3} \) of this piece. What fraction of the whole cake has Robert eaten? Choose the number sentence that would solve the word problem.,\( \frac{2}{3}-\frac{1}{3} \),because sally has 2/3 robert eat 1/3 so it’s d,False_Neither,
27456,33474,Sally has \( \frac{2}{3} \) of a whole cake in the fridge. Robert eats \( \frac{1}{3} \) of this piece. What fraction of the whole cake has Robert eaten? Choose the number sentence that would solve the word problem.,\( \frac{2}{3}-\frac{1}{3} \),because sally has 2/3 robert has 1/3 of the 2/3 it is 2/3-1/3,False_Neither,
27457,33474,Sally has \( \frac{2}{3} \) of a whole cake in the fridge. Robert eats \( \frac{1}{3} \) of this piece. What fraction of the whole cake has Robert eaten? Choose the number sentence that would solve the word problem.,\( \frac{2}{3}-\frac{1}{3} \),because sally has two thirds of a cake left and rob eats one third of it so there's one third left,False_Misconception,Subtraction
27458,33474,Sally has \( \frac{2}{3} \) of a whole cake in the fridge. Robert eats \( \frac{1}{3} \) of this piece. What fraction of the whole cake has Robert eaten? Choose the number sentence that would solve the word problem.,\( \frac{2}{3}-\frac{1}{3} \),because sally puts 2 in the fridge then robert eats 1. - - 3. 3,False_Neither,
27459,33474,Sally has \( \frac{2}{3} \) of a whole cake in the fridge. Robert eats \( \frac{1}{3} \) of this piece. What fraction of the whole cake has Robert eaten? Choose the number sentence that would solve the word problem.,\( \frac{2}{3}-\frac{1}{3} \),because sally started with 2/3 and 1/3 was eaten.,False_Neither,
27460,33474,Sally has \( \frac{2}{3} \) of a whole cake in the fridge. Robert eats \( \frac{1}{3} \) of this piece. What fraction of the whole cake has Robert eaten? Choose the number sentence that would solve the word problem.,\( \frac{2}{3}-\frac{1}{3} \),because sally would have one third left after robert took one third of her cake. and 2 thirds take away one third equals one third.,False_Misconception,Subtraction
27461,33474,Sally has \( \frac{2}{3} \) of a whole cake in the fridge. Robert eats \( \frac{1}{3} \) of this piece. What fraction of the whole cake has Robert eaten? Choose the number sentence that would solve the word problem.,\( \frac{2}{3}-\frac{1}{3} \),because sally's still got 1\3 left,False_Neither,
27462,33474,Sally has \( \frac{2}{3} \) of a whole cake in the fridge. Robert eats \( \frac{1}{3} \) of this piece. What fraction of the whole cake has Robert eaten? Choose the number sentence that would solve the word problem.,\( \frac{2}{3}-\frac{1}{3} \),because says that the hole thing is 2/3 so robert are 1/3 so you have to take away,False_Misconception,Subtraction
27463,33474,Sally has \( \frac{2}{3} \) of a whole cake in the fridge. Robert eats \( \frac{1}{3} \) of this piece. What fraction of the whole cake has Robert eaten? Choose the number sentence that would solve the word problem.,\( \frac{2}{3}-\frac{1}{3} \),because she had 2 over 3 then he ate 1 of that 2,False_Neither,
27464,33474,Sally has \( \frac{2}{3} \) of a whole cake in the fridge. Robert eats \( \frac{1}{3} \) of this piece. What fraction of the whole cake has Robert eaten? Choose the number sentence that would solve the word problem.,\( \frac{2}{3}-\frac{1}{3} \),because she had 2 pieces he ate on so l would take away 1,False_Misconception,Subtraction
27465,33474,Sally has \( \frac{2}{3} \) of a whole cake in the fridge. Robert eats \( \frac{1}{3} \) of this piece. What fraction of the whole cake has Robert eaten? Choose the number sentence that would solve the word problem.,\( \frac{2}{3}-\frac{1}{3} \),because she has 2/3 and 1/3 was eaten so it is saying 2/3 take 1/3,False_Misconception,Subtraction
27466,33474,Sally has \( \frac{2}{3} \) of a whole cake in the fridge. Robert eats \( \frac{1}{3} \) of this piece. What fraction of the whole cake has Robert eaten? Choose the number sentence that would solve the word problem.,\( \frac{2}{3}-\frac{1}{3} \),because she has 2/3 and he eats 1/3 so you do 2/3-1/3,False_Misconception,Subtraction
27467,33474,Sally has \( \frac{2}{3} \) of a whole cake in the fridge. Robert eats \( \frac{1}{3} \) of this piece. What fraction of the whole cake has Robert eaten? Choose the number sentence that would solve the word problem.,\( \frac{2}{3}-\frac{1}{3} \),because she has 2/3 and robert eats a third,False_Neither,
27468,33474,Sally has \( \frac{2}{3} \) of a whole cake in the fridge. Robert eats \( \frac{1}{3} \) of this piece. What fraction of the whole cake has Robert eaten? Choose the number sentence that would solve the word problem.,\( \frac{2}{3}-\frac{1}{3} \),because she has eaten 1/3 and there is 2/3 left,False_Neither,
27469,33474,Sally has \( \frac{2}{3} \) of a whole cake in the fridge. Robert eats \( \frac{1}{3} \) of this piece. What fraction of the whole cake has Robert eaten? Choose the number sentence that would solve the word problem.,\( \frac{2}{3}-\frac{1}{3} \),because that equals one third and he ate that,False_Neither,
27470,33474,Sally has \( \frac{2}{3} \) of a whole cake in the fridge. Robert eats \( \frac{1}{3} \) of this piece. What fraction of the whole cake has Robert eaten? Choose the number sentence that would solve the word problem.,\( \frac{2}{3}-\frac{1}{3} \),because that has been taken away from it,False_Misconception,Subtraction
27471,33474,Sally has \( \frac{2}{3} \) of a whole cake in the fridge. Robert eats \( \frac{1}{3} \) of this piece. What fraction of the whole cake has Robert eaten? Choose the number sentence that would solve the word problem.,\( \frac{2}{3}-\frac{1}{3} \),because that is the calculation to get answer,False_Neither,
27472,33474,Sally has \( \frac{2}{3} \) of a whole cake in the fridge. Robert eats \( \frac{1}{3} \) of this piece. What fraction of the whole cake has Robert eaten? Choose the number sentence that would solve the word problem.,\( \frac{2}{3}-\frac{1}{3} \),because thats how you do it,False_Neither,
27473,33474,Sally has \( \frac{2}{3} \) of a whole cake in the fridge. Robert eats \( \frac{1}{3} \) of this piece. What fraction of the whole cake has Robert eaten? Choose the number sentence that would solve the word problem.,\( \frac{2}{3}-\frac{1}{3} \),because that’s all the calculation is asking you to do.,False_Neither,
27474,33474,Sally has \( \frac{2}{3} \) of a whole cake in the fridge. Robert eats \( \frac{1}{3} \) of this piece. What fraction of the whole cake has Robert eaten? Choose the number sentence that would solve the word problem.,\( \frac{2}{3}-\frac{1}{3} \),because the whole amount of the cake is two thirds subtract 1,False_Misconception,Subtraction
27475,33474,Sally has \( \frac{2}{3} \) of a whole cake in the fridge. Robert eats \( \frac{1}{3} \) of this piece. What fraction of the whole cake has Robert eaten? Choose the number sentence that would solve the word problem.,\( \frac{2}{3}-\frac{1}{3} \),because the answer is 1third if you choose it and that is the answer,False_Neither,
27476,33474,Sally has \( \frac{2}{3} \) of a whole cake in the fridge. Robert eats \( \frac{1}{3} \) of this piece. What fraction of the whole cake has Robert eaten? Choose the number sentence that would solve the word problem.,\( \frac{2}{3}-\frac{1}{3} \),because the answer is equal to 1/3,False_Neither,
27477,33474,Sally has \( \frac{2}{3} \) of a whole cake in the fridge. Robert eats \( \frac{1}{3} \) of this piece. What fraction of the whole cake has Robert eaten? Choose the number sentence that would solve the word problem.,\( \frac{2}{3}-\frac{1}{3} \),because the answer is one-third and two-thirds subtract one-third is one-third,False_Misconception,Subtraction
27478,33474,Sally has \( \frac{2}{3} \) of a whole cake in the fridge. Robert eats \( \frac{1}{3} \) of this piece. What fraction of the whole cake has Robert eaten? Choose the number sentence that would solve the word problem.,\( \frac{2}{3}-\frac{1}{3} \),because the answer to this is 1/3,False_Neither,
27479,33474,Sally has \( \frac{2}{3} \) of a whole cake in the fridge. Robert eats \( \frac{1}{3} \) of this piece. What fraction of the whole cake has Robert eaten? Choose the number sentence that would solve the word problem.,\( \frac{2}{3}-\frac{1}{3} \),because the denominator is 3 for both so then u just take away the 1 from the two to,False_Misconception,Subtraction
27480,33474,Sally has \( \frac{2}{3} \) of a whole cake in the fridge. Robert eats \( \frac{1}{3} \) of this piece. What fraction of the whole cake has Robert eaten? Choose the number sentence that would solve the word problem.,\( \frac{2}{3}-\frac{1}{3} \),because the denominator is the same and also you have to subtract to find out the answer.,False_Misconception,Subtraction
27481,33474,Sally has \( \frac{2}{3} \) of a whole cake in the fridge. Robert eats \( \frac{1}{3} \) of this piece. What fraction of the whole cake has Robert eaten? Choose the number sentence that would solve the word problem.,\( \frac{2}{3}-\frac{1}{3} \),because the equation = the answer,False_Neither,
27482,33474,Sally has \( \frac{2}{3} \) of a whole cake in the fridge. Robert eats \( \frac{1}{3} \) of this piece. What fraction of the whole cake has Robert eaten? Choose the number sentence that would solve the word problem.,\( \frac{2}{3}-\frac{1}{3} \),because the i worked out if you take 2 from 1 equals 1,False_Neither,
27483,33474,Sally has \( \frac{2}{3} \) of a whole cake in the fridge. Robert eats \( \frac{1}{3} \) of this piece. What fraction of the whole cake has Robert eaten? Choose the number sentence that would solve the word problem.,\( \frac{2}{3}-\frac{1}{3} \),because the number sentence equals what he eat,False_Neither,
27484,33474,Sally has \( \frac{2}{3} \) of a whole cake in the fridge. Robert eats \( \frac{1}{3} \) of this piece. What fraction of the whole cake has Robert eaten? Choose the number sentence that would solve the word problem.,\( \frac{2}{3}-\frac{1}{3} \),because the operation of the equation is to do with subtrating,False_Neither,
27485,33474,Sally has \( \frac{2}{3} \) of a whole cake in the fridge. Robert eats \( \frac{1}{3} \) of this piece. What fraction of the whole cake has Robert eaten? Choose the number sentence that would solve the word problem.,\( \frac{2}{3}-\frac{1}{3} \),because the question says that he ate it meaning that you have to take away,False_Misconception,Subtraction
27486,33474,Sally has \( \frac{2}{3} \) of a whole cake in the fridge. Robert eats \( \frac{1}{3} \) of this piece. What fraction of the whole cake has Robert eaten? Choose the number sentence that would solve the word problem.,\( \frac{2}{3}-\frac{1}{3} \),because then you would get an answer of 1/3,False_Neither,
27487,33474,Sally has \( \frac{2}{3} \) of a whole cake in the fridge. Robert eats \( \frac{1}{3} \) of this piece. What fraction of the whole cake has Robert eaten? Choose the number sentence that would solve the word problem.,\( \frac{2}{3}-\frac{1}{3} \),because there are 2 thirds and he ate 1 third.,False_Neither,
27488,33474,Sally has \( \frac{2}{3} \) of a whole cake in the fridge. Robert eats \( \frac{1}{3} \) of this piece. What fraction of the whole cake has Robert eaten? Choose the number sentence that would solve the word problem.,\( \frac{2}{3}-\frac{1}{3} \),because there are 2/3 and if one goes the operation would be subtraction,False_Neither,
27489,33474,Sally has \( \frac{2}{3} \) of a whole cake in the fridge. Robert eats \( \frac{1}{3} \) of this piece. What fraction of the whole cake has Robert eaten? Choose the number sentence that would solve the word problem.,\( \frac{2}{3}-\frac{1}{3} \),because there are 2/3 of a cake and robert eats 1/3 so you have to do 2/3-1/3 which is 1/3.,False_Misconception,Subtraction
27490,33474,Sally has \( \frac{2}{3} \) of a whole cake in the fridge. Robert eats \( \frac{1}{3} \) of this piece. What fraction of the whole cake has Robert eaten? Choose the number sentence that would solve the word problem.,\( \frac{2}{3}-\frac{1}{3} \),because there is 1/3 left so the sum is 2/3-1/3=1/3,False_Misconception,Subtraction
27491,33474,Sally has \( \frac{2}{3} \) of a whole cake in the fridge. Robert eats \( \frac{1}{3} \) of this piece. What fraction of the whole cake has Robert eaten? Choose the number sentence that would solve the word problem.,\( \frac{2}{3}-\frac{1}{3} \),because there is 1/3 left you would do 2/3-1/3 which would give you 1/3,False_Misconception,Subtraction
27492,33474,Sally has \( \frac{2}{3} \) of a whole cake in the fridge. Robert eats \( \frac{1}{3} \) of this piece. What fraction of the whole cake has Robert eaten? Choose the number sentence that would solve the word problem.,\( \frac{2}{3}-\frac{1}{3} \),because there is 1/3 of the cake after robert ate it,False_Neither,
27493,33474,Sally has \( \frac{2}{3} \) of a whole cake in the fridge. Robert eats \( \frac{1}{3} \) of this piece. What fraction of the whole cake has Robert eaten? Choose the number sentence that would solve the word problem.,\( \frac{2}{3}-\frac{1}{3} \),because there is 2/3 and he has eaten 1/3 so he has -1/3,False_Neither,
27494,33474,Sally has \( \frac{2}{3} \) of a whole cake in the fridge. Robert eats \( \frac{1}{3} \) of this piece. What fraction of the whole cake has Robert eaten? Choose the number sentence that would solve the word problem.,\( \frac{2}{3}-\frac{1}{3} \),because there is 2/3 and you're taking away 1/3 and that's 1/3.🤣🤣🤣,False_Misconception,Subtraction
27495,33474,Sally has \( \frac{2}{3} \) of a whole cake in the fridge. Robert eats \( \frac{1}{3} \) of this piece. What fraction of the whole cake has Robert eaten? Choose the number sentence that would solve the word problem.,\( \frac{2}{3}-\frac{1}{3} \),because there is 2/3 of a cake and he takes 1/3 away,False_Misconception,Subtraction
27496,33474,Sally has \( \frac{2}{3} \) of a whole cake in the fridge. Robert eats \( \frac{1}{3} \) of this piece. What fraction of the whole cake has Robert eaten? Choose the number sentence that would solve the word problem.,\( \frac{2}{3}-\frac{1}{3} \),because there is 2/3 of a cake left and he eats 1/3 of the cake,False_Neither,
27497,33474,Sally has \( \frac{2}{3} \) of a whole cake in the fridge. Robert eats \( \frac{1}{3} \) of this piece. What fraction of the whole cake has Robert eaten? Choose the number sentence that would solve the word problem.,\( \frac{2}{3}-\frac{1}{3} \),because there is 2/3 of the cake and he eats 1/3 of it so you do take away,False_Misconception,Subtraction
27498,33474,Sally has \( \frac{2}{3} \) of a whole cake in the fridge. Robert eats \( \frac{1}{3} \) of this piece. What fraction of the whole cake has Robert eaten? Choose the number sentence that would solve the word problem.,\( \frac{2}{3}-\frac{1}{3} \),because there is 2/3 there and then he ate 1/3.,False_Neither,
27499,33474,Sally has \( \frac{2}{3} \) of a whole cake in the fridge. Robert eats \( \frac{1}{3} \) of this piece. What fraction of the whole cake has Robert eaten? Choose the number sentence that would solve the word problem.,\( \frac{2}{3}-\frac{1}{3} \),because there is gonna get smaller,False_Neither,
27500,33474,Sally has \( \frac{2}{3} \) of a whole cake in the fridge. Robert eats \( \frac{1}{3} \) of this piece. What fraction of the whole cake has Robert eaten? Choose the number sentence that would solve the word problem.,\( \frac{2}{3}-\frac{1}{3} \),because there is no more cake,False_Neither,
27501,33474,Sally has \( \frac{2}{3} \) of a whole cake in the fridge. Robert eats \( \frac{1}{3} \) of this piece. What fraction of the whole cake has Robert eaten? Choose the number sentence that would solve the word problem.,\( \frac{2}{3}-\frac{1}{3} \),because there is one third left,False_Neither,
27502,33474,Sally has \( \frac{2}{3} \) of a whole cake in the fridge. Robert eats \( \frac{1}{3} \) of this piece. What fraction of the whole cake has Robert eaten? Choose the number sentence that would solve the word problem.,\( \frac{2}{3}-\frac{1}{3} \),because there is one third left and 2 3rds minus 1 3thrd is 1 3thd,False_Misconception,Subtraction
27503,33474,Sally has \( \frac{2}{3} \) of a whole cake in the fridge. Robert eats \( \frac{1}{3} \) of this piece. What fraction of the whole cake has Robert eaten? Choose the number sentence that would solve the word problem.,\( \frac{2}{3}-\frac{1}{3} \),because there is two thirds and robert eats one third so he takes some away so you have to minus it.,False_Misconception,Subtraction
27504,33474,Sally has \( \frac{2}{3} \) of a whole cake in the fridge. Robert eats \( \frac{1}{3} \) of this piece. What fraction of the whole cake has Robert eaten? Choose the number sentence that would solve the word problem.,\( \frac{2}{3}-\frac{1}{3} \),because there is two thirds and then you take away one third to get one third.,False_Misconception,Subtraction
27505,33474,Sally has \( \frac{2}{3} \) of a whole cake in the fridge. Robert eats \( \frac{1}{3} \) of this piece. What fraction of the whole cake has Robert eaten? Choose the number sentence that would solve the word problem.,\( \frac{2}{3}-\frac{1}{3} \),because there three thirds ands sally ate 2 robert has 1,False_Neither,
27506,33474,Sally has \( \frac{2}{3} \) of a whole cake in the fridge. Robert eats \( \frac{1}{3} \) of this piece. What fraction of the whole cake has Robert eaten? Choose the number sentence that would solve the word problem.,\( \frac{2}{3}-\frac{1}{3} \),because there was 2/3 and 1/3 was eaten so 1/3 was left,False_Neither,
27507,33474,Sally has \( \frac{2}{3} \) of a whole cake in the fridge. Robert eats \( \frac{1}{3} \) of this piece. What fraction of the whole cake has Robert eaten? Choose the number sentence that would solve the word problem.,\( \frac{2}{3}-\frac{1}{3} \),because there was 2/3 and 1/3 was taken away,False_Misconception,Subtraction
27508,33474,Sally has \( \frac{2}{3} \) of a whole cake in the fridge. Robert eats \( \frac{1}{3} \) of this piece. What fraction of the whole cake has Robert eaten? Choose the number sentence that would solve the word problem.,\( \frac{2}{3}-\frac{1}{3} \),because there was 2/3 left and he ate 1/3 so there is 1/3 left of the cake,False_Neither,
27509,33474,Sally has \( \frac{2}{3} \) of a whole cake in the fridge. Robert eats \( \frac{1}{3} \) of this piece. What fraction of the whole cake has Robert eaten? Choose the number sentence that would solve the word problem.,\( \frac{2}{3}-\frac{1}{3} \),because there was 2/3 of a cake left. robert ate 1/3. which made it 2/3-1/3.,False_Misconception,Subtraction
27510,33474,Sally has \( \frac{2}{3} \) of a whole cake in the fridge. Robert eats \( \frac{1}{3} \) of this piece. What fraction of the whole cake has Robert eaten? Choose the number sentence that would solve the word problem.,\( \frac{2}{3}-\frac{1}{3} \),because there was 2/3 pieces of cake and robert 'took away' 1/3,False_Misconception,Subtraction
27511,33474,Sally has \( \frac{2}{3} \) of a whole cake in the fridge. Robert eats \( \frac{1}{3} \) of this piece. What fraction of the whole cake has Robert eaten? Choose the number sentence that would solve the word problem.,\( \frac{2}{3}-\frac{1}{3} \),because there was 2/3 there and then 1/3 was eaten!,False_Misconception,Subtraction
27512,33474,Sally has \( \frac{2}{3} \) of a whole cake in the fridge. Robert eats \( \frac{1}{3} \) of this piece. What fraction of the whole cake has Robert eaten? Choose the number sentence that would solve the word problem.,\( \frac{2}{3}-\frac{1}{3} \),because there will be 2/3 left and he wants 1/3 of that,False_Neither,
27513,33474,Sally has \( \frac{2}{3} \) of a whole cake in the fridge. Robert eats \( \frac{1}{3} \) of this piece. What fraction of the whole cake has Robert eaten? Choose the number sentence that would solve the word problem.,\( \frac{2}{3}-\frac{1}{3} \),because there will only be one third left and you subtract,False_Misconception,Subtraction
27514,33474,Sally has \( \frac{2}{3} \) of a whole cake in the fridge. Robert eats \( \frac{1}{3} \) of this piece. What fraction of the whole cake has Robert eaten? Choose the number sentence that would solve the word problem.,\( \frac{2}{3}-\frac{1}{3} \),because theres 2/3 and robert ate 1/3 so you take them away,False_Misconception,Subtraction
27515,33474,Sally has \( \frac{2}{3} \) of a whole cake in the fridge. Robert eats \( \frac{1}{3} \) of this piece. What fraction of the whole cake has Robert eaten? Choose the number sentence that would solve the word problem.,\( \frac{2}{3}-\frac{1}{3} \),because thers 2/3 and he eats 1/3 and to find the differance you would take away,False_Misconception,Subtraction
27516,33474,Sally has \( \frac{2}{3} \) of a whole cake in the fridge. Robert eats \( \frac{1}{3} \) of this piece. What fraction of the whole cake has Robert eaten? Choose the number sentence that would solve the word problem.,\( \frac{2}{3}-\frac{1}{3} \),"because they both have the same denominator and the rest don't make sense, as this one does",False_Neither,
27517,33474,Sally has \( \frac{2}{3} \) of a whole cake in the fridge. Robert eats \( \frac{1}{3} \) of this piece. What fraction of the whole cake has Robert eaten? Choose the number sentence that would solve the word problem.,\( \frac{2}{3}-\frac{1}{3} \),because this soloution explains it properly,False_Neither,
27518,33474,Sally has \( \frac{2}{3} \) of a whole cake in the fridge. Robert eats \( \frac{1}{3} \) of this piece. What fraction of the whole cake has Robert eaten? Choose the number sentence that would solve the word problem.,\( \frac{2}{3}-\frac{1}{3} \),because u need to take them both away,False_Neither,
27519,33474,Sally has \( \frac{2}{3} \) of a whole cake in the fridge. Robert eats \( \frac{1}{3} \) of this piece. What fraction of the whole cake has Robert eaten? Choose the number sentence that would solve the word problem.,\( \frac{2}{3}-\frac{1}{3} \),because we have 100% but same one take 50% and answer is 50%,False_Neither,
27520,33474,Sally has \( \frac{2}{3} \) of a whole cake in the fridge. Robert eats \( \frac{1}{3} \) of this piece. What fraction of the whole cake has Robert eaten? Choose the number sentence that would solve the word problem.,\( \frac{2}{3}-\frac{1}{3} \),because we need to see what fraction is left of the cake,False_Neither,
27521,33474,Sally has \( \frac{2}{3} \) of a whole cake in the fridge. Robert eats \( \frac{1}{3} \) of this piece. What fraction of the whole cake has Robert eaten? Choose the number sentence that would solve the word problem.,\( \frac{2}{3}-\frac{1}{3} \),because we start with 2/3 and 1/3 is taken away,False_Misconception,Subtraction
27522,33474,Sally has \( \frac{2}{3} \) of a whole cake in the fridge. Robert eats \( \frac{1}{3} \) of this piece. What fraction of the whole cake has Robert eaten? Choose the number sentence that would solve the word problem.,\( \frac{2}{3}-\frac{1}{3} \),because when you minus 1 3rd from 2 3rds it equals 1 3rd,False_Misconception,Subtraction
27523,33474,Sally has \( \frac{2}{3} \) of a whole cake in the fridge. Robert eats \( \frac{1}{3} \) of this piece. What fraction of the whole cake has Robert eaten? Choose the number sentence that would solve the word problem.,\( \frac{2}{3}-\frac{1}{3} \),because when you minus 1 third from 2 thirds it equals 1third,False_Misconception,Subtraction
27524,33474,Sally has \( \frac{2}{3} \) of a whole cake in the fridge. Robert eats \( \frac{1}{3} \) of this piece. What fraction of the whole cake has Robert eaten? Choose the number sentence that would solve the word problem.,\( \frac{2}{3}-\frac{1}{3} \),because you are just taking away,False_Misconception,Subtraction
27525,33474,Sally has \( \frac{2}{3} \) of a whole cake in the fridge. Robert eats \( \frac{1}{3} \) of this piece. What fraction of the whole cake has Robert eaten? Choose the number sentence that would solve the word problem.,\( \frac{2}{3}-\frac{1}{3} \),because you are taking 1/3 away from 2/3,False_Misconception,Subtraction
27526,33474,Sally has \( \frac{2}{3} \) of a whole cake in the fridge. Robert eats \( \frac{1}{3} \) of this piece. What fraction of the whole cake has Robert eaten? Choose the number sentence that would solve the word problem.,\( \frac{2}{3}-\frac{1}{3} \),because you are taking 1/3 away from 2/3,False_Misconception,Subtraction
27527,33474,Sally has \( \frac{2}{3} \) of a whole cake in the fridge. Robert eats \( \frac{1}{3} \) of this piece. What fraction of the whole cake has Robert eaten? Choose the number sentence that would solve the word problem.,\( \frac{2}{3}-\frac{1}{3} \),because you are taking away 1/3 away from 2/3,False_Misconception,Subtraction
27528,33474,Sally has \( \frac{2}{3} \) of a whole cake in the fridge. Robert eats \( \frac{1}{3} \) of this piece. What fraction of the whole cake has Robert eaten? Choose the number sentence that would solve the word problem.,\( \frac{2}{3}-\frac{1}{3} \),because you are taking away 1/3 from 2/3,False_Misconception,Subtraction
27529,33474,Sally has \( \frac{2}{3} \) of a whole cake in the fridge. Robert eats \( \frac{1}{3} \) of this piece. What fraction of the whole cake has Robert eaten? Choose the number sentence that would solve the word problem.,\( \frac{2}{3}-\frac{1}{3} \),because you are taking away 2/3 from 1/3,False_Misconception,Subtraction
27530,33474,Sally has \( \frac{2}{3} \) of a whole cake in the fridge. Robert eats \( \frac{1}{3} \) of this piece. What fraction of the whole cake has Robert eaten? Choose the number sentence that would solve the word problem.,\( \frac{2}{3}-\frac{1}{3} \),because you are taking away the amount he ate so it will be d,False_Misconception,Subtraction
27531,33474,Sally has \( \frac{2}{3} \) of a whole cake in the fridge. Robert eats \( \frac{1}{3} \) of this piece. What fraction of the whole cake has Robert eaten? Choose the number sentence that would solve the word problem.,\( \frac{2}{3}-\frac{1}{3} \),because you are taking away the amount that sally has,False_Misconception,Subtraction
27532,33474,Sally has \( \frac{2}{3} \) of a whole cake in the fridge. Robert eats \( \frac{1}{3} \) of this piece. What fraction of the whole cake has Robert eaten? Choose the number sentence that would solve the word problem.,\( \frac{2}{3}-\frac{1}{3} \),because you are taking one therd from two therds,False_Misconception,Subtraction
27533,33474,Sally has \( \frac{2}{3} \) of a whole cake in the fridge. Robert eats \( \frac{1}{3} \) of this piece. What fraction of the whole cake has Robert eaten? Choose the number sentence that would solve the word problem.,\( \frac{2}{3}-\frac{1}{3} \),because you are taking the slice away from the cake,False_Misconception,Subtraction
27534,33474,Sally has \( \frac{2}{3} \) of a whole cake in the fridge. Robert eats \( \frac{1}{3} \) of this piece. What fraction of the whole cake has Robert eaten? Choose the number sentence that would solve the word problem.,\( \frac{2}{3}-\frac{1}{3} \),because you do 2 over 3 - 1 over 3 to find how much he ate,False_Neither,
27535,33474,Sally has \( \frac{2}{3} \) of a whole cake in the fridge. Robert eats \( \frac{1}{3} \) of this piece. What fraction of the whole cake has Robert eaten? Choose the number sentence that would solve the word problem.,\( \frac{2}{3}-\frac{1}{3} \),because you do 2/3 take away 1/3 and you are taking away 1/3 away,False_Misconception,Subtraction
27536,33474,Sally has \( \frac{2}{3} \) of a whole cake in the fridge. Robert eats \( \frac{1}{3} \) of this piece. What fraction of the whole cake has Robert eaten? Choose the number sentence that would solve the word problem.,\( \frac{2}{3}-\frac{1}{3} \),because you do 2/3 take away 1/3 which is 1/3 but it says that how much of the cake is reaimaning so the answer is 1/3,False_Misconception,Subtraction
27537,33474,Sally has \( \frac{2}{3} \) of a whole cake in the fridge. Robert eats \( \frac{1}{3} \) of this piece. What fraction of the whole cake has Robert eaten? Choose the number sentence that would solve the word problem.,\( \frac{2}{3}-\frac{1}{3} \),because you do a takeaway because he eat so you will takeaway.,False_Misconception,Subtraction
27538,33474,Sally has \( \frac{2}{3} \) of a whole cake in the fridge. Robert eats \( \frac{1}{3} \) of this piece. What fraction of the whole cake has Robert eaten? Choose the number sentence that would solve the word problem.,\( \frac{2}{3}-\frac{1}{3} \),because you had two thirds to start with and he ate one third,False_Neither,
27539,33474,Sally has \( \frac{2}{3} \) of a whole cake in the fridge. Robert eats \( \frac{1}{3} \) of this piece. What fraction of the whole cake has Robert eaten? Choose the number sentence that would solve the word problem.,\( \frac{2}{3}-\frac{1}{3} \),because you have 2/3 and you eat 1/3,False_Neither,
27540,33474,Sally has \( \frac{2}{3} \) of a whole cake in the fridge. Robert eats \( \frac{1}{3} \) of this piece. What fraction of the whole cake has Robert eaten? Choose the number sentence that would solve the word problem.,\( \frac{2}{3}-\frac{1}{3} \),because you have 2/3 and you need to minus 1/3.,False_Misconception,Subtraction
27541,33474,Sally has \( \frac{2}{3} \) of a whole cake in the fridge. Robert eats \( \frac{1}{3} \) of this piece. What fraction of the whole cake has Robert eaten? Choose the number sentence that would solve the word problem.,\( \frac{2}{3}-\frac{1}{3} \),because you have to do the top and bottom and that is 9 and 2 and - is 1 and 9,False_Neither,
27542,33474,Sally has \( \frac{2}{3} \) of a whole cake in the fridge. Robert eats \( \frac{1}{3} \) of this piece. What fraction of the whole cake has Robert eaten? Choose the number sentence that would solve the word problem.,\( \frac{2}{3}-\frac{1}{3} \),because you have to find out how much is left after he has eaten 1/3,False_Neither,
27543,33474,Sally has \( \frac{2}{3} \) of a whole cake in the fridge. Robert eats \( \frac{1}{3} \) of this piece. What fraction of the whole cake has Robert eaten? Choose the number sentence that would solve the word problem.,\( \frac{2}{3}-\frac{1}{3} \),because you have to see what is renaming but you don't take away the denominator,False_Neither,
27544,33474,Sally has \( \frac{2}{3} \) of a whole cake in the fridge. Robert eats \( \frac{1}{3} \) of this piece. What fraction of the whole cake has Robert eaten? Choose the number sentence that would solve the word problem.,\( \frac{2}{3}-\frac{1}{3} \),because you have to take 1/3 from 2/3 to make 1/3,False_Misconception,Subtraction
27545,33474,Sally has \( \frac{2}{3} \) of a whole cake in the fridge. Robert eats \( \frac{1}{3} \) of this piece. What fraction of the whole cake has Robert eaten? Choose the number sentence that would solve the word problem.,\( \frac{2}{3}-\frac{1}{3} \),"because you have to work out 2 ,3rds and then subtract 1 ,3rd.",False_Misconception,Subtraction
27546,33474,Sally has \( \frac{2}{3} \) of a whole cake in the fridge. Robert eats \( \frac{1}{3} \) of this piece. What fraction of the whole cake has Robert eaten? Choose the number sentence that would solve the word problem.,\( \frac{2}{3}-\frac{1}{3} \),because you minus it off of the cake,False_Neither,
27547,33474,Sally has \( \frac{2}{3} \) of a whole cake in the fridge. Robert eats \( \frac{1}{3} \) of this piece. What fraction of the whole cake has Robert eaten? Choose the number sentence that would solve the word problem.,\( \frac{2}{3}-\frac{1}{3} \),because you need to do 2/3 -1/3 to get your answer because there was 2/3 left and robert ate 1/3 so you do 2/3-1/3=1/3,False_Misconception,Subtraction
27548,33474,Sally has \( \frac{2}{3} \) of a whole cake in the fridge. Robert eats \( \frac{1}{3} \) of this piece. What fraction of the whole cake has Robert eaten? Choose the number sentence that would solve the word problem.,\( \frac{2}{3}-\frac{1}{3} \),because you need to subract two thirds and one third to find the remainder.,False_Neither,
27549,33474,Sally has \( \frac{2}{3} \) of a whole cake in the fridge. Robert eats \( \frac{1}{3} \) of this piece. What fraction of the whole cake has Robert eaten? Choose the number sentence that would solve the word problem.,\( \frac{2}{3}-\frac{1}{3} \),because you need to take 1/3 from 2/3 to find out how much of the cake is left,False_Misconception,Subtraction
27550,33474,Sally has \( \frac{2}{3} \) of a whole cake in the fridge. Robert eats \( \frac{1}{3} \) of this piece. What fraction of the whole cake has Robert eaten? Choose the number sentence that would solve the word problem.,\( \frac{2}{3}-\frac{1}{3} \),because you need to take away,False_Neither,
27551,33474,Sally has \( \frac{2}{3} \) of a whole cake in the fridge. Robert eats \( \frac{1}{3} \) of this piece. What fraction of the whole cake has Robert eaten? Choose the number sentence that would solve the word problem.,\( \frac{2}{3}-\frac{1}{3} \),because you need to take away 3 and 3 and 2 and 1,False_Misconception,Subtraction
27552,33474,Sally has \( \frac{2}{3} \) of a whole cake in the fridge. Robert eats \( \frac{1}{3} \) of this piece. What fraction of the whole cake has Robert eaten? Choose the number sentence that would solve the word problem.,\( \frac{2}{3}-\frac{1}{3} \),because you need to take away the bit h e ate,False_Misconception,Subtraction
27553,33474,Sally has \( \frac{2}{3} \) of a whole cake in the fridge. Robert eats \( \frac{1}{3} \) of this piece. What fraction of the whole cake has Robert eaten? Choose the number sentence that would solve the word problem.,\( \frac{2}{3}-\frac{1}{3} \),because you only take away the top number away so it leaves the bottom leaving you with one third which is how much robert has eaten.,False_Misconception,Subtraction
27554,33474,Sally has \( \frac{2}{3} \) of a whole cake in the fridge. Robert eats \( \frac{1}{3} \) of this piece. What fraction of the whole cake has Robert eaten? Choose the number sentence that would solve the word problem.,\( \frac{2}{3}-\frac{1}{3} \),because you start with 2/3 and 1/3 is gone so you subtract the fractions starting with the bigger fraction 2/3.,False_Neither,
27555,33474,Sally has \( \frac{2}{3} \) of a whole cake in the fridge. Robert eats \( \frac{1}{3} \) of this piece. What fraction of the whole cake has Robert eaten? Choose the number sentence that would solve the word problem.,\( \frac{2}{3}-\frac{1}{3} \),because you start with 2/3 and someone eats 1/3 so you have 1/3 left so therefore you needed to do a subtraction for that sum,False_Misconception,Subtraction
27556,33474,Sally has \( \frac{2}{3} \) of a whole cake in the fridge. Robert eats \( \frac{1}{3} \) of this piece. What fraction of the whole cake has Robert eaten? Choose the number sentence that would solve the word problem.,\( \frac{2}{3}-\frac{1}{3} \),because you take 1 third from 2 thirds = 1 third,False_Misconception,Subtraction
27557,33474,Sally has \( \frac{2}{3} \) of a whole cake in the fridge. Robert eats \( \frac{1}{3} \) of this piece. What fraction of the whole cake has Robert eaten? Choose the number sentence that would solve the word problem.,\( \frac{2}{3}-\frac{1}{3} \),because you take 2/3 and 1/3 as they are the same denominator it is a simple subtraction.,False_Misconception,Subtraction
27558,33474,Sally has \( \frac{2}{3} \) of a whole cake in the fridge. Robert eats \( \frac{1}{3} \) of this piece. What fraction of the whole cake has Robert eaten? Choose the number sentence that would solve the word problem.,\( \frac{2}{3}-\frac{1}{3} \),because you take away 1/3 from 2/3 which gives you 1/3,False_Misconception,Subtraction
27559,33474,Sally has \( \frac{2}{3} \) of a whole cake in the fridge. Robert eats \( \frac{1}{3} \) of this piece. What fraction of the whole cake has Robert eaten? Choose the number sentence that would solve the word problem.,\( \frac{2}{3}-\frac{1}{3} \),because you take away what he ate,False_Misconception,Subtraction
27560,33474,Sally has \( \frac{2}{3} \) of a whole cake in the fridge. Robert eats \( \frac{1}{3} \) of this piece. What fraction of the whole cake has Robert eaten? Choose the number sentence that would solve the word problem.,\( \frac{2}{3}-\frac{1}{3} \),because you take away your answer,False_Misconception,Subtraction
27561,33474,Sally has \( \frac{2}{3} \) of a whole cake in the fridge. Robert eats \( \frac{1}{3} \) of this piece. What fraction of the whole cake has Robert eaten? Choose the number sentence that would solve the word problem.,\( \frac{2}{3}-\frac{1}{3} \),because you takeaway yhis from that,False_Misconception,Subtraction
27562,33474,Sally has \( \frac{2}{3} \) of a whole cake in the fridge. Robert eats \( \frac{1}{3} \) of this piece. What fraction of the whole cake has Robert eaten? Choose the number sentence that would solve the word problem.,\( \frac{2}{3}-\frac{1}{3} \),because you taking away the food that has been eaten to see whats left,False_Misconception,Subtraction
27563,33474,Sally has \( \frac{2}{3} \) of a whole cake in the fridge. Robert eats \( \frac{1}{3} \) of this piece. What fraction of the whole cake has Robert eaten? Choose the number sentence that would solve the word problem.,\( \frac{2}{3}-\frac{1}{3} \),because you want to know what will happen.,False_Neither,
27564,33474,Sally has \( \frac{2}{3} \) of a whole cake in the fridge. Robert eats \( \frac{1}{3} \) of this piece. What fraction of the whole cake has Robert eaten? Choose the number sentence that would solve the word problem.,\( \frac{2}{3}-\frac{1}{3} \),because you would have eaten it so there is 1 less.,False_Neither,
27565,33474,Sally has \( \frac{2}{3} \) of a whole cake in the fridge. Robert eats \( \frac{1}{3} \) of this piece. What fraction of the whole cake has Robert eaten? Choose the number sentence that would solve the word problem.,\( \frac{2}{3}-\frac{1}{3} \),because you would need to minus 1/3 from 2/3,False_Neither,
27566,33474,Sally has \( \frac{2}{3} \) of a whole cake in the fridge. Robert eats \( \frac{1}{3} \) of this piece. What fraction of the whole cake has Robert eaten? Choose the number sentence that would solve the word problem.,\( \frac{2}{3}-\frac{1}{3} \),because you would subtract sally's total from roberts total.,False_Misconception,Subtraction
27567,33474,Sally has \( \frac{2}{3} \) of a whole cake in the fridge. Robert eats \( \frac{1}{3} \) of this piece. What fraction of the whole cake has Robert eaten? Choose the number sentence that would solve the word problem.,\( \frac{2}{3}-\frac{1}{3} \),because your taking away a third,False_Misconception,Subtraction
27568,33474,Sally has \( \frac{2}{3} \) of a whole cake in the fridge. Robert eats \( \frac{1}{3} \) of this piece. What fraction of the whole cake has Robert eaten? Choose the number sentence that would solve the word problem.,\( \frac{2}{3}-\frac{1}{3} \),because youre taking away from 2/3,False_Misconception,Subtraction
27569,33474,Sally has \( \frac{2}{3} \) of a whole cake in the fridge. Robert eats \( \frac{1}{3} \) of this piece. What fraction of the whole cake has Robert eaten? Choose the number sentence that would solve the word problem.,\( \frac{2}{3}-\frac{1}{3} \),because youve go 2/3 and your taking away 1/3 which = 1/3,False_Misconception,Subtraction
27570,33474,Sally has \( \frac{2}{3} \) of a whole cake in the fridge. Robert eats \( \frac{1}{3} \) of this piece. What fraction of the whole cake has Robert eaten? Choose the number sentence that would solve the word problem.,\( \frac{2}{3}-\frac{1}{3} \),because youve got 2/3 and your taking away 1/3,False_Misconception,Subtraction
27571,33474,Sally has \( \frac{2}{3} \) of a whole cake in the fridge. Robert eats \( \frac{1}{3} \) of this piece. What fraction of the whole cake has Robert eaten? Choose the number sentence that would solve the word problem.,\( \frac{2}{3}-\frac{1}{3} \),becease he has eaten a half of a cake and it's the same,False_Neither,
27572,33474,Sally has \( \frac{2}{3} \) of a whole cake in the fridge. Robert eats \( \frac{1}{3} \) of this piece. What fraction of the whole cake has Robert eaten? Choose the number sentence that would solve the word problem.,\( \frac{2}{3}-\frac{1}{3} \),becuase sally has 2/3 of a cake in the fridge and robert ate 1/3,False_Neither,
27573,33474,Sally has \( \frac{2}{3} \) of a whole cake in the fridge. Robert eats \( \frac{1}{3} \) of this piece. What fraction of the whole cake has Robert eaten? Choose the number sentence that would solve the word problem.,\( \frac{2}{3}-\frac{1}{3} \),becuase the cake is being taken away,False_Neither,
27574,33474,Sally has \( \frac{2}{3} \) of a whole cake in the fridge. Robert eats \( \frac{1}{3} \) of this piece. What fraction of the whole cake has Robert eaten? Choose the number sentence that would solve the word problem.,\( \frac{2}{3}-\frac{1}{3} \),becuase this is the correct calculation,False_Neither,
27575,33474,Sally has \( \frac{2}{3} \) of a whole cake in the fridge. Robert eats \( \frac{1}{3} \) of this piece. What fraction of the whole cake has Robert eaten? Choose the number sentence that would solve the word problem.,\( \frac{2}{3}-\frac{1}{3} \),becuase you are take awaying it,False_Misconception,Subtraction
27576,33474,Sally has \( \frac{2}{3} \) of a whole cake in the fridge. Robert eats \( \frac{1}{3} \) of this piece. What fraction of the whole cake has Robert eaten? Choose the number sentence that would solve the word problem.,\( \frac{2}{3}-\frac{1}{3} \),becuase you need to find ou,False_Neither,
27577,33474,Sally has \( \frac{2}{3} \) of a whole cake in the fridge. Robert eats \( \frac{1}{3} \) of this piece. What fraction of the whole cake has Robert eaten? Choose the number sentence that would solve the word problem.,\( \frac{2}{3}-\frac{1}{3} \),becuse you nedd to take away,False_Misconception,Subtraction
27578,33474,Sally has \( \frac{2}{3} \) of a whole cake in the fridge. Robert eats \( \frac{1}{3} \) of this piece. What fraction of the whole cake has Robert eaten? Choose the number sentence that would solve the word problem.,\( \frac{2}{3}-\frac{1}{3} \),cake is 2/3 he eats 1/3 the format of this question is really bad,False_Neither,
27579,33474,Sally has \( \frac{2}{3} \) of a whole cake in the fridge. Robert eats \( \frac{1}{3} \) of this piece. What fraction of the whole cake has Robert eaten? Choose the number sentence that would solve the word problem.,\( \frac{2}{3}-\frac{1}{3} \),cause there’s three in total minus one of the pieces. then he eats another piece so that’s one third left.,False_Misconception,Subtraction
27580,33474,Sally has \( \frac{2}{3} \) of a whole cake in the fridge. Robert eats \( \frac{1}{3} \) of this piece. What fraction of the whole cake has Robert eaten? Choose the number sentence that would solve the word problem.,\( \frac{2}{3}-\frac{1}{3} \),d as 2/3 - 1/3 would be the appropriate calculation to solve the problem,False_Misconception,Subtraction
27581,33474,Sally has \( \frac{2}{3} \) of a whole cake in the fridge. Robert eats \( \frac{1}{3} \) of this piece. What fraction of the whole cake has Robert eaten? Choose the number sentence that would solve the word problem.,\( \frac{2}{3}-\frac{1}{3} \),d as i drew a diagram and i ended up with 1/3.,False_Neither,
27582,33474,Sally has \( \frac{2}{3} \) of a whole cake in the fridge. Robert eats \( \frac{1}{3} \) of this piece. What fraction of the whole cake has Robert eaten? Choose the number sentence that would solve the word problem.,\( \frac{2}{3}-\frac{1}{3} \),d as there is 1/3 left,False_Neither,
27583,33474,Sally has \( \frac{2}{3} \) of a whole cake in the fridge. Robert eats \( \frac{1}{3} \) of this piece. What fraction of the whole cake has Robert eaten? Choose the number sentence that would solve the word problem.,\( \frac{2}{3}-\frac{1}{3} \),d as you need have to find how much he eats so you need to do,False_Neither,
27584,33474,Sally has \( \frac{2}{3} \) of a whole cake in the fridge. Robert eats \( \frac{1}{3} \) of this piece. What fraction of the whole cake has Robert eaten? Choose the number sentence that would solve the word problem.,\( \frac{2}{3}-\frac{1}{3} \),d becasue she had 2/3 and then robert ate which would make it a subtraction so its 2/3 - 1/3,False_Misconception,Subtraction
27585,33474,Sally has \( \frac{2}{3} \) of a whole cake in the fridge. Robert eats \( \frac{1}{3} \) of this piece. What fraction of the whole cake has Robert eaten? Choose the number sentence that would solve the word problem.,\( \frac{2}{3}-\frac{1}{3} \),d because 2/3 - 1/3 = 1/3 and that is the calculation i did.,False_Misconception,Subtraction
27586,33474,Sally has \( \frac{2}{3} \) of a whole cake in the fridge. Robert eats \( \frac{1}{3} \) of this piece. What fraction of the whole cake has Robert eaten? Choose the number sentence that would solve the word problem.,\( \frac{2}{3}-\frac{1}{3} \),d because 2/3 -1/3=1/3 and have to take away,False_Misconception,Subtraction
27587,33474,Sally has \( \frac{2}{3} \) of a whole cake in the fridge. Robert eats \( \frac{1}{3} \) of this piece. What fraction of the whole cake has Robert eaten? Choose the number sentence that would solve the word problem.,\( \frac{2}{3}-\frac{1}{3} \),d because 3/3 is the whole cake. sally takes 2/3 of the whole cake and robert takes 1/3 of the piece which means it is 2/3 - 1/3.,False_Misconception,Subtraction
27588,33474,Sally has \( \frac{2}{3} \) of a whole cake in the fridge. Robert eats \( \frac{1}{3} \) of this piece. What fraction of the whole cake has Robert eaten? Choose the number sentence that would solve the word problem.,\( \frac{2}{3}-\frac{1}{3} \),d because he ate 1/3 0f the cake so you would need to do 2/3-1/3 to find the answer.,False_Misconception,Subtraction
27589,33474,Sally has \( \frac{2}{3} \) of a whole cake in the fridge. Robert eats \( \frac{1}{3} \) of this piece. What fraction of the whole cake has Robert eaten? Choose the number sentence that would solve the word problem.,\( \frac{2}{3}-\frac{1}{3} \),d because he has eaten 1/3 from 2/3 so it would be subtraction,False_Misconception,Subtraction
27590,33474,Sally has \( \frac{2}{3} \) of a whole cake in the fridge. Robert eats \( \frac{1}{3} \) of this piece. What fraction of the whole cake has Robert eaten? Choose the number sentence that would solve the word problem.,\( \frac{2}{3}-\frac{1}{3} \),d because if you have to turn 2/3 into 4/6 and 1/3 into 2/6 and 4/6 minus 2/6 is 2/6,False_Neither,
27591,33474,Sally has \( \frac{2}{3} \) of a whole cake in the fridge. Robert eats \( \frac{1}{3} \) of this piece. What fraction of the whole cake has Robert eaten? Choose the number sentence that would solve the word problem.,\( \frac{2}{3}-\frac{1}{3} \),d because it's the same denominator and you just take away the top numbers,False_Neither,
27592,33474,Sally has \( \frac{2}{3} \) of a whole cake in the fridge. Robert eats \( \frac{1}{3} \) of this piece. What fraction of the whole cake has Robert eaten? Choose the number sentence that would solve the word problem.,\( \frac{2}{3}-\frac{1}{3} \),d because sally has 2/3 and you take 2/3-1/3=1/3 left,False_Misconception,Subtraction
27593,33474,Sally has \( \frac{2}{3} \) of a whole cake in the fridge. Robert eats \( \frac{1}{3} \) of this piece. What fraction of the whole cake has Robert eaten? Choose the number sentence that would solve the word problem.,\( \frac{2}{3}-\frac{1}{3} \),d because sally starts with 2/3 and then robert eats 1/3. this is 2/3-1/3,False_Misconception,Subtraction
27594,33474,Sally has \( \frac{2}{3} \) of a whole cake in the fridge. Robert eats \( \frac{1}{3} \) of this piece. What fraction of the whole cake has Robert eaten? Choose the number sentence that would solve the word problem.,\( \frac{2}{3}-\frac{1}{3} \),d because she had 2/3rds to start and then robert ate 1/3 so 2-1=1,False_Misconception,Subtraction
27595,33474,Sally has \( \frac{2}{3} \) of a whole cake in the fridge. Robert eats \( \frac{1}{3} \) of this piece. What fraction of the whole cake has Robert eaten? Choose the number sentence that would solve the word problem.,\( \frac{2}{3}-\frac{1}{3} \),d because she has 2/3 of a cake and he eats 1/3 so you need to take 1/3 away of 2/3.,False_Misconception,Subtraction
27596,33474,Sally has \( \frac{2}{3} \) of a whole cake in the fridge. Robert eats \( \frac{1}{3} \) of this piece. What fraction of the whole cake has Robert eaten? Choose the number sentence that would solve the word problem.,\( \frac{2}{3}-\frac{1}{3} \),"d because she has 2/3 of a whole cake and if 1/3 is eaten, the number sentence is 2/3 - 1/3.",False_Misconception,Subtraction
27597,33474,Sally has \( \frac{2}{3} \) of a whole cake in the fridge. Robert eats \( \frac{1}{3} \) of this piece. What fraction of the whole cake has Robert eaten? Choose the number sentence that would solve the word problem.,\( \frac{2}{3}-\frac{1}{3} \),d because there is 2/3 and he eats 1/3 so it would be 2/3 take away 1/3,False_Misconception,Subtraction
27598,33474,Sally has \( \frac{2}{3} \) of a whole cake in the fridge. Robert eats \( \frac{1}{3} \) of this piece. What fraction of the whole cake has Robert eaten? Choose the number sentence that would solve the word problem.,\( \frac{2}{3}-\frac{1}{3} \),d because you need to know how much is remaining.,False_Neither,
27599,33474,Sally has \( \frac{2}{3} \) of a whole cake in the fridge. Robert eats \( \frac{1}{3} \) of this piece. What fraction of the whole cake has Robert eaten? Choose the number sentence that would solve the word problem.,\( \frac{2}{3}-\frac{1}{3} \),d because you need to take 1/3 away because it's not there any more.,False_Misconception,Subtraction
27600,33474,Sally has \( \frac{2}{3} \) of a whole cake in the fridge. Robert eats \( \frac{1}{3} \) of this piece. What fraction of the whole cake has Robert eaten? Choose the number sentence that would solve the word problem.,\( \frac{2}{3}-\frac{1}{3} \),d is the only correct answer,False_Neither,
27601,33474,Sally has \( \frac{2}{3} \) of a whole cake in the fridge. Robert eats \( \frac{1}{3} \) of this piece. What fraction of the whole cake has Robert eaten? Choose the number sentence that would solve the word problem.,\( \frac{2}{3}-\frac{1}{3} \),"d is the only one that answers how much robert has eaten, 1/3.",False_Neither,
27602,33474,Sally has \( \frac{2}{3} \) of a whole cake in the fridge. Robert eats \( \frac{1}{3} \) of this piece. What fraction of the whole cake has Robert eaten? Choose the number sentence that would solve the word problem.,\( \frac{2}{3}-\frac{1}{3} \),d is the perfect equitation because 2/3 which is how much cake there is left and 1/3 is how much robert ate,False_Misconception,Subtraction
27603,33474,Sally has \( \frac{2}{3} \) of a whole cake in the fridge. Robert eats \( \frac{1}{3} \) of this piece. What fraction of the whole cake has Robert eaten? Choose the number sentence that would solve the word problem.,\( \frac{2}{3}-\frac{1}{3} \),"d, as + and x dont help, as this is about subtracting. then divide, doesn't really work so its minus.",False_Neither,
27604,33474,Sally has \( \frac{2}{3} \) of a whole cake in the fridge. Robert eats \( \frac{1}{3} \) of this piece. What fraction of the whole cake has Robert eaten? Choose the number sentence that would solve the word problem.,\( \frac{2}{3}-\frac{1}{3} \),despite the word piece being used it makes more sense for it to be a mistake as the wording around it implies the necessity of it being the whole cake,False_Neither,
27605,33474,Sally has \( \frac{2}{3} \) of a whole cake in the fridge. Robert eats \( \frac{1}{3} \) of this piece. What fraction of the whole cake has Robert eaten? Choose the number sentence that would solve the word problem.,\( \frac{2}{3}-\frac{1}{3} \),eating is the same as taking away,False_Misconception,Subtraction
27606,33474,Sally has \( \frac{2}{3} \) of a whole cake in the fridge. Robert eats \( \frac{1}{3} \) of this piece. What fraction of the whole cake has Robert eaten? Choose the number sentence that would solve the word problem.,\( \frac{2}{3}-\frac{1}{3} \),find out what the whole cake was then take 2/3away then he eats the last third,False_Misconception,Subtraction
27607,33474,Sally has \( \frac{2}{3} \) of a whole cake in the fridge. Robert eats \( \frac{1}{3} \) of this piece. What fraction of the whole cake has Robert eaten? Choose the number sentence that would solve the word problem.,\( \frac{2}{3}-\frac{1}{3} \),he ate 1 third of the cake and 2 thirds minus 1 third is 1 third.,False_Neither,
27608,33474,Sally has \( \frac{2}{3} \) of a whole cake in the fridge. Robert eats \( \frac{1}{3} \) of this piece. What fraction of the whole cake has Robert eaten? Choose the number sentence that would solve the word problem.,\( \frac{2}{3}-\frac{1}{3} \),he ate 1/3 of 2/3 so all together he ate a 1/3,False_Neither,
27609,33474,Sally has \( \frac{2}{3} \) of a whole cake in the fridge. Robert eats \( \frac{1}{3} \) of this piece. What fraction of the whole cake has Robert eaten? Choose the number sentence that would solve the word problem.,\( \frac{2}{3}-\frac{1}{3} \),he ate 1/3 of the cake so you would take it away because he takes one third of it which is taking it away.,False_Misconception,Subtraction
27610,33474,Sally has \( \frac{2}{3} \) of a whole cake in the fridge. Robert eats \( \frac{1}{3} \) of this piece. What fraction of the whole cake has Robert eaten? Choose the number sentence that would solve the word problem.,\( \frac{2}{3}-\frac{1}{3} \),he ate a third of it,False_Neither,
27611,33474,Sally has \( \frac{2}{3} \) of a whole cake in the fridge. Robert eats \( \frac{1}{3} \) of this piece. What fraction of the whole cake has Robert eaten? Choose the number sentence that would solve the word problem.,\( \frac{2}{3}-\frac{1}{3} \),he ate a third so you need to subtract a third,False_Neither,
27612,33474,Sally has \( \frac{2}{3} \) of a whole cake in the fridge. Robert eats \( \frac{1}{3} \) of this piece. What fraction of the whole cake has Robert eaten? Choose the number sentence that would solve the word problem.,\( \frac{2}{3}-\frac{1}{3} \),he ate one thirs so two thirds takeaway two thirds is one third,False_Misconception,Subtraction
27613,33474,Sally has \( \frac{2}{3} \) of a whole cake in the fridge. Robert eats \( \frac{1}{3} \) of this piece. What fraction of the whole cake has Robert eaten? Choose the number sentence that would solve the word problem.,\( \frac{2}{3}-\frac{1}{3} \),he ate or otherwise in this sentence - and that's why,False_Neither,
27614,33474,Sally has \( \frac{2}{3} \) of a whole cake in the fridge. Robert eats \( \frac{1}{3} \) of this piece. What fraction of the whole cake has Robert eaten? Choose the number sentence that would solve the word problem.,\( \frac{2}{3}-\frac{1}{3} \),he ate the cake so he takes away from the cake,False_Misconception,Subtraction
27615,33474,Sally has \( \frac{2}{3} \) of a whole cake in the fridge. Robert eats \( \frac{1}{3} \) of this piece. What fraction of the whole cake has Robert eaten? Choose the number sentence that would solve the word problem.,\( \frac{2}{3}-\frac{1}{3} \),he eats 1 third out of the 2 thirds,False_Neither,
27616,33474,Sally has \( \frac{2}{3} \) of a whole cake in the fridge. Robert eats \( \frac{1}{3} \) of this piece. What fraction of the whole cake has Robert eaten? Choose the number sentence that would solve the word problem.,\( \frac{2}{3}-\frac{1}{3} \),he eats 1/3 and it starts with 2/3,False_Neither,
27617,33474,Sally has \( \frac{2}{3} \) of a whole cake in the fridge. Robert eats \( \frac{1}{3} \) of this piece. What fraction of the whole cake has Robert eaten? Choose the number sentence that would solve the word problem.,\( \frac{2}{3}-\frac{1}{3} \),he eats 1/3 so take away,False_Misconception,Subtraction
27618,33474,Sally has \( \frac{2}{3} \) of a whole cake in the fridge. Robert eats \( \frac{1}{3} \) of this piece. What fraction of the whole cake has Robert eaten? Choose the number sentence that would solve the word problem.,\( \frac{2}{3}-\frac{1}{3} \),he eats 1/3 so there is no longer 2/3 left,False_Neither,
27619,33474,Sally has \( \frac{2}{3} \) of a whole cake in the fridge. Robert eats \( \frac{1}{3} \) of this piece. What fraction of the whole cake has Robert eaten? Choose the number sentence that would solve the word problem.,\( \frac{2}{3}-\frac{1}{3} \),he has ate 1/3 so 2/3-1/3 is 1/3,False_Misconception,Subtraction
27620,33474,Sally has \( \frac{2}{3} \) of a whole cake in the fridge. Robert eats \( \frac{1}{3} \) of this piece. What fraction of the whole cake has Robert eaten? Choose the number sentence that would solve the word problem.,\( \frac{2}{3}-\frac{1}{3} \),he has eaten 1 of the 2 thirds left,False_Neither,
27621,33474,Sally has \( \frac{2}{3} \) of a whole cake in the fridge. Robert eats \( \frac{1}{3} \) of this piece. What fraction of the whole cake has Robert eaten? Choose the number sentence that would solve the word problem.,\( \frac{2}{3}-\frac{1}{3} \),he has eaten 1/3 and 1/3-2/3 =1/3 so there is one third left of the cake so the correct number sentencen is 2/3-1/3,False_Misconception,Subtraction
27622,33474,Sally has \( \frac{2}{3} \) of a whole cake in the fridge. Robert eats \( \frac{1}{3} \) of this piece. What fraction of the whole cake has Robert eaten? Choose the number sentence that would solve the word problem.,\( \frac{2}{3}-\frac{1}{3} \),he has eaten 1/3 of 3/3 or 1,False_Neither,
27623,33474,Sally has \( \frac{2}{3} \) of a whole cake in the fridge. Robert eats \( \frac{1}{3} \) of this piece. What fraction of the whole cake has Robert eaten? Choose the number sentence that would solve the word problem.,\( \frac{2}{3}-\frac{1}{3} \),he has eaten it so it is taken away,False_Misconception,Subtraction
27624,33474,Sally has \( \frac{2}{3} \) of a whole cake in the fridge. Robert eats \( \frac{1}{3} \) of this piece. What fraction of the whole cake has Robert eaten? Choose the number sentence that would solve the word problem.,\( \frac{2}{3}-\frac{1}{3} \),he has eaten it which means it is gone so you need to take it away,False_Misconception,Subtraction
27625,33474,Sally has \( \frac{2}{3} \) of a whole cake in the fridge. Robert eats \( \frac{1}{3} \) of this piece. What fraction of the whole cake has Robert eaten? Choose the number sentence that would solve the word problem.,\( \frac{2}{3}-\frac{1}{3} \),he is just eating one third,False_Neither,
27626,33474,Sally has \( \frac{2}{3} \) of a whole cake in the fridge. Robert eats \( \frac{1}{3} \) of this piece. What fraction of the whole cake has Robert eaten? Choose the number sentence that would solve the word problem.,\( \frac{2}{3}-\frac{1}{3} \),he is taking 1 3rd away from 2 thirds,False_Misconception,Subtraction
27627,33474,Sally has \( \frac{2}{3} \) of a whole cake in the fridge. Robert eats \( \frac{1}{3} \) of this piece. What fraction of the whole cake has Robert eaten? Choose the number sentence that would solve the word problem.,\( \frac{2}{3}-\frac{1}{3} \),he is taking away 1 third,False_Misconception,Subtraction
27628,33474,Sally has \( \frac{2}{3} \) of a whole cake in the fridge. Robert eats \( \frac{1}{3} \) of this piece. What fraction of the whole cake has Robert eaten? Choose the number sentence that would solve the word problem.,\( \frac{2}{3}-\frac{1}{3} \),he is taking away not giving,False_Misconception,Subtraction
27629,33474,Sally has \( \frac{2}{3} \) of a whole cake in the fridge. Robert eats \( \frac{1}{3} \) of this piece. What fraction of the whole cake has Robert eaten? Choose the number sentence that would solve the word problem.,\( \frac{2}{3}-\frac{1}{3} \),he removes it and its it so it is minus,False_Misconception,Subtraction
27630,33474,Sally has \( \frac{2}{3} \) of a whole cake in the fridge. Robert eats \( \frac{1}{3} \) of this piece. What fraction of the whole cake has Robert eaten? Choose the number sentence that would solve the word problem.,\( \frac{2}{3}-\frac{1}{3} \),he take a piecwe of cake away,False_Neither,
27631,33474,Sally has \( \frac{2}{3} \) of a whole cake in the fridge. Robert eats \( \frac{1}{3} \) of this piece. What fraction of the whole cake has Robert eaten? Choose the number sentence that would solve the word problem.,\( \frac{2}{3}-\frac{1}{3} \),he took 1/3 of 2/3 so he is taking away,False_Misconception,Subtraction
27632,33474,Sally has \( \frac{2}{3} \) of a whole cake in the fridge. Robert eats \( \frac{1}{3} \) of this piece. What fraction of the whole cake has Robert eaten? Choose the number sentence that would solve the word problem.,\( \frac{2}{3}-\frac{1}{3} \),he's taking away a third of it so that would be right,False_Misconception,Subtraction
27633,33474,Sally has \( \frac{2}{3} \) of a whole cake in the fridge. Robert eats \( \frac{1}{3} \) of this piece. What fraction of the whole cake has Robert eaten? Choose the number sentence that would solve the word problem.,\( \frac{2}{3}-\frac{1}{3} \),i think this because robert takes away 1/3 of the cake so it would be 2/3 take away 1/3.,False_Misconception,Subtraction
27634,33474,Sally has \( \frac{2}{3} \) of a whole cake in the fridge. Robert eats \( \frac{1}{3} \) of this piece. What fraction of the whole cake has Robert eaten? Choose the number sentence that would solve the word problem.,\( \frac{2}{3}-\frac{1}{3} \),i am taking an educated guess,False_Neither,
27635,33474,Sally has \( \frac{2}{3} \) of a whole cake in the fridge. Robert eats \( \frac{1}{3} \) of this piece. What fraction of the whole cake has Robert eaten? Choose the number sentence that would solve the word problem.,\( \frac{2}{3}-\frac{1}{3} \),i am too lazy to write,False_Neither,
27636,33474,Sally has \( \frac{2}{3} \) of a whole cake in the fridge. Robert eats \( \frac{1}{3} \) of this piece. What fraction of the whole cake has Robert eaten? Choose the number sentence that would solve the word problem.,\( \frac{2}{3}-\frac{1}{3} \),i answered d because it said there was 2/3 of cake and robert ate 1/3 so 2/3 - 1/3 is 1/3.,False_Misconception,Subtraction
27637,33474,Sally has \( \frac{2}{3} \) of a whole cake in the fridge. Robert eats \( \frac{1}{3} \) of this piece. What fraction of the whole cake has Robert eaten? Choose the number sentence that would solve the word problem.,\( \frac{2}{3}-\frac{1}{3} \),"i answered d because it shows that robert eats 1/3 out of a 2/3 cake, which is 2/3 - 1/3",False_Misconception,Subtraction
27638,33474,Sally has \( \frac{2}{3} \) of a whole cake in the fridge. Robert eats \( \frac{1}{3} \) of this piece. What fraction of the whole cake has Robert eaten? Choose the number sentence that would solve the word problem.,\( \frac{2}{3}-\frac{1}{3} \),i can't really explain it. i just know.🤔,False_Neither,
27639,33474,Sally has \( \frac{2}{3} \) of a whole cake in the fridge. Robert eats \( \frac{1}{3} \) of this piece. What fraction of the whole cake has Robert eaten? Choose the number sentence that would solve the word problem.,\( \frac{2}{3}-\frac{1}{3} \),i cant explain but know this is right,False_Neither,
27640,33474,Sally has \( \frac{2}{3} \) of a whole cake in the fridge. Robert eats \( \frac{1}{3} \) of this piece. What fraction of the whole cake has Robert eaten? Choose the number sentence that would solve the word problem.,\( \frac{2}{3}-\frac{1}{3} \),i chose d because 2/3 is what she had left and he ate 1/3 therefor 2/3 minus 1/3 equils 1/3 and that is the answer.,False_Misconception,Subtraction
27641,33474,Sally has \( \frac{2}{3} \) of a whole cake in the fridge. Robert eats \( \frac{1}{3} \) of this piece. What fraction of the whole cake has Robert eaten? Choose the number sentence that would solve the word problem.,\( \frac{2}{3}-\frac{1}{3} \),i chose d because 2/3-1/3=1/3 so robert ate 1/3 of the cake.,False_Misconception,Subtraction
27642,33474,Sally has \( \frac{2}{3} \) of a whole cake in the fridge. Robert eats \( \frac{1}{3} \) of this piece. What fraction of the whole cake has Robert eaten? Choose the number sentence that would solve the word problem.,\( \frac{2}{3}-\frac{1}{3} \),i chose d because he gets 1/3 as his slice so i think this will be the appropriate calculation to do.,False_Neither,
27643,33474,Sally has \( \frac{2}{3} \) of a whole cake in the fridge. Robert eats \( \frac{1}{3} \) of this piece. What fraction of the whole cake has Robert eaten? Choose the number sentence that would solve the word problem.,\( \frac{2}{3}-\frac{1}{3} \),i chose d because if you have two thirds and robert eats one third you need to take one third away from two thirds,False_Misconception,Subtraction
27644,33474,Sally has \( \frac{2}{3} \) of a whole cake in the fridge. Robert eats \( \frac{1}{3} \) of this piece. What fraction of the whole cake has Robert eaten? Choose the number sentence that would solve the word problem.,\( \frac{2}{3}-\frac{1}{3} \),i chose this answer because robert ate half of the cake is 1/3,False_Neither,
27645,33474,Sally has \( \frac{2}{3} \) of a whole cake in the fridge. Robert eats \( \frac{1}{3} \) of this piece. What fraction of the whole cake has Robert eaten? Choose the number sentence that would solve the word problem.,\( \frac{2}{3}-\frac{1}{3} \),i did 2 - 1 because i don’t need to find a common denominator because the denominators are the same,False_Neither,
27646,33474,Sally has \( \frac{2}{3} \) of a whole cake in the fridge. Robert eats \( \frac{1}{3} \) of this piece. What fraction of the whole cake has Robert eaten? Choose the number sentence that would solve the word problem.,\( \frac{2}{3}-\frac{1}{3} \),i did it myself using a digram but i did an estimate for the problem.,False_Neither,
27647,33474,Sally has \( \frac{2}{3} \) of a whole cake in the fridge. Robert eats \( \frac{1}{3} \) of this piece. What fraction of the whole cake has Robert eaten? Choose the number sentence that would solve the word problem.,\( \frac{2}{3}-\frac{1}{3} \),i did two thirds take away one third to get my anwer,False_Misconception,Subtraction
27648,33474,Sally has \( \frac{2}{3} \) of a whole cake in the fridge. Robert eats \( \frac{1}{3} \) of this piece. What fraction of the whole cake has Robert eaten? Choose the number sentence that would solve the word problem.,\( \frac{2}{3}-\frac{1}{3} \),i didn't really understand if i had to say what he ate out of the whole cake or out of sally's piece like it said in the first sentence so i kind of guessed this question.,False_Neither,
27649,33474,Sally has \( \frac{2}{3} \) of a whole cake in the fridge. Robert eats \( \frac{1}{3} \) of this piece. What fraction of the whole cake has Robert eaten? Choose the number sentence that would solve the word problem.,\( \frac{2}{3}-\frac{1}{3} \),i do not know how to explain but the way the answer is it makes sense.,False_Misconception,Subtraction
27650,33474,Sally has \( \frac{2}{3} \) of a whole cake in the fridge. Robert eats \( \frac{1}{3} \) of this piece. What fraction of the whole cake has Robert eaten? Choose the number sentence that would solve the word problem.,\( \frac{2}{3}-\frac{1}{3} \),i don't know how to explain it,False_Neither,
27651,33474,Sally has \( \frac{2}{3} \) of a whole cake in the fridge. Robert eats \( \frac{1}{3} \) of this piece. What fraction of the whole cake has Robert eaten? Choose the number sentence that would solve the word problem.,\( \frac{2}{3}-\frac{1}{3} \),i don't know how to explain it,False_Neither,
27652,33474,Sally has \( \frac{2}{3} \) of a whole cake in the fridge. Robert eats \( \frac{1}{3} \) of this piece. What fraction of the whole cake has Robert eaten? Choose the number sentence that would solve the word problem.,\( \frac{2}{3}-\frac{1}{3} \),i don't know how to explain it,False_Neither,
27653,33474,Sally has \( \frac{2}{3} \) of a whole cake in the fridge. Robert eats \( \frac{1}{3} \) of this piece. What fraction of the whole cake has Robert eaten? Choose the number sentence that would solve the word problem.,\( \frac{2}{3}-\frac{1}{3} \),i done 2/3-1/3 because robert ate some cake and i got 1/3 i then i worked out what sum it is,False_Misconception,Subtraction
27654,33474,Sally has \( \frac{2}{3} \) of a whole cake in the fridge. Robert eats \( \frac{1}{3} \) of this piece. What fraction of the whole cake has Robert eaten? Choose the number sentence that would solve the word problem.,\( \frac{2}{3}-\frac{1}{3} \),i dont know haw to explain this.,False_Neither,
27655,33474,Sally has \( \frac{2}{3} \) of a whole cake in the fridge. Robert eats \( \frac{1}{3} \) of this piece. What fraction of the whole cake has Robert eaten? Choose the number sentence that would solve the word problem.,\( \frac{2}{3}-\frac{1}{3} \),i don’t. know how to explain it,False_Neither,
27656,33474,Sally has \( \frac{2}{3} \) of a whole cake in the fridge. Robert eats \( \frac{1}{3} \) of this piece. What fraction of the whole cake has Robert eaten? Choose the number sentence that would solve the word problem.,\( \frac{2}{3}-\frac{1}{3} \),i drew a cake and split it into thirds then coloured in 2 which belonged to sally then i coloured in 1 to show how much robert ate. then i knew that 2/3 -1/3 =1/3.,False_Misconception,Subtraction
27657,33474,Sally has \( \frac{2}{3} \) of a whole cake in the fridge. Robert eats \( \frac{1}{3} \) of this piece. What fraction of the whole cake has Robert eaten? Choose the number sentence that would solve the word problem.,\( \frac{2}{3}-\frac{1}{3} \),i got d because i would do 2/3 takeaway 1/3 and get 1/3,False_Misconception,Subtraction
27658,33474,Sally has \( \frac{2}{3} \) of a whole cake in the fridge. Robert eats \( \frac{1}{3} \) of this piece. What fraction of the whole cake has Robert eaten? Choose the number sentence that would solve the word problem.,\( \frac{2}{3}-\frac{1}{3} \),i got this because when someone is eating something its like taking away something,False_Misconception,Subtraction
27659,33474,Sally has \( \frac{2}{3} \) of a whole cake in the fridge. Robert eats \( \frac{1}{3} \) of this piece. What fraction of the whole cake has Robert eaten? Choose the number sentence that would solve the word problem.,\( \frac{2}{3}-\frac{1}{3} \),i knew that there was 2/3 and robert ate 1/3 so you take them away,False_Misconception,Subtraction
27660,33474,Sally has \( \frac{2}{3} \) of a whole cake in the fridge. Robert eats \( \frac{1}{3} \) of this piece. What fraction of the whole cake has Robert eaten? Choose the number sentence that would solve the word problem.,\( \frac{2}{3}-\frac{1}{3} \),i knew the answer was 1/3 so i calculated the rest,False_Neither,
27661,33474,Sally has \( \frac{2}{3} \) of a whole cake in the fridge. Robert eats \( \frac{1}{3} \) of this piece. What fraction of the whole cake has Robert eaten? Choose the number sentence that would solve the word problem.,\( \frac{2}{3}-\frac{1}{3} \),i know this because robert has eaten 1/3 which means we take away.,False_Misconception,Subtraction
27662,33474,Sally has \( \frac{2}{3} \) of a whole cake in the fridge. Robert eats \( \frac{1}{3} \) of this piece. What fraction of the whole cake has Robert eaten? Choose the number sentence that would solve the word problem.,\( \frac{2}{3}-\frac{1}{3} \),i know this because the original simplified version is the same,False_Neither,
27663,33474,Sally has \( \frac{2}{3} \) of a whole cake in the fridge. Robert eats \( \frac{1}{3} \) of this piece. What fraction of the whole cake has Robert eaten? Choose the number sentence that would solve the word problem.,\( \frac{2}{3}-\frac{1}{3} \),i know this because you start with 2/3 then take away 1/3 to get your answer.,False_Misconception,Subtraction
27664,33474,Sally has \( \frac{2}{3} \) of a whole cake in the fridge. Robert eats \( \frac{1}{3} \) of this piece. What fraction of the whole cake has Robert eaten? Choose the number sentence that would solve the word problem.,\( \frac{2}{3}-\frac{1}{3} \),i know this is the answer as there was a a total amount and something is subtracted from it ! so u just take away the amount taken away from the total,False_Misconception,Subtraction
27665,33474,Sally has \( \frac{2}{3} \) of a whole cake in the fridge. Robert eats \( \frac{1}{3} \) of this piece. What fraction of the whole cake has Robert eaten? Choose the number sentence that would solve the word problem.,\( \frac{2}{3}-\frac{1}{3} \),i know this is the answer because you need to get to 1/3 and by taking 1/3 away from 2/3 you get 1/3.,False_Misconception,Subtraction
27666,33474,Sally has \( \frac{2}{3} \) of a whole cake in the fridge. Robert eats \( \frac{1}{3} \) of this piece. What fraction of the whole cake has Robert eaten? Choose the number sentence that would solve the word problem.,\( \frac{2}{3}-\frac{1}{3} \),i knowe this becausection you take it away to find out home much he has eaten,False_Misconception,Subtraction
27667,33474,Sally has \( \frac{2}{3} \) of a whole cake in the fridge. Robert eats \( \frac{1}{3} \) of this piece. What fraction of the whole cake has Robert eaten? Choose the number sentence that would solve the word problem.,\( \frac{2}{3}-\frac{1}{3} \),i read all the questions and d was my answer,False_Neither,
27668,33474,Sally has \( \frac{2}{3} \) of a whole cake in the fridge. Robert eats \( \frac{1}{3} \) of this piece. What fraction of the whole cake has Robert eaten? Choose the number sentence that would solve the word problem.,\( \frac{2}{3}-\frac{1}{3} \),i reasoned because there is nothing to calculate.,False_Neither,
27669,33474,Sally has \( \frac{2}{3} \) of a whole cake in the fridge. Robert eats \( \frac{1}{3} \) of this piece. What fraction of the whole cake has Robert eaten? Choose the number sentence that would solve the word problem.,\( \frac{2}{3}-\frac{1}{3} \),i so sorry dont get it,False_Neither,
27670,33474,Sally has \( \frac{2}{3} \) of a whole cake in the fridge. Robert eats \( \frac{1}{3} \) of this piece. What fraction of the whole cake has Robert eaten? Choose the number sentence that would solve the word problem.,\( \frac{2}{3}-\frac{1}{3} \),i think this because robert takes 1/3.,False_Neither,
27671,33474,Sally has \( \frac{2}{3} \) of a whole cake in the fridge. Robert eats \( \frac{1}{3} \) of this piece. What fraction of the whole cake has Robert eaten? Choose the number sentence that would solve the word problem.,\( \frac{2}{3}-\frac{1}{3} \),i think d because he has taken another 1/3 away from 2/3,False_Misconception,Subtraction
27672,33474,Sally has \( \frac{2}{3} \) of a whole cake in the fridge. Robert eats \( \frac{1}{3} \) of this piece. What fraction of the whole cake has Robert eaten? Choose the number sentence that would solve the word problem.,\( \frac{2}{3}-\frac{1}{3} \),i think d because he takes away 1 over 3 from 2 over 3,False_Misconception,Subtraction
27673,33474,Sally has \( \frac{2}{3} \) of a whole cake in the fridge. Robert eats \( \frac{1}{3} \) of this piece. What fraction of the whole cake has Robert eaten? Choose the number sentence that would solve the word problem.,\( \frac{2}{3}-\frac{1}{3} \),i think d because if 1/3 out of 2/3 is gone then there you would have to subtract 1/3 from 2/3,False_Misconception,Subtraction
27674,33474,Sally has \( \frac{2}{3} \) of a whole cake in the fridge. Robert eats \( \frac{1}{3} \) of this piece. What fraction of the whole cake has Robert eaten? Choose the number sentence that would solve the word problem.,\( \frac{2}{3}-\frac{1}{3} \),i think d because if you take it away then you will get 3/1,False_Misconception,Subtraction
27675,33474,Sally has \( \frac{2}{3} \) of a whole cake in the fridge. Robert eats \( \frac{1}{3} \) of this piece. What fraction of the whole cake has Robert eaten? Choose the number sentence that would solve the word problem.,\( \frac{2}{3}-\frac{1}{3} \),i think d because if you want to know how much was eaten you subtract.,False_Misconception,Subtraction
27676,33474,Sally has \( \frac{2}{3} \) of a whole cake in the fridge. Robert eats \( \frac{1}{3} \) of this piece. What fraction of the whole cake has Robert eaten? Choose the number sentence that would solve the word problem.,\( \frac{2}{3}-\frac{1}{3} \),i think d because it says how much does robert eat of the whole cake so i think that you have to subtract,False_Misconception,Subtraction
27677,33474,Sally has \( \frac{2}{3} \) of a whole cake in the fridge. Robert eats \( \frac{1}{3} \) of this piece. What fraction of the whole cake has Robert eaten? Choose the number sentence that would solve the word problem.,\( \frac{2}{3}-\frac{1}{3} \),i think d because sally has 2/3 of the cake in the fridge and robert eats 1/3 of it so it would be 2/3-1/3.,False_Misconception,Subtraction
27678,33474,Sally has \( \frac{2}{3} \) of a whole cake in the fridge. Robert eats \( \frac{1}{3} \) of this piece. What fraction of the whole cake has Robert eaten? Choose the number sentence that would solve the word problem.,\( \frac{2}{3}-\frac{1}{3} \),i think d because there was 2/3 at the start then robert ate another 3rd of it so 2/3 take away 1/3,False_Misconception,Subtraction
27679,33474,Sally has \( \frac{2}{3} \) of a whole cake in the fridge. Robert eats \( \frac{1}{3} \) of this piece. What fraction of the whole cake has Robert eaten? Choose the number sentence that would solve the word problem.,\( \frac{2}{3}-\frac{1}{3} \),i think d because to find out how much is eaten you need to subtract the numbers,False_Misconception,Subtraction
27680,33474,Sally has \( \frac{2}{3} \) of a whole cake in the fridge. Robert eats \( \frac{1}{3} \) of this piece. What fraction of the whole cake has Robert eaten? Choose the number sentence that would solve the word problem.,\( \frac{2}{3}-\frac{1}{3} \),i think d because you are taking away what robert ate,False_Misconception,Subtraction
27681,33474,Sally has \( \frac{2}{3} \) of a whole cake in the fridge. Robert eats \( \frac{1}{3} \) of this piece. What fraction of the whole cake has Robert eaten? Choose the number sentence that would solve the word problem.,\( \frac{2}{3}-\frac{1}{3} \),i think d because you do 2/3 - 1/3 to get the answer.,False_Neither,
27682,33474,Sally has \( \frac{2}{3} \) of a whole cake in the fridge. Robert eats \( \frac{1}{3} \) of this piece. What fraction of the whole cake has Robert eaten? Choose the number sentence that would solve the word problem.,\( \frac{2}{3}-\frac{1}{3} \),"i think d is write, because 2/3 takeaway 1/3 it = 1/3 that is the same answer as the whole cake.",False_Misconception,Subtraction
27683,33474,Sally has \( \frac{2}{3} \) of a whole cake in the fridge. Robert eats \( \frac{1}{3} \) of this piece. What fraction of the whole cake has Robert eaten? Choose the number sentence that would solve the word problem.,\( \frac{2}{3}-\frac{1}{3} \),i think his because if sally has already eaten hat much of a cake then if you find out that somebody has eaten even more then you have to take away,False_Misconception,Subtraction
27684,33474,Sally has \( \frac{2}{3} \) of a whole cake in the fridge. Robert eats \( \frac{1}{3} \) of this piece. What fraction of the whole cake has Robert eaten? Choose the number sentence that would solve the word problem.,\( \frac{2}{3}-\frac{1}{3} \),i think i knew how to do these,False_Neither,
27685,33474,Sally has \( \frac{2}{3} \) of a whole cake in the fridge. Robert eats \( \frac{1}{3} \) of this piece. What fraction of the whole cake has Robert eaten? Choose the number sentence that would solve the word problem.,\( \frac{2}{3}-\frac{1}{3} \),i think is d because i think that is the way i would do.,False_Neither,
27686,33474,Sally has \( \frac{2}{3} \) of a whole cake in the fridge. Robert eats \( \frac{1}{3} \) of this piece. What fraction of the whole cake has Robert eaten? Choose the number sentence that would solve the word problem.,\( \frac{2}{3}-\frac{1}{3} \),i think it is 2/3 - 1/3 because it says how much he eats in the statement = the whole cake,False_Neither,
27687,33474,Sally has \( \frac{2}{3} \) of a whole cake in the fridge. Robert eats \( \frac{1}{3} \) of this piece. What fraction of the whole cake has Robert eaten? Choose the number sentence that would solve the word problem.,\( \frac{2}{3}-\frac{1}{3} \),i think it is d beacuse sally has two three,False_Neither,
27688,33474,Sally has \( \frac{2}{3} \) of a whole cake in the fridge. Robert eats \( \frac{1}{3} \) of this piece. What fraction of the whole cake has Robert eaten? Choose the number sentence that would solve the word problem.,\( \frac{2}{3}-\frac{1}{3} \),i think it is d because 2/3 subtract 1/3 = 1/3. if you were to do the inverse it would be 2/3 add 1/3= 3/3 or 1 whole,False_Misconception,Subtraction
27689,33474,Sally has \( \frac{2}{3} \) of a whole cake in the fridge. Robert eats \( \frac{1}{3} \) of this piece. What fraction of the whole cake has Robert eaten? Choose the number sentence that would solve the word problem.,\( \frac{2}{3}-\frac{1}{3} \),"i think it is d because 2/3 was what was left of the cake, and robert eats 1/3, so it should be 2/3 - 1/3 of the cake.",False_Misconception,Subtraction
27690,33474,Sally has \( \frac{2}{3} \) of a whole cake in the fridge. Robert eats \( \frac{1}{3} \) of this piece. What fraction of the whole cake has Robert eaten? Choose the number sentence that would solve the word problem.,\( \frac{2}{3}-\frac{1}{3} \),i think it is d because he has eaten one third of the cake so it will be subtract,False_Neither,
27691,33474,Sally has \( \frac{2}{3} \) of a whole cake in the fridge. Robert eats \( \frac{1}{3} \) of this piece. What fraction of the whole cake has Robert eaten? Choose the number sentence that would solve the word problem.,\( \frac{2}{3}-\frac{1}{3} \),i think it is d because i believe that it can't be the rest and that the question robert has ate 1/3 meaning taking away.,False_Misconception,Subtraction
27692,33474,Sally has \( \frac{2}{3} \) of a whole cake in the fridge. Robert eats \( \frac{1}{3} \) of this piece. What fraction of the whole cake has Robert eaten? Choose the number sentence that would solve the word problem.,\( \frac{2}{3}-\frac{1}{3} \),i think it is d because if you takeaway the two fractions you get your answer.,False_Misconception,Subtraction
27693,33474,Sally has \( \frac{2}{3} \) of a whole cake in the fridge. Robert eats \( \frac{1}{3} \) of this piece. What fraction of the whole cake has Robert eaten? Choose the number sentence that would solve the word problem.,\( \frac{2}{3}-\frac{1}{3} \),i think it is d because if you were to take away 1/3 from 2/3 it = 1/3,False_Misconception,Subtraction
27694,33474,Sally has \( \frac{2}{3} \) of a whole cake in the fridge. Robert eats \( \frac{1}{3} \) of this piece. What fraction of the whole cake has Robert eaten? Choose the number sentence that would solve the word problem.,\( \frac{2}{3}-\frac{1}{3} \),"i think it is d because robert eats 1 their are the cake and their is 2 thirds of a cake ,so 2/3 - 1/3",False_Misconception,Subtraction
27695,33474,Sally has \( \frac{2}{3} \) of a whole cake in the fridge. Robert eats \( \frac{1}{3} \) of this piece. What fraction of the whole cake has Robert eaten? Choose the number sentence that would solve the word problem.,\( \frac{2}{3}-\frac{1}{3} \),i think it is d because sally has 2/3 of a cake and robert eats 1/3 of the cake and 1/3 has been taken away.,False_Misconception,Subtraction
27696,33474,Sally has \( \frac{2}{3} \) of a whole cake in the fridge. Robert eats \( \frac{1}{3} \) of this piece. What fraction of the whole cake has Robert eaten? Choose the number sentence that would solve the word problem.,\( \frac{2}{3}-\frac{1}{3} \),i think it is d because sally has 2/3 of a whole cake then robert ate 1/3 of the cake.,False_Neither,
27697,33474,Sally has \( \frac{2}{3} \) of a whole cake in the fridge. Robert eats \( \frac{1}{3} \) of this piece. What fraction of the whole cake has Robert eaten? Choose the number sentence that would solve the word problem.,\( \frac{2}{3}-\frac{1}{3} \),i think it is d because when subtracting you need a common denominator so 2 subtract 1is 1,False_Neither,
27698,33474,Sally has \( \frac{2}{3} \) of a whole cake in the fridge. Robert eats \( \frac{1}{3} \) of this piece. What fraction of the whole cake has Robert eaten? Choose the number sentence that would solve the word problem.,\( \frac{2}{3}-\frac{1}{3} \),i think it is d because you need to take away because he is eating piece of cake,False_Misconception,Subtraction
27699,33474,Sally has \( \frac{2}{3} \) of a whole cake in the fridge. Robert eats \( \frac{1}{3} \) of this piece. What fraction of the whole cake has Robert eaten? Choose the number sentence that would solve the word problem.,\( \frac{2}{3}-\frac{1}{3} \),i think it is d because you would have to do 2/3-1/3,False_Neither,
27700,33474,Sally has \( \frac{2}{3} \) of a whole cake in the fridge. Robert eats \( \frac{1}{3} \) of this piece. What fraction of the whole cake has Robert eaten? Choose the number sentence that would solve the word problem.,\( \frac{2}{3}-\frac{1}{3} \),i think it is this because sally has 2/3 of a cake and robert eats 1/3 which means he took one away.,False_Misconception,Subtraction
27701,33474,Sally has \( \frac{2}{3} \) of a whole cake in the fridge. Robert eats \( \frac{1}{3} \) of this piece. What fraction of the whole cake has Robert eaten? Choose the number sentence that would solve the word problem.,\( \frac{2}{3}-\frac{1}{3} \),i think it is this because you need to take it away,False_Misconception,Subtraction
27702,33474,Sally has \( \frac{2}{3} \) of a whole cake in the fridge. Robert eats \( \frac{1}{3} \) of this piece. What fraction of the whole cake has Robert eaten? Choose the number sentence that would solve the word problem.,\( \frac{2}{3}-\frac{1}{3} \),i think it isd because if you draw a circle and make it into thirds and colour 2 that is 2/3 and then it says he eats 1/3 and then you have to take it away.,False_Misconception,Subtraction
27703,33474,Sally has \( \frac{2}{3} \) of a whole cake in the fridge. Robert eats \( \frac{1}{3} \) of this piece. What fraction of the whole cake has Robert eaten? Choose the number sentence that would solve the word problem.,\( \frac{2}{3}-\frac{1}{3} \),i think it's d because 2-1=1,False_Neither,
27704,33474,Sally has \( \frac{2}{3} \) of a whole cake in the fridge. Robert eats \( \frac{1}{3} \) of this piece. What fraction of the whole cake has Robert eaten? Choose the number sentence that would solve the word problem.,\( \frac{2}{3}-\frac{1}{3} \),i think it's d because if you do 2/3 take away 1/3 it will make 1/3,False_Misconception,Subtraction
27705,33474,Sally has \( \frac{2}{3} \) of a whole cake in the fridge. Robert eats \( \frac{1}{3} \) of this piece. What fraction of the whole cake has Robert eaten? Choose the number sentence that would solve the word problem.,\( \frac{2}{3}-\frac{1}{3} \),i think it's d because remaining means take away.,False_Misconception,Subtraction
27706,33474,Sally has \( \frac{2}{3} \) of a whole cake in the fridge. Robert eats \( \frac{1}{3} \) of this piece. What fraction of the whole cake has Robert eaten? Choose the number sentence that would solve the word problem.,\( \frac{2}{3}-\frac{1}{3} \),"i think it's d because when you eat something, you take it away",False_Misconception,Subtraction
27707,33474,Sally has \( \frac{2}{3} \) of a whole cake in the fridge. Robert eats \( \frac{1}{3} \) of this piece. What fraction of the whole cake has Robert eaten? Choose the number sentence that would solve the word problem.,\( \frac{2}{3}-\frac{1}{3} \),i think its d because if you have 2/3 of a cake left and robert eats 1/3 he is subtracting 1/3 from 2/3 so 2/3 - 1/3 is the right answer,False_Neither,
27708,33474,Sally has \( \frac{2}{3} \) of a whole cake in the fridge. Robert eats \( \frac{1}{3} \) of this piece. What fraction of the whole cake has Robert eaten? Choose the number sentence that would solve the word problem.,\( \frac{2}{3}-\frac{1}{3} \),i think its d because two thirds takeaway one third is one third,False_Misconception,Subtraction
27709,33474,Sally has \( \frac{2}{3} \) of a whole cake in the fridge. Robert eats \( \frac{1}{3} \) of this piece. What fraction of the whole cake has Robert eaten? Choose the number sentence that would solve the word problem.,\( \frac{2}{3}-\frac{1}{3} \),i think its this because you are taking 1/3 away from sallys 2/3,False_Misconception,Subtraction
27710,33474,Sally has \( \frac{2}{3} \) of a whole cake in the fridge. Robert eats \( \frac{1}{3} \) of this piece. What fraction of the whole cake has Robert eaten? Choose the number sentence that would solve the word problem.,\( \frac{2}{3}-\frac{1}{3} \),i think it’s d because if he eats 1/3 he is taking it away so 2/3 - 1/3,False_Misconception,Subtraction
27711,33474,Sally has \( \frac{2}{3} \) of a whole cake in the fridge. Robert eats \( \frac{1}{3} \) of this piece. What fraction of the whole cake has Robert eaten? Choose the number sentence that would solve the word problem.,\( \frac{2}{3}-\frac{1}{3} \),i think it’s d because the demonstrators are the same and then you have to do 2 -1 = 1/3,False_Misconception,Subtraction
27712,33474,Sally has \( \frac{2}{3} \) of a whole cake in the fridge. Robert eats \( \frac{1}{3} \) of this piece. What fraction of the whole cake has Robert eaten? Choose the number sentence that would solve the word problem.,\( \frac{2}{3}-\frac{1}{3} \),"i think so because if robert eats 1/3 of the cake and there is 2/3 of a cake, then there is only 1/3 left which means that if we subtracted 1/3 from 2/3, we would get 1/3 leftover.",False_Misconception,Subtraction
27713,33474,Sally has \( \frac{2}{3} \) of a whole cake in the fridge. Robert eats \( \frac{1}{3} \) of this piece. What fraction of the whole cake has Robert eaten? Choose the number sentence that would solve the word problem.,\( \frac{2}{3}-\frac{1}{3} \),i think that it is d because the denominator is 3 so you do the sum 2-1=1 then you put the answer over 3,False_Neither,
27714,33474,Sally has \( \frac{2}{3} \) of a whole cake in the fridge. Robert eats \( \frac{1}{3} \) of this piece. What fraction of the whole cake has Robert eaten? Choose the number sentence that would solve the word problem.,\( \frac{2}{3}-\frac{1}{3} \),i think that it is d because the hole cake is 2/3 and the slice that he ate was 1/3,False_Neither,
27715,33474,Sally has \( \frac{2}{3} \) of a whole cake in the fridge. Robert eats \( \frac{1}{3} \) of this piece. What fraction of the whole cake has Robert eaten? Choose the number sentence that would solve the word problem.,\( \frac{2}{3}-\frac{1}{3} \),i think that it's take away because there's 2/3 and 1/3 is eaten so it would be take away,False_Misconception,Subtraction
27716,33474,Sally has \( \frac{2}{3} \) of a whole cake in the fridge. Robert eats \( \frac{1}{3} \) of this piece. What fraction of the whole cake has Robert eaten? Choose the number sentence that would solve the word problem.,\( \frac{2}{3}-\frac{1}{3} \),i think that there is 1/3 of the cake left so 2-1 is the correct sum.,False_Neither,
27717,33474,Sally has \( \frac{2}{3} \) of a whole cake in the fridge. Robert eats \( \frac{1}{3} \) of this piece. What fraction of the whole cake has Robert eaten? Choose the number sentence that would solve the word problem.,\( \frac{2}{3}-\frac{1}{3} \),"i think that this is the answer because sally has 2/3 and robert eats 1/3, so he is taking 1 slice of cake away.",False_Misconception,Subtraction
27718,33474,Sally has \( \frac{2}{3} \) of a whole cake in the fridge. Robert eats \( \frac{1}{3} \) of this piece. What fraction of the whole cake has Robert eaten? Choose the number sentence that would solve the word problem.,\( \frac{2}{3}-\frac{1}{3} \),i think the answer is 1/3 because if you have 2/3 - 1/3 = 1/3,False_Misconception,Subtraction
27719,33474,Sally has \( \frac{2}{3} \) of a whole cake in the fridge. Robert eats \( \frac{1}{3} \) of this piece. What fraction of the whole cake has Robert eaten? Choose the number sentence that would solve the word problem.,\( \frac{2}{3}-\frac{1}{3} \),i think the answer is d because 2/3-1/3 is the equation that you have to do and it provides the correct answer 1/3.,False_Misconception,Subtraction
27720,33474,Sally has \( \frac{2}{3} \) of a whole cake in the fridge. Robert eats \( \frac{1}{3} \) of this piece. What fraction of the whole cake has Robert eaten? Choose the number sentence that would solve the word problem.,\( \frac{2}{3}-\frac{1}{3} \),i think the answer is d because if you do 2/3 subtract 1/3 it equals a 1/3.,False_Misconception,Subtraction
27721,33474,Sally has \( \frac{2}{3} \) of a whole cake in the fridge. Robert eats \( \frac{1}{3} \) of this piece. What fraction of the whole cake has Robert eaten? Choose the number sentence that would solve the word problem.,\( \frac{2}{3}-\frac{1}{3} \),i think the answer is d because it says sally has 2/3 of cake and robert eats 1/3 so you have to take away 2/3 from 1/3,False_Misconception,Subtraction
27722,33474,Sally has \( \frac{2}{3} \) of a whole cake in the fridge. Robert eats \( \frac{1}{3} \) of this piece. What fraction of the whole cake has Robert eaten? Choose the number sentence that would solve the word problem.,\( \frac{2}{3}-\frac{1}{3} \),i think the answer is d because robert eats 1 slice but there are two befor he eats one so you just do two take one,False_Misconception,Subtraction
27723,33474,Sally has \( \frac{2}{3} \) of a whole cake in the fridge. Robert eats \( \frac{1}{3} \) of this piece. What fraction of the whole cake has Robert eaten? Choose the number sentence that would solve the word problem.,\( \frac{2}{3}-\frac{1}{3} \),i think the answer is d because sally has 2/3 of a whole cake and robert eats 1/3 so the calculation would be d,False_Neither,
27724,33474,Sally has \( \frac{2}{3} \) of a whole cake in the fridge. Robert eats \( \frac{1}{3} \) of this piece. What fraction of the whole cake has Robert eaten? Choose the number sentence that would solve the word problem.,\( \frac{2}{3}-\frac{1}{3} \),"i think the answer is d, because if he has eaten 1/3 you have to minus it from 2/3.",False_Misconception,Subtraction
27725,33474,Sally has \( \frac{2}{3} \) of a whole cake in the fridge. Robert eats \( \frac{1}{3} \) of this piece. What fraction of the whole cake has Robert eaten? Choose the number sentence that would solve the word problem.,\( \frac{2}{3}-\frac{1}{3} \),i think the answer is this because it has got be a minus (-) and the numbers are 2/3 and 1/3 so the problem is 2/3-1/3=1/3,False_Misconception,Subtraction
27726,33474,Sally has \( \frac{2}{3} \) of a whole cake in the fridge. Robert eats \( \frac{1}{3} \) of this piece. What fraction of the whole cake has Robert eaten? Choose the number sentence that would solve the word problem.,\( \frac{2}{3}-\frac{1}{3} \),i think the answer is this because she starts with 2/3 and then roberts take 1/3 so you have to do 2/3-1/3=1/3,False_Misconception,Subtraction
27727,33474,Sally has \( \frac{2}{3} \) of a whole cake in the fridge. Robert eats \( \frac{1}{3} \) of this piece. What fraction of the whole cake has Robert eaten? Choose the number sentence that would solve the word problem.,\( \frac{2}{3}-\frac{1}{3} \),i think this answer because he has taken away,False_Misconception,Subtraction
27728,33474,Sally has \( \frac{2}{3} \) of a whole cake in the fridge. Robert eats \( \frac{1}{3} \) of this piece. What fraction of the whole cake has Robert eaten? Choose the number sentence that would solve the word problem.,\( \frac{2}{3}-\frac{1}{3} \),i think this answer because i drew a bar model with the 2/3 as the whole and i put 3 1/3 and sally has 2 so the number sentence must be 2/3- 1/3,False_Misconception,Subtraction
27729,33474,Sally has \( \frac{2}{3} \) of a whole cake in the fridge. Robert eats \( \frac{1}{3} \) of this piece. What fraction of the whole cake has Robert eaten? Choose the number sentence that would solve the word problem.,\( \frac{2}{3}-\frac{1}{3} \),i think this answer because sally has 2/3 and robert eats 1/3 you would do 2/3 - 1/3 = 1/3.,False_Misconception,Subtraction
27730,33474,Sally has \( \frac{2}{3} \) of a whole cake in the fridge. Robert eats \( \frac{1}{3} \) of this piece. What fraction of the whole cake has Robert eaten? Choose the number sentence that would solve the word problem.,\( \frac{2}{3}-\frac{1}{3} \),i think this answer because sally has two thirds of the cake and robert eats one third of the cake,False_Neither,
27731,33474,Sally has \( \frac{2}{3} \) of a whole cake in the fridge. Robert eats \( \frac{1}{3} \) of this piece. What fraction of the whole cake has Robert eaten? Choose the number sentence that would solve the word problem.,\( \frac{2}{3}-\frac{1}{3} \),i think this answer because the calculation you have to do is 2/3-1/3,False_Neither,
27732,33474,Sally has \( \frac{2}{3} \) of a whole cake in the fridge. Robert eats \( \frac{1}{3} \) of this piece. What fraction of the whole cake has Robert eaten? Choose the number sentence that would solve the word problem.,\( \frac{2}{3}-\frac{1}{3} \),i think this beacuse robert has eaten some so it means you have to take away,False_Misconception,Subtraction
27733,33474,Sally has \( \frac{2}{3} \) of a whole cake in the fridge. Robert eats \( \frac{1}{3} \) of this piece. What fraction of the whole cake has Robert eaten? Choose the number sentence that would solve the word problem.,\( \frac{2}{3}-\frac{1}{3} \),i think this because sally has 2/3 whereas robert eats 1/3 so the amount is getting smaller so you would subtract the two amounts.,False_Misconception,Subtraction
27734,33474,Sally has \( \frac{2}{3} \) of a whole cake in the fridge. Robert eats \( \frac{1}{3} \) of this piece. What fraction of the whole cake has Robert eaten? Choose the number sentence that would solve the word problem.,\( \frac{2}{3}-\frac{1}{3} \),i think this because if you want to find the amount of what robert has eaten then you need to take away.,False_Misconception,Subtraction
27735,33474,Sally has \( \frac{2}{3} \) of a whole cake in the fridge. Robert eats \( \frac{1}{3} \) of this piece. What fraction of the whole cake has Robert eaten? Choose the number sentence that would solve the word problem.,\( \frac{2}{3}-\frac{1}{3} \),i think this because to find the answer you have to takeaway them,False_Misconception,Subtraction
27736,33474,Sally has \( \frac{2}{3} \) of a whole cake in the fridge. Robert eats \( \frac{1}{3} \) of this piece. What fraction of the whole cake has Robert eaten? Choose the number sentence that would solve the word problem.,\( \frac{2}{3}-\frac{1}{3} \),"i think this because , he has taken a slice of a piece away so it is like taking away a some .",False_Misconception,Subtraction
27737,33474,Sally has \( \frac{2}{3} \) of a whole cake in the fridge. Robert eats \( \frac{1}{3} \) of this piece. What fraction of the whole cake has Robert eaten? Choose the number sentence that would solve the word problem.,\( \frac{2}{3}-\frac{1}{3} \),i think this because 1/3 - 2/3 = 1/3 and robert eats 1/3.,False_Neither,
27738,33474,Sally has \( \frac{2}{3} \) of a whole cake in the fridge. Robert eats \( \frac{1}{3} \) of this piece. What fraction of the whole cake has Robert eaten? Choose the number sentence that would solve the word problem.,\( \frac{2}{3}-\frac{1}{3} \),i think this because 2 take away = 1 so 2/3 take away 1/3 = 1/3,False_Misconception,Subtraction
27739,33474,Sally has \( \frac{2}{3} \) of a whole cake in the fridge. Robert eats \( \frac{1}{3} \) of this piece. What fraction of the whole cake has Robert eaten? Choose the number sentence that would solve the word problem.,\( \frac{2}{3}-\frac{1}{3} \),i think this because 2 thirds takeaway 1 third equals 1 third.,False_Misconception,Subtraction
27740,33474,Sally has \( \frac{2}{3} \) of a whole cake in the fridge. Robert eats \( \frac{1}{3} \) of this piece. What fraction of the whole cake has Robert eaten? Choose the number sentence that would solve the word problem.,\( \frac{2}{3}-\frac{1}{3} \),i think this because 2/3 - 1/3 = 1/3 and robert ate 1/3 of the whole cake.,False_Misconception,Subtraction
27741,33474,Sally has \( \frac{2}{3} \) of a whole cake in the fridge. Robert eats \( \frac{1}{3} \) of this piece. What fraction of the whole cake has Robert eaten? Choose the number sentence that would solve the word problem.,\( \frac{2}{3}-\frac{1}{3} \),i think this because 2/3 - 1/3 = 1/3 and to work out the fraction of cake robert has eaten you need to take away 1/3 from 2/3 which gives you 1/3,False_Misconception,Subtraction
27742,33474,Sally has \( \frac{2}{3} \) of a whole cake in the fridge. Robert eats \( \frac{1}{3} \) of this piece. What fraction of the whole cake has Robert eaten? Choose the number sentence that would solve the word problem.,\( \frac{2}{3}-\frac{1}{3} \),i think this because 2/3 - 1/3 = 1/3 so it would be d.,False_Misconception,Subtraction
27743,33474,Sally has \( \frac{2}{3} \) of a whole cake in the fridge. Robert eats \( \frac{1}{3} \) of this piece. What fraction of the whole cake has Robert eaten? Choose the number sentence that would solve the word problem.,\( \frac{2}{3}-\frac{1}{3} \),"i think this because 2/3 - 1/3 gives you 1/3 , which is what the word problem is asking you to do.",False_Misconception,Subtraction
27744,33474,Sally has \( \frac{2}{3} \) of a whole cake in the fridge. Robert eats \( \frac{1}{3} \) of this piece. What fraction of the whole cake has Robert eaten? Choose the number sentence that would solve the word problem.,\( \frac{2}{3}-\frac{1}{3} \),i think this because 2/3 - 1/3 is 1/3 so it must be right.,False_Misconception,Subtraction
27745,33474,Sally has \( \frac{2}{3} \) of a whole cake in the fridge. Robert eats \( \frac{1}{3} \) of this piece. What fraction of the whole cake has Robert eaten? Choose the number sentence that would solve the word problem.,\( \frac{2}{3}-\frac{1}{3} \),i think this because 2/3 - 1/3 will give you the answer to how much cake is left,False_Neither,
27746,33474,Sally has \( \frac{2}{3} \) of a whole cake in the fridge. Robert eats \( \frac{1}{3} \) of this piece. What fraction of the whole cake has Robert eaten? Choose the number sentence that would solve the word problem.,\( \frac{2}{3}-\frac{1}{3} \),i think this because 2/3 subtract 1/3 is 1/3 and that is how much robert has eaten.,False_Misconception,Subtraction
27747,33474,Sally has \( \frac{2}{3} \) of a whole cake in the fridge. Robert eats \( \frac{1}{3} \) of this piece. What fraction of the whole cake has Robert eaten? Choose the number sentence that would solve the word problem.,\( \frac{2}{3}-\frac{1}{3} \),i think this because 2/3 take 1/3 is 1/3.,False_Misconception,Subtraction
27748,33474,Sally has \( \frac{2}{3} \) of a whole cake in the fridge. Robert eats \( \frac{1}{3} \) of this piece. What fraction of the whole cake has Robert eaten? Choose the number sentence that would solve the word problem.,\( \frac{2}{3}-\frac{1}{3} \),i think this because 2/3 take away 1/3 is 1/3 and 2-1 is 1 and we keep the denominator the same which is 3,False_Misconception,Subtraction
27749,33474,Sally has \( \frac{2}{3} \) of a whole cake in the fridge. Robert eats \( \frac{1}{3} \) of this piece. What fraction of the whole cake has Robert eaten? Choose the number sentence that would solve the word problem.,\( \frac{2}{3}-\frac{1}{3} \),i think this because 2/3-1/3=1/3 and he eats 1/3,False_Misconception,Subtraction
27750,33474,Sally has \( \frac{2}{3} \) of a whole cake in the fridge. Robert eats \( \frac{1}{3} \) of this piece. What fraction of the whole cake has Robert eaten? Choose the number sentence that would solve the word problem.,\( \frac{2}{3}-\frac{1}{3} \),i think this because 2/3-1/3=1/3.you can not add or times or divide you need to take away.,False_Misconception,Subtraction
27751,33474,Sally has \( \frac{2}{3} \) of a whole cake in the fridge. Robert eats \( \frac{1}{3} \) of this piece. What fraction of the whole cake has Robert eaten? Choose the number sentence that would solve the word problem.,\( \frac{2}{3}-\frac{1}{3} \),i think this because he eats 1/3 and you would have to do 2/3 - 1/3 = 1/3.,False_Misconception,Subtraction
27752,33474,Sally has \( \frac{2}{3} \) of a whole cake in the fridge. Robert eats \( \frac{1}{3} \) of this piece. What fraction of the whole cake has Robert eaten? Choose the number sentence that would solve the word problem.,\( \frac{2}{3}-\frac{1}{3} \),i think this because he eats 1\3 piece,False_Neither,
27753,33474,Sally has \( \frac{2}{3} \) of a whole cake in the fridge. Robert eats \( \frac{1}{3} \) of this piece. What fraction of the whole cake has Robert eaten? Choose the number sentence that would solve the word problem.,\( \frac{2}{3}-\frac{1}{3} \),i think this because he has eaten it so you subtract,False_Neither,
27754,33474,Sally has \( \frac{2}{3} \) of a whole cake in the fridge. Robert eats \( \frac{1}{3} \) of this piece. What fraction of the whole cake has Robert eaten? Choose the number sentence that would solve the word problem.,\( \frac{2}{3}-\frac{1}{3} \),i think this because he has eaten one third and you have taken it away,False_Misconception,Subtraction
27755,33474,Sally has \( \frac{2}{3} \) of a whole cake in the fridge. Robert eats \( \frac{1}{3} \) of this piece. What fraction of the whole cake has Robert eaten? Choose the number sentence that would solve the word problem.,\( \frac{2}{3}-\frac{1}{3} \),i think this because he is eating this much so it is being taken away,False_Misconception,Subtraction
27756,33474,Sally has \( \frac{2}{3} \) of a whole cake in the fridge. Robert eats \( \frac{1}{3} \) of this piece. What fraction of the whole cake has Robert eaten? Choose the number sentence that would solve the word problem.,\( \frac{2}{3}-\frac{1}{3} \),i think this because he took a slice of cake from sally and eats 1/3 so the number sentence would be 2/3 take 1/3.,False_Misconception,Subtraction
27757,33474,Sally has \( \frac{2}{3} \) of a whole cake in the fridge. Robert eats \( \frac{1}{3} \) of this piece. What fraction of the whole cake has Robert eaten? Choose the number sentence that would solve the word problem.,\( \frac{2}{3}-\frac{1}{3} \),i think this because he took away a piece.,False_Misconception,Subtraction
27758,33474,Sally has \( \frac{2}{3} \) of a whole cake in the fridge. Robert eats \( \frac{1}{3} \) of this piece. What fraction of the whole cake has Robert eaten? Choose the number sentence that would solve the word problem.,\( \frac{2}{3}-\frac{1}{3} \),i think this because i have worked it out,False_Neither,
27759,33474,Sally has \( \frac{2}{3} \) of a whole cake in the fridge. Robert eats \( \frac{1}{3} \) of this piece. What fraction of the whole cake has Robert eaten? Choose the number sentence that would solve the word problem.,\( \frac{2}{3}-\frac{1}{3} \),i think this because i know the answer is going to be 1/3 so i thought d because 2/3-1/3=1/3,False_Misconception,Subtraction
27760,33474,Sally has \( \frac{2}{3} \) of a whole cake in the fridge. Robert eats \( \frac{1}{3} \) of this piece. What fraction of the whole cake has Robert eaten? Choose the number sentence that would solve the word problem.,\( \frac{2}{3}-\frac{1}{3} \),i think this because i took the whole cake or whatever he ate and then took the amount of how much he ate and it said i think how much is left and that means take away,False_Misconception,Subtraction
27761,33474,Sally has \( \frac{2}{3} \) of a whole cake in the fridge. Robert eats \( \frac{1}{3} \) of this piece. What fraction of the whole cake has Robert eaten? Choose the number sentence that would solve the word problem.,\( \frac{2}{3}-\frac{1}{3} \),"i think this because if he ate 1/3 of the peice, and there is 2/3 altogether then you do 2/3-1/3=1/3.",False_Misconception,Subtraction
27762,33474,Sally has \( \frac{2}{3} \) of a whole cake in the fridge. Robert eats \( \frac{1}{3} \) of this piece. What fraction of the whole cake has Robert eaten? Choose the number sentence that would solve the word problem.,\( \frac{2}{3}-\frac{1}{3} \),i think this because if he has taken 1/3 of the cake you would take away.,False_Misconception,Subtraction
27763,33474,Sally has \( \frac{2}{3} \) of a whole cake in the fridge. Robert eats \( \frac{1}{3} \) of this piece. What fraction of the whole cake has Robert eaten? Choose the number sentence that would solve the word problem.,\( \frac{2}{3}-\frac{1}{3} \),i think this because if robert ate 1/3 out of 2/3 which means you need to subtract,False_Misconception,Subtraction
27764,33474,Sally has \( \frac{2}{3} \) of a whole cake in the fridge. Robert eats \( \frac{1}{3} \) of this piece. What fraction of the whole cake has Robert eaten? Choose the number sentence that would solve the word problem.,\( \frac{2}{3}-\frac{1}{3} \),i think this because if sally has 2/3 and robert takes 1/3 there would be 1/3 left,False_Misconception,Subtraction
27765,33474,Sally has \( \frac{2}{3} \) of a whole cake in the fridge. Robert eats \( \frac{1}{3} \) of this piece. What fraction of the whole cake has Robert eaten? Choose the number sentence that would solve the word problem.,\( \frac{2}{3}-\frac{1}{3} \),i think this because if sally has 2/3 and then robert takes 1/3 you are taking away,False_Misconception,Subtraction
27766,33474,Sally has \( \frac{2}{3} \) of a whole cake in the fridge. Robert eats \( \frac{1}{3} \) of this piece. What fraction of the whole cake has Robert eaten? Choose the number sentence that would solve the word problem.,\( \frac{2}{3}-\frac{1}{3} \),i think this because if sally has 2/3 of the cake and 1/3 of the cake gets eaten by robert then you would be taking away 1/3 of the cake,False_Misconception,Subtraction
27767,33474,Sally has \( \frac{2}{3} \) of a whole cake in the fridge. Robert eats \( \frac{1}{3} \) of this piece. What fraction of the whole cake has Robert eaten? Choose the number sentence that would solve the word problem.,\( \frac{2}{3}-\frac{1}{3} \),i think this because if sally has 2/3 of the cake and if robert eats 1/3 it would be 1/3,False_Misconception,Subtraction
27768,33474,Sally has \( \frac{2}{3} \) of a whole cake in the fridge. Robert eats \( \frac{1}{3} \) of this piece. What fraction of the whole cake has Robert eaten? Choose the number sentence that would solve the word problem.,\( \frac{2}{3}-\frac{1}{3} \),i think this because if there are 2/3 and 1/3 eaten then that means that the number sentence would be 2/3 - 1/3.,False_Neither,
27769,33474,Sally has \( \frac{2}{3} \) of a whole cake in the fridge. Robert eats \( \frac{1}{3} \) of this piece. What fraction of the whole cake has Robert eaten? Choose the number sentence that would solve the word problem.,\( \frac{2}{3}-\frac{1}{3} \),i think this because if there is 1/3 left over from sally and robert eats 1/3 of the piece left.then d has to be the answer.,False_Misconception,Subtraction
27770,33474,Sally has \( \frac{2}{3} \) of a whole cake in the fridge. Robert eats \( \frac{1}{3} \) of this piece. What fraction of the whole cake has Robert eaten? Choose the number sentence that would solve the word problem.,\( \frac{2}{3}-\frac{1}{3} \),"i think this because if there is only 2/3 of the cake in the fridge and robert eats 1/3 of that, the equation would be 2/3 - 1/3 = 1/3",False_Misconception,Subtraction
27771,33474,Sally has \( \frac{2}{3} \) of a whole cake in the fridge. Robert eats \( \frac{1}{3} \) of this piece. What fraction of the whole cake has Robert eaten? Choose the number sentence that would solve the word problem.,\( \frac{2}{3}-\frac{1}{3} \),i think this because if they eat it they take it away,False_Misconception,Subtraction
27772,33474,Sally has \( \frac{2}{3} \) of a whole cake in the fridge. Robert eats \( \frac{1}{3} \) of this piece. What fraction of the whole cake has Robert eaten? Choose the number sentence that would solve the word problem.,\( \frac{2}{3}-\frac{1}{3} \),i think this because if you did the sum you got the answer,False_Neither,
27773,33474,Sally has \( \frac{2}{3} \) of a whole cake in the fridge. Robert eats \( \frac{1}{3} \) of this piece. What fraction of the whole cake has Robert eaten? Choose the number sentence that would solve the word problem.,\( \frac{2}{3}-\frac{1}{3} \),i think this because if you did this you would find what is left of the cake,False_Neither,
27774,33474,Sally has \( \frac{2}{3} \) of a whole cake in the fridge. Robert eats \( \frac{1}{3} \) of this piece. What fraction of the whole cake has Robert eaten? Choose the number sentence that would solve the word problem.,\( \frac{2}{3}-\frac{1}{3} \),i think this because if you do 2/3 takeaway 1/3 it will ver you the answer of 1/3,False_Misconception,Subtraction
27775,33474,Sally has \( \frac{2}{3} \) of a whole cake in the fridge. Robert eats \( \frac{1}{3} \) of this piece. What fraction of the whole cake has Robert eaten? Choose the number sentence that would solve the word problem.,\( \frac{2}{3}-\frac{1}{3} \),i think this because if you have 2 thirds of a cake and someone eats 1 third that would make you’re answer because you’re taking away from the cake,False_Misconception,Subtraction
27776,33474,Sally has \( \frac{2}{3} \) of a whole cake in the fridge. Robert eats \( \frac{1}{3} \) of this piece. What fraction of the whole cake has Robert eaten? Choose the number sentence that would solve the word problem.,\( \frac{2}{3}-\frac{1}{3} \),i think this because if you have 2 thirds of a cake and someone else eats 1 third of it then you are doing the sum 2 thirds minus 1 third.,False_Misconception,Subtraction
27777,33474,Sally has \( \frac{2}{3} \) of a whole cake in the fridge. Robert eats \( \frac{1}{3} \) of this piece. What fraction of the whole cake has Robert eaten? Choose the number sentence that would solve the word problem.,\( \frac{2}{3}-\frac{1}{3} \),i think this because if you have 2/3 and 1/3 gets eaten the sum would be 2/3 - 1/3,False_Neither,
27778,33474,Sally has \( \frac{2}{3} \) of a whole cake in the fridge. Robert eats \( \frac{1}{3} \) of this piece. What fraction of the whole cake has Robert eaten? Choose the number sentence that would solve the word problem.,\( \frac{2}{3}-\frac{1}{3} \),i think this because if you have 2/3 and take away 1 you get 1/3,False_Misconception,Subtraction
27779,33474,Sally has \( \frac{2}{3} \) of a whole cake in the fridge. Robert eats \( \frac{1}{3} \) of this piece. What fraction of the whole cake has Robert eaten? Choose the number sentence that would solve the word problem.,\( \frac{2}{3}-\frac{1}{3} \),i think this because if you have 2/3 and you eat 1/3 it would be 2/3 - 1/3,False_Misconception,Subtraction
27780,33474,Sally has \( \frac{2}{3} \) of a whole cake in the fridge. Robert eats \( \frac{1}{3} \) of this piece. What fraction of the whole cake has Robert eaten? Choose the number sentence that would solve the word problem.,\( \frac{2}{3}-\frac{1}{3} \),"i think this because if you have 2/3 of something and something/someone took a 1/3 of it you would have to subtract 1/3 so the answer would be d as d says 2/3 - 1/3, which is the answer that i think.",False_Misconception,Subtraction
27781,33474,Sally has \( \frac{2}{3} \) of a whole cake in the fridge. Robert eats \( \frac{1}{3} \) of this piece. What fraction of the whole cake has Robert eaten? Choose the number sentence that would solve the word problem.,\( \frac{2}{3}-\frac{1}{3} \),"i think this because if you subtract them, then it will equal the right answer.",False_Neither,
27782,33474,Sally has \( \frac{2}{3} \) of a whole cake in the fridge. Robert eats \( \frac{1}{3} \) of this piece. What fraction of the whole cake has Robert eaten? Choose the number sentence that would solve the word problem.,\( \frac{2}{3}-\frac{1}{3} \),i think this because if you take 1/3 away from 2/3 it gives you 1/3.,False_Misconception,Subtraction
27783,33474,Sally has \( \frac{2}{3} \) of a whole cake in the fridge. Robert eats \( \frac{1}{3} \) of this piece. What fraction of the whole cake has Robert eaten? Choose the number sentence that would solve the word problem.,\( \frac{2}{3}-\frac{1}{3} \),i think this because if you takeaway 1/3 from 2/3 it gives you 1/3.,False_Misconception,Subtraction
27784,33474,Sally has \( \frac{2}{3} \) of a whole cake in the fridge. Robert eats \( \frac{1}{3} \) of this piece. What fraction of the whole cake has Robert eaten? Choose the number sentence that would solve the word problem.,\( \frac{2}{3}-\frac{1}{3} \),i think this because it asks you how many are left this means you have to subtract.,False_Neither,
27785,33474,Sally has \( \frac{2}{3} \) of a whole cake in the fridge. Robert eats \( \frac{1}{3} \) of this piece. What fraction of the whole cake has Robert eaten? Choose the number sentence that would solve the word problem.,\( \frac{2}{3}-\frac{1}{3} \),i think this because it says that she started off for 2/3 of the cake and robert ate 1/3 of it so it has to be d,False_Neither,
27786,33474,Sally has \( \frac{2}{3} \) of a whole cake in the fridge. Robert eats \( \frac{1}{3} \) of this piece. What fraction of the whole cake has Robert eaten? Choose the number sentence that would solve the word problem.,\( \frac{2}{3}-\frac{1}{3} \),i think this because it would be 2-3 and 3-3,False_Misconception,Subtraction
27787,33474,Sally has \( \frac{2}{3} \) of a whole cake in the fridge. Robert eats \( \frac{1}{3} \) of this piece. What fraction of the whole cake has Robert eaten? Choose the number sentence that would solve the word problem.,\( \frac{2}{3}-\frac{1}{3} \),i think this because it would be 2/3-1/3,False_Neither,
27788,33474,Sally has \( \frac{2}{3} \) of a whole cake in the fridge. Robert eats \( \frac{1}{3} \) of this piece. What fraction of the whole cake has Robert eaten? Choose the number sentence that would solve the word problem.,\( \frac{2}{3}-\frac{1}{3} \),i think this because robert ate 1/3 of the 2/3 cake.,False_Misconception,Subtraction
27789,33474,Sally has \( \frac{2}{3} \) of a whole cake in the fridge. Robert eats \( \frac{1}{3} \) of this piece. What fraction of the whole cake has Robert eaten? Choose the number sentence that would solve the word problem.,\( \frac{2}{3}-\frac{1}{3} \),i think this because robert ate 1/3 of the cake so that means you have to take away,False_Misconception,Subtraction
27790,33474,Sally has \( \frac{2}{3} \) of a whole cake in the fridge. Robert eats \( \frac{1}{3} \) of this piece. What fraction of the whole cake has Robert eaten? Choose the number sentence that would solve the word problem.,\( \frac{2}{3}-\frac{1}{3} \),i think this because robert ate 1/3 so you do 2/3 - 1/3 = 1/3,False_Misconception,Subtraction
27791,33474,Sally has \( \frac{2}{3} \) of a whole cake in the fridge. Robert eats \( \frac{1}{3} \) of this piece. What fraction of the whole cake has Robert eaten? Choose the number sentence that would solve the word problem.,\( \frac{2}{3}-\frac{1}{3} \),i think this because robert ate one third of the cake so you do two thirds subtract one third.,False_Misconception,Subtraction
27792,33474,Sally has \( \frac{2}{3} \) of a whole cake in the fridge. Robert eats \( \frac{1}{3} \) of this piece. What fraction of the whole cake has Robert eaten? Choose the number sentence that would solve the word problem.,\( \frac{2}{3}-\frac{1}{3} \),i think this because robert eats 1 third of the 2 thirds so it would be 2/3 - 1/3,False_Neither,
27793,33474,Sally has \( \frac{2}{3} \) of a whole cake in the fridge. Robert eats \( \frac{1}{3} \) of this piece. What fraction of the whole cake has Robert eaten? Choose the number sentence that would solve the word problem.,\( \frac{2}{3}-\frac{1}{3} \),i think this because robert eats 1/3 of the cake so you are - away there would be 1/3 left.,False_Misconception,Subtraction
27794,33474,Sally has \( \frac{2}{3} \) of a whole cake in the fridge. Robert eats \( \frac{1}{3} \) of this piece. What fraction of the whole cake has Robert eaten? Choose the number sentence that would solve the word problem.,\( \frac{2}{3}-\frac{1}{3} \),i think this because robert eats 1/3 so you have to take it away from 2/3 .,False_Misconception,Subtraction
27795,33474,Sally has \( \frac{2}{3} \) of a whole cake in the fridge. Robert eats \( \frac{1}{3} \) of this piece. What fraction of the whole cake has Robert eaten? Choose the number sentence that would solve the word problem.,\( \frac{2}{3}-\frac{1}{3} \),i think this because robert eats 1/3 so you would need to take 1/3 away from 2/3.,False_Misconception,Subtraction
27796,33474,Sally has \( \frac{2}{3} \) of a whole cake in the fridge. Robert eats \( \frac{1}{3} \) of this piece. What fraction of the whole cake has Robert eaten? Choose the number sentence that would solve the word problem.,\( \frac{2}{3}-\frac{1}{3} \),i think this because robert eats one third so you take this away from what sally had to get the answer.,False_Misconception,Subtraction
27797,33474,Sally has \( \frac{2}{3} \) of a whole cake in the fridge. Robert eats \( \frac{1}{3} \) of this piece. What fraction of the whole cake has Robert eaten? Choose the number sentence that would solve the word problem.,\( \frac{2}{3}-\frac{1}{3} \),i think this because robert has eaten 1/3 and all the other options aren't correct,False_Neither,
27798,33474,Sally has \( \frac{2}{3} \) of a whole cake in the fridge. Robert eats \( \frac{1}{3} \) of this piece. What fraction of the whole cake has Robert eaten? Choose the number sentence that would solve the word problem.,\( \frac{2}{3}-\frac{1}{3} \),i think this because robert has eaten 1/3 of a piece and i know taking something away is the same as subtracting so i chose answer d.,False_Misconception,Subtraction
27799,33474,Sally has \( \frac{2}{3} \) of a whole cake in the fridge. Robert eats \( \frac{1}{3} \) of this piece. What fraction of the whole cake has Robert eaten? Choose the number sentence that would solve the word problem.,\( \frac{2}{3}-\frac{1}{3} \),i think this because robert is eating the cake which means there will be less,False_Neither,
27800,33474,Sally has \( \frac{2}{3} \) of a whole cake in the fridge. Robert eats \( \frac{1}{3} \) of this piece. What fraction of the whole cake has Robert eaten? Choose the number sentence that would solve the word problem.,\( \frac{2}{3}-\frac{1}{3} \),i think this because robert just ate half of what was left of the cake which is the same as 2/3-1/3,False_Misconception,Subtraction
27801,33474,Sally has \( \frac{2}{3} \) of a whole cake in the fridge. Robert eats \( \frac{1}{3} \) of this piece. What fraction of the whole cake has Robert eaten? Choose the number sentence that would solve the word problem.,\( \frac{2}{3}-\frac{1}{3} \),"i think this because robert took away 1/3 of the 2/3 to eat, basically meaning 2/3 - 1/3",False_Misconception,Subtraction
27802,33474,Sally has \( \frac{2}{3} \) of a whole cake in the fridge. Robert eats \( \frac{1}{3} \) of this piece. What fraction of the whole cake has Robert eaten? Choose the number sentence that would solve the word problem.,\( \frac{2}{3}-\frac{1}{3} \),i think this because robert took away 1/3 of the cake that was there so the formula would be 2/3 - 1/3.,False_Misconception,Subtraction
27803,33474,Sally has \( \frac{2}{3} \) of a whole cake in the fridge. Robert eats \( \frac{1}{3} \) of this piece. What fraction of the whole cake has Robert eaten? Choose the number sentence that would solve the word problem.,\( \frac{2}{3}-\frac{1}{3} \),i think this because sallly has two thirds and robert has eaten a third of it,False_Neither,
27804,33474,Sally has \( \frac{2}{3} \) of a whole cake in the fridge. Robert eats \( \frac{1}{3} \) of this piece. What fraction of the whole cake has Robert eaten? Choose the number sentence that would solve the word problem.,\( \frac{2}{3}-\frac{1}{3} \),i think this because sally as 2/3 and then robert eats a third,False_Neither,
27805,33474,Sally has \( \frac{2}{3} \) of a whole cake in the fridge. Robert eats \( \frac{1}{3} \) of this piece. What fraction of the whole cake has Robert eaten? Choose the number sentence that would solve the word problem.,\( \frac{2}{3}-\frac{1}{3} \),"i think this because sally has 2/3 and if robert ate 1/3, you have to take away to get the answer.",False_Misconception,Subtraction
27806,33474,Sally has \( \frac{2}{3} \) of a whole cake in the fridge. Robert eats \( \frac{1}{3} \) of this piece. What fraction of the whole cake has Robert eaten? Choose the number sentence that would solve the word problem.,\( \frac{2}{3}-\frac{1}{3} \),i think this because sally has 2/3 and robert has 1/3 so that means 2-1,False_Misconception,Subtraction
27807,33474,Sally has \( \frac{2}{3} \) of a whole cake in the fridge. Robert eats \( \frac{1}{3} \) of this piece. What fraction of the whole cake has Robert eaten? Choose the number sentence that would solve the word problem.,\( \frac{2}{3}-\frac{1}{3} \),i think this because sally has 2/3 and robert has eaten 1/3 so that means that he has took away 1/3 so the equation is 2/3-1/3,False_Misconception,Subtraction
27808,33474,Sally has \( \frac{2}{3} \) of a whole cake in the fridge. Robert eats \( \frac{1}{3} \) of this piece. What fraction of the whole cake has Robert eaten? Choose the number sentence that would solve the word problem.,\( \frac{2}{3}-\frac{1}{3} \),i think this because sally has 2/3 and then robert eats 1/3 so robert has taken away 1/3 from her cake.,False_Misconception,Subtraction
27809,33474,Sally has \( \frac{2}{3} \) of a whole cake in the fridge. Robert eats \( \frac{1}{3} \) of this piece. What fraction of the whole cake has Robert eaten? Choose the number sentence that would solve the word problem.,\( \frac{2}{3}-\frac{1}{3} \),i think this because sally has 2/3 of a cake and then robert eats 1/3 of the rest of it so there is 1/3 left,False_Misconception,Subtraction
27810,33474,Sally has \( \frac{2}{3} \) of a whole cake in the fridge. Robert eats \( \frac{1}{3} \) of this piece. What fraction of the whole cake has Robert eaten? Choose the number sentence that would solve the word problem.,\( \frac{2}{3}-\frac{1}{3} \),i think this because sally has 2/3 of a cake so the whole cake would be 3/3 and 1/3 of 2/3 would be 1/3 so you just subtract the two fractions,False_Misconception,Subtraction
27811,33474,Sally has \( \frac{2}{3} \) of a whole cake in the fridge. Robert eats \( \frac{1}{3} \) of this piece. What fraction of the whole cake has Robert eaten? Choose the number sentence that would solve the word problem.,\( \frac{2}{3}-\frac{1}{3} \),i think this because sally has 2/3 of the cake and robert has eaten 1/3 so the equation is 2/3-1/3.,False_Misconception,Subtraction
27812,33474,Sally has \( \frac{2}{3} \) of a whole cake in the fridge. Robert eats \( \frac{1}{3} \) of this piece. What fraction of the whole cake has Robert eaten? Choose the number sentence that would solve the word problem.,\( \frac{2}{3}-\frac{1}{3} \),i think this because sally has 2/3 then you take away 1/3 from robert to see how much he has eaten.,False_Misconception,Subtraction
27813,33474,Sally has \( \frac{2}{3} \) of a whole cake in the fridge. Robert eats \( \frac{1}{3} \) of this piece. What fraction of the whole cake has Robert eaten? Choose the number sentence that would solve the word problem.,\( \frac{2}{3}-\frac{1}{3} \),i think this because sally has a cake of 2\3 and then robert eats 1\3 so its takeaway and the answer is 1\3,False_Misconception,Subtraction
27814,33474,Sally has \( \frac{2}{3} \) of a whole cake in the fridge. Robert eats \( \frac{1}{3} \) of this piece. What fraction of the whole cake has Robert eaten? Choose the number sentence that would solve the word problem.,\( \frac{2}{3}-\frac{1}{3} \),i think this because sally has had 2/3 of the cake and robert has had 1/3 so it would be 2/3 - 1/3 because it is saying which word problem would make it to how much he has eaten.,False_Misconception,Subtraction
27815,33474,Sally has \( \frac{2}{3} \) of a whole cake in the fridge. Robert eats \( \frac{1}{3} \) of this piece. What fraction of the whole cake has Robert eaten? Choose the number sentence that would solve the word problem.,\( \frac{2}{3}-\frac{1}{3} \),i think this because sally started with 2/3 of the cake and robert took away 1/3 of it.,False_Misconception,Subtraction
27816,33474,Sally has \( \frac{2}{3} \) of a whole cake in the fridge. Robert eats \( \frac{1}{3} \) of this piece. What fraction of the whole cake has Robert eaten? Choose the number sentence that would solve the word problem.,\( \frac{2}{3}-\frac{1}{3} \),i think this because sally starts with two thirds of a cake and then robert takes one third (half),False_Misconception,Subtraction
27817,33474,Sally has \( \frac{2}{3} \) of a whole cake in the fridge. Robert eats \( \frac{1}{3} \) of this piece. What fraction of the whole cake has Robert eaten? Choose the number sentence that would solve the word problem.,\( \frac{2}{3}-\frac{1}{3} \),i think this because she eats 1/3 of a 2/3 cake so it is bound to be subtraction,False_Misconception,Subtraction
27818,33474,Sally has \( \frac{2}{3} \) of a whole cake in the fridge. Robert eats \( \frac{1}{3} \) of this piece. What fraction of the whole cake has Robert eaten? Choose the number sentence that would solve the word problem.,\( \frac{2}{3}-\frac{1}{3} \),i think this because she had 2 thirds and he ate one third,False_Neither,
27819,33474,Sally has \( \frac{2}{3} \) of a whole cake in the fridge. Robert eats \( \frac{1}{3} \) of this piece. What fraction of the whole cake has Robert eaten? Choose the number sentence that would solve the word problem.,\( \frac{2}{3}-\frac{1}{3} \),i think this because she has 2/3 left and and he eats 1/3 so she has 1/3 left,False_Misconception,Subtraction
27820,33474,Sally has \( \frac{2}{3} \) of a whole cake in the fridge. Robert eats \( \frac{1}{3} \) of this piece. What fraction of the whole cake has Robert eaten? Choose the number sentence that would solve the word problem.,\( \frac{2}{3}-\frac{1}{3} \),i think this because she takes 2/3 and he eats one third of what she has so the statement is 2/3 - 1/3.,False_Neither,
27821,33474,Sally has \( \frac{2}{3} \) of a whole cake in the fridge. Robert eats \( \frac{1}{3} \) of this piece. What fraction of the whole cake has Robert eaten? Choose the number sentence that would solve the word problem.,\( \frac{2}{3}-\frac{1}{3} \),"i think this because since robert ate 1/3 of 2/3 than we must do 2/3-1/3, which equals 1/3.",False_Misconception,Subtraction
27822,33474,Sally has \( \frac{2}{3} \) of a whole cake in the fridge. Robert eats \( \frac{1}{3} \) of this piece. What fraction of the whole cake has Robert eaten? Choose the number sentence that would solve the word problem.,\( \frac{2}{3}-\frac{1}{3} \),i think this because somebody has already eaten of one bit and then somebody else has eaten another bit so you have to take away,False_Misconception,Subtraction
27823,33474,Sally has \( \frac{2}{3} \) of a whole cake in the fridge. Robert eats \( \frac{1}{3} \) of this piece. What fraction of the whole cake has Robert eaten? Choose the number sentence that would solve the word problem.,\( \frac{2}{3}-\frac{1}{3} \),i think this because that's the only one that would work,False_Neither,
27824,33474,Sally has \( \frac{2}{3} \) of a whole cake in the fridge. Robert eats \( \frac{1}{3} \) of this piece. What fraction of the whole cake has Robert eaten? Choose the number sentence that would solve the word problem.,\( \frac{2}{3}-\frac{1}{3} \),i think this because the original amount of the cake was 2/3 and robert ate 1/3.,False_Neither,
27825,33474,Sally has \( \frac{2}{3} \) of a whole cake in the fridge. Robert eats \( \frac{1}{3} \) of this piece. What fraction of the whole cake has Robert eaten? Choose the number sentence that would solve the word problem.,\( \frac{2}{3}-\frac{1}{3} \),i think this because the total cake which is in the fridge is 2 thirds and the amount that robert has eaten is 1 third so you would subtract both of the fractions to get 1 third,False_Misconception,Subtraction
27826,33474,Sally has \( \frac{2}{3} \) of a whole cake in the fridge. Robert eats \( \frac{1}{3} \) of this piece. What fraction of the whole cake has Robert eaten? Choose the number sentence that would solve the word problem.,\( \frac{2}{3}-\frac{1}{3} \),"i think this because there are 2/3 of the cake left and as robert ate 1/3 of the 2/3, you have to take 1/3 away from 2/3 which is 1/3.",False_Misconception,Subtraction
27827,33474,Sally has \( \frac{2}{3} \) of a whole cake in the fridge. Robert eats \( \frac{1}{3} \) of this piece. What fraction of the whole cake has Robert eaten? Choose the number sentence that would solve the word problem.,\( \frac{2}{3}-\frac{1}{3} \),i think this because there is 2/3 of a cake minus 1/3 of a cake.,False_Neither,
27828,33474,Sally has \( \frac{2}{3} \) of a whole cake in the fridge. Robert eats \( \frac{1}{3} \) of this piece. What fraction of the whole cake has Robert eaten? Choose the number sentence that would solve the word problem.,\( \frac{2}{3}-\frac{1}{3} \),i think this because there is one third of the cake remaining and two thirds take away one third is one third,False_Misconception,Subtraction
27829,33474,Sally has \( \frac{2}{3} \) of a whole cake in the fridge. Robert eats \( \frac{1}{3} \) of this piece. What fraction of the whole cake has Robert eaten? Choose the number sentence that would solve the word problem.,\( \frac{2}{3}-\frac{1}{3} \),i think this because there was 2/3 in the fridge and robert eats 1/3 of the cake so it is 2/3 - 1/3.,False_Neither,
27830,33474,Sally has \( \frac{2}{3} \) of a whole cake in the fridge. Robert eats \( \frac{1}{3} \) of this piece. What fraction of the whole cake has Robert eaten? Choose the number sentence that would solve the word problem.,\( \frac{2}{3}-\frac{1}{3} \),i think this because this is taking on 3 of the two thirds that were left so you take it away.,False_Misconception,Subtraction
27831,33474,Sally has \( \frac{2}{3} \) of a whole cake in the fridge. Robert eats \( \frac{1}{3} \) of this piece. What fraction of the whole cake has Robert eaten? Choose the number sentence that would solve the word problem.,\( \frac{2}{3}-\frac{1}{3} \),i think this because this is the method of how you work it out,False_Neither,
27832,33474,Sally has \( \frac{2}{3} \) of a whole cake in the fridge. Robert eats \( \frac{1}{3} \) of this piece. What fraction of the whole cake has Robert eaten? Choose the number sentence that would solve the word problem.,\( \frac{2}{3}-\frac{1}{3} \),"i think this because to find the amount eaten you have to take the amount of the cake from the start ,2/3, and then take away the amount she ate ,1/3.",False_Misconception,Subtraction
27833,33474,Sally has \( \frac{2}{3} \) of a whole cake in the fridge. Robert eats \( \frac{1}{3} \) of this piece. What fraction of the whole cake has Robert eaten? Choose the number sentence that would solve the word problem.,\( \frac{2}{3}-\frac{1}{3} \),i think this because when he ate it means that it is being subtracted.,False_Neither,
27834,33474,Sally has \( \frac{2}{3} \) of a whole cake in the fridge. Robert eats \( \frac{1}{3} \) of this piece. What fraction of the whole cake has Robert eaten? Choose the number sentence that would solve the word problem.,\( \frac{2}{3}-\frac{1}{3} \),"i think this because when he eats the cake, it is taken away from the whole cake which makes it subtraction",False_Misconception,Subtraction
27835,33474,Sally has \( \frac{2}{3} \) of a whole cake in the fridge. Robert eats \( \frac{1}{3} \) of this piece. What fraction of the whole cake has Robert eaten? Choose the number sentence that would solve the word problem.,\( \frac{2}{3}-\frac{1}{3} \),i think this because when you have a portion of something and you take some it way or eat it (shade to robert) you are usually subtracting it and that would make sense.,False_Misconception,Subtraction
27836,33474,Sally has \( \frac{2}{3} \) of a whole cake in the fridge. Robert eats \( \frac{1}{3} \) of this piece. What fraction of the whole cake has Robert eaten? Choose the number sentence that would solve the word problem.,\( \frac{2}{3}-\frac{1}{3} \),i think this because you are - a third from 2/3 so thats the right sum,False_Neither,
27837,33474,Sally has \( \frac{2}{3} \) of a whole cake in the fridge. Robert eats \( \frac{1}{3} \) of this piece. What fraction of the whole cake has Robert eaten? Choose the number sentence that would solve the word problem.,\( \frac{2}{3}-\frac{1}{3} \),i think this because you are subtracting the original fraction with 1/3,False_Misconception,Subtraction
27838,33474,Sally has \( \frac{2}{3} \) of a whole cake in the fridge. Robert eats \( \frac{1}{3} \) of this piece. What fraction of the whole cake has Robert eaten? Choose the number sentence that would solve the word problem.,\( \frac{2}{3}-\frac{1}{3} \),i think this because you are taking away what robert is eating.,False_Misconception,Subtraction
27839,33474,Sally has \( \frac{2}{3} \) of a whole cake in the fridge. Robert eats \( \frac{1}{3} \) of this piece. What fraction of the whole cake has Robert eaten? Choose the number sentence that would solve the word problem.,\( \frac{2}{3}-\frac{1}{3} \),i think this because you are taking it away,False_Misconception,Subtraction
27840,33474,Sally has \( \frac{2}{3} \) of a whole cake in the fridge. Robert eats \( \frac{1}{3} \) of this piece. What fraction of the whole cake has Robert eaten? Choose the number sentence that would solve the word problem.,\( \frac{2}{3}-\frac{1}{3} \),i think this because you are taking some cake away.,False_Misconception,Subtraction
27841,33474,Sally has \( \frac{2}{3} \) of a whole cake in the fridge. Robert eats \( \frac{1}{3} \) of this piece. What fraction of the whole cake has Robert eaten? Choose the number sentence that would solve the word problem.,\( \frac{2}{3}-\frac{1}{3} \),i think this because you have to minus to get the answer,False_Neither,
27842,33474,Sally has \( \frac{2}{3} \) of a whole cake in the fridge. Robert eats \( \frac{1}{3} \) of this piece. What fraction of the whole cake has Robert eaten? Choose the number sentence that would solve the word problem.,\( \frac{2}{3}-\frac{1}{3} \),"i think this because, if there where two thirds of a cake in the fridge originally then if he eats one third of it it will have taken away",False_Misconception,Subtraction
27843,33474,Sally has \( \frac{2}{3} \) of a whole cake in the fridge. Robert eats \( \frac{1}{3} \) of this piece. What fraction of the whole cake has Robert eaten? Choose the number sentence that would solve the word problem.,\( \frac{2}{3}-\frac{1}{3} \),i think this because...(your explanation will be seen by your teacher),False_Neither,
27844,33474,Sally has \( \frac{2}{3} \) of a whole cake in the fridge. Robert eats \( \frac{1}{3} \) of this piece. What fraction of the whole cake has Robert eaten? Choose the number sentence that would solve the word problem.,\( \frac{2}{3}-\frac{1}{3} \),i think this equation is correct because robert is taking away 1/3 of 2/3 so the operation would need to be minus,False_Misconception,Subtraction
27845,33474,Sally has \( \frac{2}{3} \) of a whole cake in the fridge. Robert eats \( \frac{1}{3} \) of this piece. What fraction of the whole cake has Robert eaten? Choose the number sentence that would solve the word problem.,\( \frac{2}{3}-\frac{1}{3} \),i think this is because if you are trying to find out how much robert has eaten then you have to subtract,False_Misconception,Subtraction
27846,33474,Sally has \( \frac{2}{3} \) of a whole cake in the fridge. Robert eats \( \frac{1}{3} \) of this piece. What fraction of the whole cake has Robert eaten? Choose the number sentence that would solve the word problem.,\( \frac{2}{3}-\frac{1}{3} \),i think this is because sally has 2/3 left and robert eats 1/3 and 2/3 - 1/3 is 1/3 and d had the same answer as 1/3,False_Misconception,Subtraction
27847,33474,Sally has \( \frac{2}{3} \) of a whole cake in the fridge. Robert eats \( \frac{1}{3} \) of this piece. What fraction of the whole cake has Robert eaten? Choose the number sentence that would solve the word problem.,\( \frac{2}{3}-\frac{1}{3} \),i think this is because sally has 2/3 of the cake and robert has eaten 1/3 so the equation is 2/3 ~ 1/3,False_Neither,
27848,33474,Sally has \( \frac{2}{3} \) of a whole cake in the fridge. Robert eats \( \frac{1}{3} \) of this piece. What fraction of the whole cake has Robert eaten? Choose the number sentence that would solve the word problem.,\( \frac{2}{3}-\frac{1}{3} \),i think this is the answer because 2/3-1/3=1/3 and 1/3 is the answer,False_Misconception,Subtraction
27849,33474,Sally has \( \frac{2}{3} \) of a whole cake in the fridge. Robert eats \( \frac{1}{3} \) of this piece. What fraction of the whole cake has Robert eaten? Choose the number sentence that would solve the word problem.,\( \frac{2}{3}-\frac{1}{3} \),i think this is the answer because 2-1=1 and then keep the 3.,False_Neither,
27850,33474,Sally has \( \frac{2}{3} \) of a whole cake in the fridge. Robert eats \( \frac{1}{3} \) of this piece. What fraction of the whole cake has Robert eaten? Choose the number sentence that would solve the word problem.,\( \frac{2}{3}-\frac{1}{3} \),i think this is the answer because if she has 2/3 of a cake and robert is eating one of it it is misusing one third,False_Neither,
27851,33474,Sally has \( \frac{2}{3} \) of a whole cake in the fridge. Robert eats \( \frac{1}{3} \) of this piece. What fraction of the whole cake has Robert eaten? Choose the number sentence that would solve the word problem.,\( \frac{2}{3}-\frac{1}{3} \),i think this is the answer because if you are keeping the bottom the same and - 2 by 1 you will get 1 so the answer is 1/3,False_Misconception,Subtraction
27852,33474,Sally has \( \frac{2}{3} \) of a whole cake in the fridge. Robert eats \( \frac{1}{3} \) of this piece. What fraction of the whole cake has Robert eaten? Choose the number sentence that would solve the word problem.,\( \frac{2}{3}-\frac{1}{3} \),i think this is the answer because it tells you how much of the cake is eaten and tells you how much there was in the first place,False_Neither,
27853,33474,Sally has \( \frac{2}{3} \) of a whole cake in the fridge. Robert eats \( \frac{1}{3} \) of this piece. What fraction of the whole cake has Robert eaten? Choose the number sentence that would solve the word problem.,\( \frac{2}{3}-\frac{1}{3} \),i think this is the answer because sally has 2/3 of cake and robert eats 1/3 of it so 2-1/3=1/3,False_Misconception,Subtraction
27854,33474,Sally has \( \frac{2}{3} \) of a whole cake in the fridge. Robert eats \( \frac{1}{3} \) of this piece. What fraction of the whole cake has Robert eaten? Choose the number sentence that would solve the word problem.,\( \frac{2}{3}-\frac{1}{3} \),i think this is the answer because sally has 2/3 of the cake and robert takes 1/3 away from it.,False_Misconception,Subtraction
27855,33474,Sally has \( \frac{2}{3} \) of a whole cake in the fridge. Robert eats \( \frac{1}{3} \) of this piece. What fraction of the whole cake has Robert eaten? Choose the number sentence that would solve the word problem.,\( \frac{2}{3}-\frac{1}{3} \),i think this is the answer because sarah has 2/3 and robert takes out 1/3 so u would minus it,False_Neither,
27856,33474,Sally has \( \frac{2}{3} \) of a whole cake in the fridge. Robert eats \( \frac{1}{3} \) of this piece. What fraction of the whole cake has Robert eaten? Choose the number sentence that would solve the word problem.,\( \frac{2}{3}-\frac{1}{3} \),i think this is the answer because you take away 2 from 1,False_Neither,
27857,33474,Sally has \( \frac{2}{3} \) of a whole cake in the fridge. Robert eats \( \frac{1}{3} \) of this piece. What fraction of the whole cake has Robert eaten? Choose the number sentence that would solve the word problem.,\( \frac{2}{3}-\frac{1}{3} \),i think this is the answer because you're loosing cake so it's subtraction.,False_Misconception,Subtraction
27858,33474,Sally has \( \frac{2}{3} \) of a whole cake in the fridge. Robert eats \( \frac{1}{3} \) of this piece. What fraction of the whole cake has Robert eaten? Choose the number sentence that would solve the word problem.,\( \frac{2}{3}-\frac{1}{3} \),i think this is the answer becauser,False_Neither,
27859,33474,Sally has \( \frac{2}{3} \) of a whole cake in the fridge. Robert eats \( \frac{1}{3} \) of this piece. What fraction of the whole cake has Robert eaten? Choose the number sentence that would solve the word problem.,\( \frac{2}{3}-\frac{1}{3} \),i think this is the correct answer because if you eat something you take it away.,False_Misconception,Subtraction
27860,33474,Sally has \( \frac{2}{3} \) of a whole cake in the fridge. Robert eats \( \frac{1}{3} \) of this piece. What fraction of the whole cake has Robert eaten? Choose the number sentence that would solve the word problem.,\( \frac{2}{3}-\frac{1}{3} \),i think you take it away,False_Misconception,Subtraction
27861,33474,Sally has \( \frac{2}{3} \) of a whole cake in the fridge. Robert eats \( \frac{1}{3} \) of this piece. What fraction of the whole cake has Robert eaten? Choose the number sentence that would solve the word problem.,\( \frac{2}{3}-\frac{1}{3} \),i worked it put and it seemed to be the answer i. got,False_Neither,
27862,33474,Sally has \( \frac{2}{3} \) of a whole cake in the fridge. Robert eats \( \frac{1}{3} \) of this piece. What fraction of the whole cake has Robert eaten? Choose the number sentence that would solve the word problem.,\( \frac{2}{3}-\frac{1}{3} \),i worked them all out and then i chose the correct one.,False_Neither,
27863,33474,Sally has \( \frac{2}{3} \) of a whole cake in the fridge. Robert eats \( \frac{1}{3} \) of this piece. What fraction of the whole cake has Robert eaten? Choose the number sentence that would solve the word problem.,\( \frac{2}{3}-\frac{1}{3} \),i worked this out in my revision book,False_Neither,
27864,33474,Sally has \( \frac{2}{3} \) of a whole cake in the fridge. Robert eats \( \frac{1}{3} \) of this piece. What fraction of the whole cake has Robert eaten? Choose the number sentence that would solve the word problem.,\( \frac{2}{3}-\frac{1}{3} \),i would not be able to,False_Neither,
27865,33474,Sally has \( \frac{2}{3} \) of a whole cake in the fridge. Robert eats \( \frac{1}{3} \) of this piece. What fraction of the whole cake has Robert eaten? Choose the number sentence that would solve the word problem.,\( \frac{2}{3}-\frac{1}{3} \),i would use d because if you have 2/3 and you take away 1/3 it will be 1/3,False_Misconception,Subtraction
27866,33474,Sally has \( \frac{2}{3} \) of a whole cake in the fridge. Robert eats \( \frac{1}{3} \) of this piece. What fraction of the whole cake has Robert eaten? Choose the number sentence that would solve the word problem.,\( \frac{2}{3}-\frac{1}{3} \),i'm not sure how to explain,False_Neither,
27867,33474,Sally has \( \frac{2}{3} \) of a whole cake in the fridge. Robert eats \( \frac{1}{3} \) of this piece. What fraction of the whole cake has Robert eaten? Choose the number sentence that would solve the word problem.,\( \frac{2}{3}-\frac{1}{3} \),ice up on my neck it look like i just swam today,False_Neither,
27868,33474,Sally has \( \frac{2}{3} \) of a whole cake in the fridge. Robert eats \( \frac{1}{3} \) of this piece. What fraction of the whole cake has Robert eaten? Choose the number sentence that would solve the word problem.,\( \frac{2}{3}-\frac{1}{3} \),if he ate it you subtract,False_Neither,
27869,33474,Sally has \( \frac{2}{3} \) of a whole cake in the fridge. Robert eats \( \frac{1}{3} \) of this piece. What fraction of the whole cake has Robert eaten? Choose the number sentence that would solve the word problem.,\( \frac{2}{3}-\frac{1}{3} \),"if he eats it , it is taken away so it is 2/3 - 1/3.",False_Neither,
27870,33474,Sally has \( \frac{2}{3} \) of a whole cake in the fridge. Robert eats \( \frac{1}{3} \) of this piece. What fraction of the whole cake has Robert eaten? Choose the number sentence that would solve the word problem.,\( \frac{2}{3}-\frac{1}{3} \),if he eats on third and there it two thirds then you need to -one third from two thirds,False_Neither,
27871,33474,Sally has \( \frac{2}{3} \) of a whole cake in the fridge. Robert eats \( \frac{1}{3} \) of this piece. What fraction of the whole cake has Robert eaten? Choose the number sentence that would solve the word problem.,\( \frac{2}{3}-\frac{1}{3} \),if he eats some then some is getting taken away,False_Misconception,Subtraction
27872,33474,Sally has \( \frac{2}{3} \) of a whole cake in the fridge. Robert eats \( \frac{1}{3} \) of this piece. What fraction of the whole cake has Robert eaten? Choose the number sentence that would solve the word problem.,\( \frac{2}{3}-\frac{1}{3} \),"if he has eaten 1/3, the fraction of the cake will be reduced by 1/3.",False_Misconception,Subtraction
27873,33474,Sally has \( \frac{2}{3} \) of a whole cake in the fridge. Robert eats \( \frac{1}{3} \) of this piece. What fraction of the whole cake has Robert eaten? Choose the number sentence that would solve the word problem.,\( \frac{2}{3}-\frac{1}{3} \),if robert ate 1/3 it would be a subtraction question and the answer would be 1/3,False_Misconception,Subtraction
27874,33474,Sally has \( \frac{2}{3} \) of a whole cake in the fridge. Robert eats \( \frac{1}{3} \) of this piece. What fraction of the whole cake has Robert eaten? Choose the number sentence that would solve the word problem.,\( \frac{2}{3}-\frac{1}{3} \),if robert eats 1/3 it means sally is losing 1/3 when she had 2/3 so you would have to subtract 1/3 from 2/3,False_Misconception,Subtraction
27875,33474,Sally has \( \frac{2}{3} \) of a whole cake in the fridge. Robert eats \( \frac{1}{3} \) of this piece. What fraction of the whole cake has Robert eaten? Choose the number sentence that would solve the word problem.,\( \frac{2}{3}-\frac{1}{3} \),"if robert eats 1/3 of 2/3 of a cake and i need to find out whats left, i need to subtract them.",False_Misconception,Subtraction
27876,33474,Sally has \( \frac{2}{3} \) of a whole cake in the fridge. Robert eats \( \frac{1}{3} \) of this piece. What fraction of the whole cake has Robert eaten? Choose the number sentence that would solve the word problem.,\( \frac{2}{3}-\frac{1}{3} \),"if robert eats, he would be subtracting 1/3 of the cake",False_Misconception,Subtraction
27877,33474,Sally has \( \frac{2}{3} \) of a whole cake in the fridge. Robert eats \( \frac{1}{3} \) of this piece. What fraction of the whole cake has Robert eaten? Choose the number sentence that would solve the word problem.,\( \frac{2}{3}-\frac{1}{3} \),if roberts eats 1/3 the equation is 2/3-1/3 which equals 1/3.,False_Misconception,Subtraction
27878,33474,Sally has \( \frac{2}{3} \) of a whole cake in the fridge. Robert eats \( \frac{1}{3} \) of this piece. What fraction of the whole cake has Robert eaten? Choose the number sentence that would solve the word problem.,\( \frac{2}{3}-\frac{1}{3} \),"if sally has 2/3 and robert eats one out of the 2, there will be 1/3 left.",False_Misconception,Subtraction
27879,33474,Sally has \( \frac{2}{3} \) of a whole cake in the fridge. Robert eats \( \frac{1}{3} \) of this piece. What fraction of the whole cake has Robert eaten? Choose the number sentence that would solve the word problem.,\( \frac{2}{3}-\frac{1}{3} \),if sally has 2/3 and then robert eats 1/3 then he is taking away 1/3 so it is 2/3-1/3,False_Misconception,Subtraction
27880,33474,Sally has \( \frac{2}{3} \) of a whole cake in the fridge. Robert eats \( \frac{1}{3} \) of this piece. What fraction of the whole cake has Robert eaten? Choose the number sentence that would solve the word problem.,\( \frac{2}{3}-\frac{1}{3} \),if sally has 2/3 of a cake and robert 'takes away' 1/3 then it is 2/3 minus 1/3.,False_Misconception,Subtraction
27881,33474,Sally has \( \frac{2}{3} \) of a whole cake in the fridge. Robert eats \( \frac{1}{3} \) of this piece. What fraction of the whole cake has Robert eaten? Choose the number sentence that would solve the word problem.,\( \frac{2}{3}-\frac{1}{3} \),if sally has 2/3 of cake in her fridge and robert ate 1/3 that is 2/3 take away 1/3 wich is 1/3,False_Misconception,Subtraction
27882,33474,Sally has \( \frac{2}{3} \) of a whole cake in the fridge. Robert eats \( \frac{1}{3} \) of this piece. What fraction of the whole cake has Robert eaten? Choose the number sentence that would solve the word problem.,\( \frac{2}{3}-\frac{1}{3} \),if sally has 2/3 robert eats 1/3 you would have to do 2/3 - 1/3 = 1/3 so 1/3 of the cake is left.,False_Misconception,Subtraction
27883,33474,Sally has \( \frac{2}{3} \) of a whole cake in the fridge. Robert eats \( \frac{1}{3} \) of this piece. What fraction of the whole cake has Robert eaten? Choose the number sentence that would solve the word problem.,\( \frac{2}{3}-\frac{1}{3} \),if sally has 2/3 robert takes away 1/3 so it would be minus and d is the only one that has minus so that is how i got my answer!,False_Misconception,Subtraction
27884,33474,Sally has \( \frac{2}{3} \) of a whole cake in the fridge. Robert eats \( \frac{1}{3} \) of this piece. What fraction of the whole cake has Robert eaten? Choose the number sentence that would solve the word problem.,\( \frac{2}{3}-\frac{1}{3} \),if sally has two thirds and robert eats one third one third is left: 2/3-1/3=1/3,False_Misconception,Subtraction
27885,33474,Sally has \( \frac{2}{3} \) of a whole cake in the fridge. Robert eats \( \frac{1}{3} \) of this piece. What fraction of the whole cake has Robert eaten? Choose the number sentence that would solve the word problem.,\( \frac{2}{3}-\frac{1}{3} \),if she eats 2/3 and robert eats 1/3 of her piece than it is 2/3-1/3,False_Misconception,Subtraction
27886,33474,Sally has \( \frac{2}{3} \) of a whole cake in the fridge. Robert eats \( \frac{1}{3} \) of this piece. What fraction of the whole cake has Robert eaten? Choose the number sentence that would solve the word problem.,\( \frac{2}{3}-\frac{1}{3} \),if she has 2/3 and he eats 1/3 he’s took it away so it’s minus,False_Misconception,Subtraction
27887,33474,Sally has \( \frac{2}{3} \) of a whole cake in the fridge. Robert eats \( \frac{1}{3} \) of this piece. What fraction of the whole cake has Robert eaten? Choose the number sentence that would solve the word problem.,\( \frac{2}{3}-\frac{1}{3} \),"if someone eats part of a cake, they're taking away from it. so the calculation should be subtraction.",False_Misconception,Subtraction
27888,33474,Sally has \( \frac{2}{3} \) of a whole cake in the fridge. Robert eats \( \frac{1}{3} \) of this piece. What fraction of the whole cake has Robert eaten? Choose the number sentence that would solve the word problem.,\( \frac{2}{3}-\frac{1}{3} \),if the cake is 3/3 and sally has 2/3 and robert eats 1/3 that means robert ate 1/3 of the whole cake,False_Neither,
27889,33474,Sally has \( \frac{2}{3} \) of a whole cake in the fridge. Robert eats \( \frac{1}{3} \) of this piece. What fraction of the whole cake has Robert eaten? Choose the number sentence that would solve the word problem.,\( \frac{2}{3}-\frac{1}{3} \),if there is 2/3 and 1/3 is eaten then 1 of the thirds is gone so the answer would be taking away 1/3 from 2/3,False_Misconception,Subtraction
27890,33474,Sally has \( \frac{2}{3} \) of a whole cake in the fridge. Robert eats \( \frac{1}{3} \) of this piece. What fraction of the whole cake has Robert eaten? Choose the number sentence that would solve the word problem.,\( \frac{2}{3}-\frac{1}{3} \),if there is 2/3 and robert eats 1/3 the sum is 2/3 - 1/3.,False_Neither,
27891,33474,Sally has \( \frac{2}{3} \) of a whole cake in the fridge. Robert eats \( \frac{1}{3} \) of this piece. What fraction of the whole cake has Robert eaten? Choose the number sentence that would solve the word problem.,\( \frac{2}{3}-\frac{1}{3} \),if there is 2/3 and robert eats 1/3 ther is 1/3 left because you have to subtract,False_Misconception,Subtraction
27892,33474,Sally has \( \frac{2}{3} \) of a whole cake in the fridge. Robert eats \( \frac{1}{3} \) of this piece. What fraction of the whole cake has Robert eaten? Choose the number sentence that would solve the word problem.,\( \frac{2}{3}-\frac{1}{3} \),if you eat a slice of 2 slices of cake then you take 1 off of 2,False_Neither,
27893,33474,Sally has \( \frac{2}{3} \) of a whole cake in the fridge. Robert eats \( \frac{1}{3} \) of this piece. What fraction of the whole cake has Robert eaten? Choose the number sentence that would solve the word problem.,\( \frac{2}{3}-\frac{1}{3} \),if you eat somthing you are taking it away so it would be 2/3-1/3,False_Misconception,Subtraction
27894,33474,Sally has \( \frac{2}{3} \) of a whole cake in the fridge. Robert eats \( \frac{1}{3} \) of this piece. What fraction of the whole cake has Robert eaten? Choose the number sentence that would solve the word problem.,\( \frac{2}{3}-\frac{1}{3} \),if you eat you take away,False_Misconception,Subtraction
27895,33474,Sally has \( \frac{2}{3} \) of a whole cake in the fridge. Robert eats \( \frac{1}{3} \) of this piece. What fraction of the whole cake has Robert eaten? Choose the number sentence that would solve the word problem.,\( \frac{2}{3}-\frac{1}{3} \),"if you have 2/3 altogther, the question indicates the subtract of a slice of cake. therefore, the method that needs to be used is subtraction.",False_Misconception,Subtraction
27896,33474,Sally has \( \frac{2}{3} \) of a whole cake in the fridge. Robert eats \( \frac{1}{3} \) of this piece. What fraction of the whole cake has Robert eaten? Choose the number sentence that would solve the word problem.,\( \frac{2}{3}-\frac{1}{3} \),if you have 2/3 and subtract 1/3 you will end up with 1/,False_Neither,
27897,33474,Sally has \( \frac{2}{3} \) of a whole cake in the fridge. Robert eats \( \frac{1}{3} \) of this piece. What fraction of the whole cake has Robert eaten? Choose the number sentence that would solve the word problem.,\( \frac{2}{3}-\frac{1}{3} \),if you have 2/3 of a cake and someone eats 1/3 you can minus it,False_Misconception,Subtraction
27898,33474,Sally has \( \frac{2}{3} \) of a whole cake in the fridge. Robert eats \( \frac{1}{3} \) of this piece. What fraction of the whole cake has Robert eaten? Choose the number sentence that would solve the word problem.,\( \frac{2}{3}-\frac{1}{3} \),"if you have 2/3 of a cake, and someone takes away 1/3 of the cake, the clear indicator is that it takes away pieces of the cake.",False_Misconception,Subtraction
27899,33474,Sally has \( \frac{2}{3} \) of a whole cake in the fridge. Robert eats \( \frac{1}{3} \) of this piece. What fraction of the whole cake has Robert eaten? Choose the number sentence that would solve the word problem.,\( \frac{2}{3}-\frac{1}{3} \),if you take 1 away of 2 it equal 1,False_Neither,
27900,33474,Sally has \( \frac{2}{3} \) of a whole cake in the fridge. Robert eats \( \frac{1}{3} \) of this piece. What fraction of the whole cake has Robert eaten? Choose the number sentence that would solve the word problem.,\( \frac{2}{3}-\frac{1}{3} \),if you take away 1 from 2 it is 1,False_Neither,
27901,33474,Sally has \( \frac{2}{3} \) of a whole cake in the fridge. Robert eats \( \frac{1}{3} \) of this piece. What fraction of the whole cake has Robert eaten? Choose the number sentence that would solve the word problem.,\( \frac{2}{3}-\frac{1}{3} \),if you take away it will give the correct answer,False_Misconception,Subtraction
27902,33474,Sally has \( \frac{2}{3} \) of a whole cake in the fridge. Robert eats \( \frac{1}{3} \) of this piece. What fraction of the whole cake has Robert eaten? Choose the number sentence that would solve the word problem.,\( \frac{2}{3}-\frac{1}{3} \),if you take away it will give you the answer,False_Misconception,Subtraction
27903,33474,Sally has \( \frac{2}{3} \) of a whole cake in the fridge. Robert eats \( \frac{1}{3} \) of this piece. What fraction of the whole cake has Robert eaten? Choose the number sentence that would solve the word problem.,\( \frac{2}{3}-\frac{1}{3} \),if you take it away it leaves you with 1/3,False_Misconception,Subtraction
27904,33474,Sally has \( \frac{2}{3} \) of a whole cake in the fridge. Robert eats \( \frac{1}{3} \) of this piece. What fraction of the whole cake has Robert eaten? Choose the number sentence that would solve the word problem.,\( \frac{2}{3}-\frac{1}{3} \),if you times it you would get 2/3 in my opinion,False_Neither,
27905,33474,Sally has \( \frac{2}{3} \) of a whole cake in the fridge. Robert eats \( \frac{1}{3} \) of this piece. What fraction of the whole cake has Robert eaten? Choose the number sentence that would solve the word problem.,\( \frac{2}{3}-\frac{1}{3} \),"in fractions, when a fraction is being subtracted only the numerators actually get subtracted while the denominators stay the same. by looking at d, we can find that this rule applies, and is like doing 2 - 1, which gives us 1, or in this case, 1/3.",False_Misconception,Subtraction
27906,33474,Sally has \( \frac{2}{3} \) of a whole cake in the fridge. Robert eats \( \frac{1}{3} \) of this piece. What fraction of the whole cake has Robert eaten? Choose the number sentence that would solve the word problem.,\( \frac{2}{3}-\frac{1}{3} \),in the question it says ate means gone so that means takeaway,False_Misconception,Subtraction
27907,33474,Sally has \( \frac{2}{3} \) of a whole cake in the fridge. Robert eats \( \frac{1}{3} \) of this piece. What fraction of the whole cake has Robert eaten? Choose the number sentence that would solve the word problem.,\( \frac{2}{3}-\frac{1}{3} \),it can't be a or be because there giving you the eaten cake . then 2 divided by one would be 2 and 3 divided by three would be 1 and that would be 2/1 or two entire cakes. so that leave 2/3 cake - 1/3 cake,False_Neither,
27908,33474,Sally has \( \frac{2}{3} \) of a whole cake in the fridge. Robert eats \( \frac{1}{3} \) of this piece. What fraction of the whole cake has Robert eaten? Choose the number sentence that would solve the word problem.,\( \frac{2}{3}-\frac{1}{3} \),it couldnt have been multiplication or addition and if it was division the answer wouldve been 2 6 so it mustve been d,False_Neither,
27909,33474,Sally has \( \frac{2}{3} \) of a whole cake in the fridge. Robert eats \( \frac{1}{3} \) of this piece. What fraction of the whole cake has Robert eaten? Choose the number sentence that would solve the word problem.,\( \frac{2}{3}-\frac{1}{3} \),it ends up less than it was at the start so its subtraction,False_Neither,
27910,33474,Sally has \( \frac{2}{3} \) of a whole cake in the fridge. Robert eats \( \frac{1}{3} \) of this piece. What fraction of the whole cake has Robert eaten? Choose the number sentence that would solve the word problem.,\( \frac{2}{3}-\frac{1}{3} \),it is less so it is a takeaway,False_Misconception,Subtraction
27911,33474,Sally has \( \frac{2}{3} \) of a whole cake in the fridge. Robert eats \( \frac{1}{3} \) of this piece. What fraction of the whole cake has Robert eaten? Choose the number sentence that would solve the word problem.,\( \frac{2}{3}-\frac{1}{3} \),it is 2/3 and robert ate 1/3 of that so he had taken 1/3 off of the 2/3's,False_Misconception,Subtraction
27912,33474,Sally has \( \frac{2}{3} \) of a whole cake in the fridge. Robert eats \( \frac{1}{3} \) of this piece. What fraction of the whole cake has Robert eaten? Choose the number sentence that would solve the word problem.,\( \frac{2}{3}-\frac{1}{3} \),"it is 2/3 of a whole cake, he eats 1/3. you would need to subtract.",False_Misconception,Subtraction
27913,33474,Sally has \( \frac{2}{3} \) of a whole cake in the fridge. Robert eats \( \frac{1}{3} \) of this piece. What fraction of the whole cake has Robert eaten? Choose the number sentence that would solve the word problem.,\( \frac{2}{3}-\frac{1}{3} \),it is because he eats 1/3 and 2/3 - 1/3 is 1/3,False_Misconception,Subtraction
27914,33474,Sally has \( \frac{2}{3} \) of a whole cake in the fridge. Robert eats \( \frac{1}{3} \) of this piece. What fraction of the whole cake has Robert eaten? Choose the number sentence that would solve the word problem.,\( \frac{2}{3}-\frac{1}{3} \),it is because you take away one from rwo,False_Misconception,Subtraction
27915,33474,Sally has \( \frac{2}{3} \) of a whole cake in the fridge. Robert eats \( \frac{1}{3} \) of this piece. What fraction of the whole cake has Robert eaten? Choose the number sentence that would solve the word problem.,\( \frac{2}{3}-\frac{1}{3} \),it is d as you the total number is 2/3 and for that you are finding the difference between 2/3 and 1/3 because 1/3 of the cake is done.,False_Misconception,Subtraction
27916,33474,Sally has \( \frac{2}{3} \) of a whole cake in the fridge. Robert eats \( \frac{1}{3} \) of this piece. What fraction of the whole cake has Robert eaten? Choose the number sentence that would solve the word problem.,\( \frac{2}{3}-\frac{1}{3} \),it is d because 2/3 - 1/3 is 1/3 which is the amount of cake that robert ate. sally= 2/3 robert= 1/3,False_Misconception,Subtraction
27917,33474,Sally has \( \frac{2}{3} \) of a whole cake in the fridge. Robert eats \( \frac{1}{3} \) of this piece. What fraction of the whole cake has Robert eaten? Choose the number sentence that would solve the word problem.,\( \frac{2}{3}-\frac{1}{3} \),it is d because he has eaten so you have to minus it,False_Neither,
27918,33474,Sally has \( \frac{2}{3} \) of a whole cake in the fridge. Robert eats \( \frac{1}{3} \) of this piece. What fraction of the whole cake has Robert eaten? Choose the number sentence that would solve the word problem.,\( \frac{2}{3}-\frac{1}{3} \),it is d because if sally had 2/3 of 1 whole cake and then robert eats 1/3 of the cake you have to takeaway 1/3 from 2/3 which equals 1/3.,False_Misconception,Subtraction
27919,33474,Sally has \( \frac{2}{3} \) of a whole cake in the fridge. Robert eats \( \frac{1}{3} \) of this piece. What fraction of the whole cake has Robert eaten? Choose the number sentence that would solve the word problem.,\( \frac{2}{3}-\frac{1}{3} \),it is d because if there is 2 thirds and he eats 1 third that is 2 -1 wich is 1 third,False_Misconception,Subtraction
27920,33474,Sally has \( \frac{2}{3} \) of a whole cake in the fridge. Robert eats \( \frac{1}{3} \) of this piece. What fraction of the whole cake has Robert eaten? Choose the number sentence that would solve the word problem.,\( \frac{2}{3}-\frac{1}{3} \),it is d because if u add 2/3 -1/3= 1/3,False_Neither,
27921,33474,Sally has \( \frac{2}{3} \) of a whole cake in the fridge. Robert eats \( \frac{1}{3} \) of this piece. What fraction of the whole cake has Robert eaten? Choose the number sentence that would solve the word problem.,\( \frac{2}{3}-\frac{1}{3} \),it is d because roberta ate a piece of cake,False_Neither,
27922,33474,Sally has \( \frac{2}{3} \) of a whole cake in the fridge. Robert eats \( \frac{1}{3} \) of this piece. What fraction of the whole cake has Robert eaten? Choose the number sentence that would solve the word problem.,\( \frac{2}{3}-\frac{1}{3} \),it is d because sally had 2/3 of the cake and robert ate 1/3 so it is 2/3 - 1/3 = 1/3,False_Misconception,Subtraction
27923,33474,Sally has \( \frac{2}{3} \) of a whole cake in the fridge. Robert eats \( \frac{1}{3} \) of this piece. What fraction of the whole cake has Robert eaten? Choose the number sentence that would solve the word problem.,\( \frac{2}{3}-\frac{1}{3} \),it is d because sally has 2/3 ad robert takes 1/3 of it which makes it 1/3.,False_Misconception,Subtraction
27924,33474,Sally has \( \frac{2}{3} \) of a whole cake in the fridge. Robert eats \( \frac{1}{3} \) of this piece. What fraction of the whole cake has Robert eaten? Choose the number sentence that would solve the word problem.,\( \frac{2}{3}-\frac{1}{3} \),it is d because the calculations answer is 1/3,False_Neither,
27925,33474,Sally has \( \frac{2}{3} \) of a whole cake in the fridge. Robert eats \( \frac{1}{3} \) of this piece. What fraction of the whole cake has Robert eaten? Choose the number sentence that would solve the word problem.,\( \frac{2}{3}-\frac{1}{3} \),it is d because there are 2/3 of a cake in the fridge and robert eats a third .,False_Misconception,Subtraction
27926,33474,Sally has \( \frac{2}{3} \) of a whole cake in the fridge. Robert eats \( \frac{1}{3} \) of this piece. What fraction of the whole cake has Robert eaten? Choose the number sentence that would solve the word problem.,\( \frac{2}{3}-\frac{1}{3} \),it is d because they have 2/3 left then robert eats 1/3 of what was left so to find out how much cake they had remaining you have to take 1/3 away from 2/3,False_Neither,
27927,33474,Sally has \( \frac{2}{3} \) of a whole cake in the fridge. Robert eats \( \frac{1}{3} \) of this piece. What fraction of the whole cake has Robert eaten? Choose the number sentence that would solve the word problem.,\( \frac{2}{3}-\frac{1}{3} \),it is d because when he eats something it goes away,False_Misconception,Subtraction
27928,33474,Sally has \( \frac{2}{3} \) of a whole cake in the fridge. Robert eats \( \frac{1}{3} \) of this piece. What fraction of the whole cake has Robert eaten? Choose the number sentence that would solve the word problem.,\( \frac{2}{3}-\frac{1}{3} \),it is d because when robert ate 1/3 of the cake he was taking 1/3 from 2/3 which is 1/3.,False_Misconception,Subtraction
27929,33474,Sally has \( \frac{2}{3} \) of a whole cake in the fridge. Robert eats \( \frac{1}{3} \) of this piece. What fraction of the whole cake has Robert eaten? Choose the number sentence that would solve the word problem.,\( \frac{2}{3}-\frac{1}{3} \),it is d because you start off with 2/3 and you subtract 1/3 which is shown by d,False_Misconception,Subtraction
27930,33474,Sally has \( \frac{2}{3} \) of a whole cake in the fridge. Robert eats \( \frac{1}{3} \) of this piece. What fraction of the whole cake has Robert eaten? Choose the number sentence that would solve the word problem.,\( \frac{2}{3}-\frac{1}{3} \),it is d because you start with 2/3 of a cake so robert eats 1/3. so the answer is 2/3 - 1/3.,False_Misconception,Subtraction
27931,33474,Sally has \( \frac{2}{3} \) of a whole cake in the fridge. Robert eats \( \frac{1}{3} \) of this piece. What fraction of the whole cake has Robert eaten? Choose the number sentence that would solve the word problem.,\( \frac{2}{3}-\frac{1}{3} \),it is half of the cake left,False_Neither,
27932,33474,Sally has \( \frac{2}{3} \) of a whole cake in the fridge. Robert eats \( \frac{1}{3} \) of this piece. What fraction of the whole cake has Robert eaten? Choose the number sentence that would solve the word problem.,\( \frac{2}{3}-\frac{1}{3} \),it is s because he says 1 bit of it,False_Neither,
27933,33474,Sally has \( \frac{2}{3} \) of a whole cake in the fridge. Robert eats \( \frac{1}{3} \) of this piece. What fraction of the whole cake has Robert eaten? Choose the number sentence that would solve the word problem.,\( \frac{2}{3}-\frac{1}{3} \),it is the only one that make sense,False_Neither,
27934,33474,Sally has \( \frac{2}{3} \) of a whole cake in the fridge. Robert eats \( \frac{1}{3} \) of this piece. What fraction of the whole cake has Robert eaten? Choose the number sentence that would solve the word problem.,\( \frac{2}{3}-\frac{1}{3} \),it is the only option suitable.,False_Neither,
27935,33474,Sally has \( \frac{2}{3} \) of a whole cake in the fridge. Robert eats \( \frac{1}{3} \) of this piece. What fraction of the whole cake has Robert eaten? Choose the number sentence that would solve the word problem.,\( \frac{2}{3}-\frac{1}{3} \),it is this because if you take 1/3 away from 2/3 then you get 1/3 and that is the right answer.,False_Misconception,Subtraction
27936,33474,Sally has \( \frac{2}{3} \) of a whole cake in the fridge. Robert eats \( \frac{1}{3} \) of this piece. What fraction of the whole cake has Robert eaten? Choose the number sentence that would solve the word problem.,\( \frac{2}{3}-\frac{1}{3} \),it leaves you with a 3rd left,False_Neither,
27937,33474,Sally has \( \frac{2}{3} \) of a whole cake in the fridge. Robert eats \( \frac{1}{3} \) of this piece. What fraction of the whole cake has Robert eaten? Choose the number sentence that would solve the word problem.,\( \frac{2}{3}-\frac{1}{3} \),it said that robert eats 1/3 of the cake you will have to take it away,False_Misconception,Subtraction
27938,33474,Sally has \( \frac{2}{3} \) of a whole cake in the fridge. Robert eats \( \frac{1}{3} \) of this piece. What fraction of the whole cake has Robert eaten? Choose the number sentence that would solve the word problem.,\( \frac{2}{3}-\frac{1}{3} \),it says 1/3 is eaten witch will mean take away,False_Misconception,Subtraction
27939,33474,Sally has \( \frac{2}{3} \) of a whole cake in the fridge. Robert eats \( \frac{1}{3} \) of this piece. What fraction of the whole cake has Robert eaten? Choose the number sentence that would solve the word problem.,\( \frac{2}{3}-\frac{1}{3} \),it says robert has eaten 1/3 so i did 2/3 - 1/3 = 1/3,False_Misconception,Subtraction
27940,33474,Sally has \( \frac{2}{3} \) of a whole cake in the fridge. Robert eats \( \frac{1}{3} \) of this piece. What fraction of the whole cake has Robert eaten? Choose the number sentence that would solve the word problem.,\( \frac{2}{3}-\frac{1}{3} \),it says that sally 2/3 of the cake in the fridge and robert eats 1/3 of it so there must be 1/3 left the number sentence is 2/3 -1/3,False_Neither,
27941,33474,Sally has \( \frac{2}{3} \) of a whole cake in the fridge. Robert eats \( \frac{1}{3} \) of this piece. What fraction of the whole cake has Robert eaten? Choose the number sentence that would solve the word problem.,\( \frac{2}{3}-\frac{1}{3} \),it there is two thirds then rob eats one third then you take away that one third and that's how you get the awnser,False_Misconception,Subtraction
27942,33474,Sally has \( \frac{2}{3} \) of a whole cake in the fridge. Robert eats \( \frac{1}{3} \) of this piece. What fraction of the whole cake has Robert eaten? Choose the number sentence that would solve the word problem.,\( \frac{2}{3}-\frac{1}{3} \),it will be this calculation because he eats 1/3 of 2/3 so it would be a takeaway calculation,False_Misconception,Subtraction
27943,33474,Sally has \( \frac{2}{3} \) of a whole cake in the fridge. Robert eats \( \frac{1}{3} \) of this piece. What fraction of the whole cake has Robert eaten? Choose the number sentence that would solve the word problem.,\( \frac{2}{3}-\frac{1}{3} \),it would be 2/3 - 1/3 because he ate 1/3 which is subtracting 1/3 from 2/3,False_Misconception,Subtraction
27944,33474,Sally has \( \frac{2}{3} \) of a whole cake in the fridge. Robert eats \( \frac{1}{3} \) of this piece. What fraction of the whole cake has Robert eaten? Choose the number sentence that would solve the word problem.,\( \frac{2}{3}-\frac{1}{3} \),it would be 2/3 tame away 1/3,False_Misconception,Subtraction
27945,33474,Sally has \( \frac{2}{3} \) of a whole cake in the fridge. Robert eats \( \frac{1}{3} \) of this piece. What fraction of the whole cake has Robert eaten? Choose the number sentence that would solve the word problem.,\( \frac{2}{3}-\frac{1}{3} \),it would be a because he say that he eats the 1/3 so it would be gone,False_Neither,
27946,33474,Sally has \( \frac{2}{3} \) of a whole cake in the fridge. Robert eats \( \frac{1}{3} \) of this piece. What fraction of the whole cake has Robert eaten? Choose the number sentence that would solve the word problem.,\( \frac{2}{3}-\frac{1}{3} \),it would be subtract because he has taken it and eaten it,False_Misconception,Subtraction
27947,33474,Sally has \( \frac{2}{3} \) of a whole cake in the fridge. Robert eats \( \frac{1}{3} \) of this piece. What fraction of the whole cake has Robert eaten? Choose the number sentence that would solve the word problem.,\( \frac{2}{3}-\frac{1}{3} \),it would be the - one because hat would answer the question,False_Neither,
27948,33474,Sally has \( \frac{2}{3} \) of a whole cake in the fridge. Robert eats \( \frac{1}{3} \) of this piece. What fraction of the whole cake has Robert eaten? Choose the number sentence that would solve the word problem.,\( \frac{2}{3}-\frac{1}{3} \),it would solve the word problem because if robert is eating 1/3 of a 2/3 cake then i would have to subtract,False_Neither,
27949,33474,Sally has \( \frac{2}{3} \) of a whole cake in the fridge. Robert eats \( \frac{1}{3} \) of this piece. What fraction of the whole cake has Robert eaten? Choose the number sentence that would solve the word problem.,\( \frac{2}{3}-\frac{1}{3} \),it's because he took away 1/3 so i got the answer,False_Misconception,Subtraction
27950,33474,Sally has \( \frac{2}{3} \) of a whole cake in the fridge. Robert eats \( \frac{1}{3} \) of this piece. What fraction of the whole cake has Robert eaten? Choose the number sentence that would solve the word problem.,\( \frac{2}{3}-\frac{1}{3} \),its d as 2/3 - 1/3 is 1/3 of cake that is left.,False_Misconception,Subtraction
27951,33474,Sally has \( \frac{2}{3} \) of a whole cake in the fridge. Robert eats \( \frac{1}{3} \) of this piece. What fraction of the whole cake has Robert eaten? Choose the number sentence that would solve the word problem.,\( \frac{2}{3}-\frac{1}{3} \),its d because she has 2/3 if robert has you have then - 1 answer 2/3 -1/3,False_Misconception,Subtraction
27952,33474,Sally has \( \frac{2}{3} \) of a whole cake in the fridge. Robert eats \( \frac{1}{3} \) of this piece. What fraction of the whole cake has Robert eaten? Choose the number sentence that would solve the word problem.,\( \frac{2}{3}-\frac{1}{3} \),its either c or d im not sure,False_Neither,
27953,33474,Sally has \( \frac{2}{3} \) of a whole cake in the fridge. Robert eats \( \frac{1}{3} \) of this piece. What fraction of the whole cake has Robert eaten? Choose the number sentence that would solve the word problem.,\( \frac{2}{3}-\frac{1}{3} \),its says he eats which must be take away,False_Misconception,Subtraction
27954,33474,Sally has \( \frac{2}{3} \) of a whole cake in the fridge. Robert eats \( \frac{1}{3} \) of this piece. What fraction of the whole cake has Robert eaten? Choose the number sentence that would solve the word problem.,\( \frac{2}{3}-\frac{1}{3} \),its taking away when you eat something its gone,False_Misconception,Subtraction
27955,33474,Sally has \( \frac{2}{3} \) of a whole cake in the fridge. Robert eats \( \frac{1}{3} \) of this piece. What fraction of the whole cake has Robert eaten? Choose the number sentence that would solve the word problem.,\( \frac{2}{3}-\frac{1}{3} \),its the only one that makes sense for this problem,False_Neither,
27956,33474,Sally has \( \frac{2}{3} \) of a whole cake in the fridge. Robert eats \( \frac{1}{3} \) of this piece. What fraction of the whole cake has Robert eaten? Choose the number sentence that would solve the word problem.,\( \frac{2}{3}-\frac{1}{3} \),it’s 2/3 but one of them is just taken away so it’s just 2-1,False_Misconception,Subtraction
27957,33474,Sally has \( \frac{2}{3} \) of a whole cake in the fridge. Robert eats \( \frac{1}{3} \) of this piece. What fraction of the whole cake has Robert eaten? Choose the number sentence that would solve the word problem.,\( \frac{2}{3}-\frac{1}{3} \),it’s because it was 2 thirds and now it’s one third so it is just subtracting,False_Misconception,Subtraction
27958,33474,Sally has \( \frac{2}{3} \) of a whole cake in the fridge. Robert eats \( \frac{1}{3} \) of this piece. What fraction of the whole cake has Robert eaten? Choose the number sentence that would solve the word problem.,\( \frac{2}{3}-\frac{1}{3} \),it’s d since robert ate half of the cake left so 2/3 is what they started with then it was - 1/3,False_Neither,
27959,33474,Sally has \( \frac{2}{3} \) of a whole cake in the fridge. Robert eats \( \frac{1}{3} \) of this piece. What fraction of the whole cake has Robert eaten? Choose the number sentence that would solve the word problem.,\( \frac{2}{3}-\frac{1}{3} \),just take 2 by 1 to make 1 over3,False_Neither,
27960,33474,Sally has \( \frac{2}{3} \) of a whole cake in the fridge. Robert eats \( \frac{1}{3} \) of this piece. What fraction of the whole cake has Robert eaten? Choose the number sentence that would solve the word problem.,\( \frac{2}{3}-\frac{1}{3} \),number d would solve the problem,False_Neither,
27961,33474,Sally has \( \frac{2}{3} \) of a whole cake in the fridge. Robert eats \( \frac{1}{3} \) of this piece. What fraction of the whole cake has Robert eaten? Choose the number sentence that would solve the word problem.,\( \frac{2}{3}-\frac{1}{3} \),"one third is taken away from two thirds so that is the sum, two thirds take away one third",False_Misconception,Subtraction
27962,33474,Sally has \( \frac{2}{3} \) of a whole cake in the fridge. Robert eats \( \frac{1}{3} \) of this piece. What fraction of the whole cake has Robert eaten? Choose the number sentence that would solve the word problem.,\( \frac{2}{3}-\frac{1}{3} \),rob has eaten 1/3 of the piece 2/3 minus 1/3 is 1/3,False_Misconception,Subtraction
27963,33474,Sally has \( \frac{2}{3} \) of a whole cake in the fridge. Robert eats \( \frac{1}{3} \) of this piece. What fraction of the whole cake has Robert eaten? Choose the number sentence that would solve the word problem.,\( \frac{2}{3}-\frac{1}{3} \),"robert ate 1/3 of 2/3 of a cake, so 2/3",False_Neither,
27964,33474,Sally has \( \frac{2}{3} \) of a whole cake in the fridge. Robert eats \( \frac{1}{3} \) of this piece. What fraction of the whole cake has Robert eaten? Choose the number sentence that would solve the word problem.,\( \frac{2}{3}-\frac{1}{3} \),robert ate one third of the cake,False_Neither,
27965,33474,Sally has \( \frac{2}{3} \) of a whole cake in the fridge. Robert eats \( \frac{1}{3} \) of this piece. What fraction of the whole cake has Robert eaten? Choose the number sentence that would solve the word problem.,\( \frac{2}{3}-\frac{1}{3} \),robert ate the cake so we takeaway,False_Misconception,Subtraction
27966,33474,Sally has \( \frac{2}{3} \) of a whole cake in the fridge. Robert eats \( \frac{1}{3} \) of this piece. What fraction of the whole cake has Robert eaten? Choose the number sentence that would solve the word problem.,\( \frac{2}{3}-\frac{1}{3} \),robert eats 1/3 of 2/3 so you subtract 1/3 from 2/3.,False_Misconception,Subtraction
27967,33474,Sally has \( \frac{2}{3} \) of a whole cake in the fridge. Robert eats \( \frac{1}{3} \) of this piece. What fraction of the whole cake has Robert eaten? Choose the number sentence that would solve the word problem.,\( \frac{2}{3}-\frac{1}{3} \),robert eats 1/3 of 2/3 which is 2/3 - 1/3,False_Misconception,Subtraction
27968,33474,Sally has \( \frac{2}{3} \) of a whole cake in the fridge. Robert eats \( \frac{1}{3} \) of this piece. What fraction of the whole cake has Robert eaten? Choose the number sentence that would solve the word problem.,\( \frac{2}{3}-\frac{1}{3} \),robert eats 1/3 of a cake and there is 2/3 so i just subtracted them,False_Neither,
27969,33474,Sally has \( \frac{2}{3} \) of a whole cake in the fridge. Robert eats \( \frac{1}{3} \) of this piece. What fraction of the whole cake has Robert eaten? Choose the number sentence that would solve the word problem.,\( \frac{2}{3}-\frac{1}{3} \),robert eats the cake which means he's subtracting it.,False_Neither,
27970,33474,Sally has \( \frac{2}{3} \) of a whole cake in the fridge. Robert eats \( \frac{1}{3} \) of this piece. What fraction of the whole cake has Robert eaten? Choose the number sentence that would solve the word problem.,\( \frac{2}{3}-\frac{1}{3} \),robert has eaten 1/3 and 2/3 - 1/3 is 1/3,False_Misconception,Subtraction
27971,33474,Sally has \( \frac{2}{3} \) of a whole cake in the fridge. Robert eats \( \frac{1}{3} \) of this piece. What fraction of the whole cake has Robert eaten? Choose the number sentence that would solve the word problem.,\( \frac{2}{3}-\frac{1}{3} \),robert has eaten one of the thirds from two thirds so you would need to take away.,False_Misconception,Subtraction
27972,33474,Sally has \( \frac{2}{3} \) of a whole cake in the fridge. Robert eats \( \frac{1}{3} \) of this piece. What fraction of the whole cake has Robert eaten? Choose the number sentence that would solve the word problem.,\( \frac{2}{3}-\frac{1}{3} \),robert has subtracted from the emount that there is by eating,False_Misconception,Subtraction
27973,33474,Sally has \( \frac{2}{3} \) of a whole cake in the fridge. Robert eats \( \frac{1}{3} \) of this piece. What fraction of the whole cake has Robert eaten? Choose the number sentence that would solve the word problem.,\( \frac{2}{3}-\frac{1}{3} \),robert is eating a bit of the total.,False_Neither,
27974,33474,Sally has \( \frac{2}{3} \) of a whole cake in the fridge. Robert eats \( \frac{1}{3} \) of this piece. What fraction of the whole cake has Robert eaten? Choose the number sentence that would solve the word problem.,\( \frac{2}{3}-\frac{1}{3} \),robert is taking away from the cake.,False_Misconception,Subtraction
27975,33474,Sally has \( \frac{2}{3} \) of a whole cake in the fridge. Robert eats \( \frac{1}{3} \) of this piece. What fraction of the whole cake has Robert eaten? Choose the number sentence that would solve the word problem.,\( \frac{2}{3}-\frac{1}{3} \),robert minuses the amount of cake,False_Neither,
27976,33474,Sally has \( \frac{2}{3} \) of a whole cake in the fridge. Robert eats \( \frac{1}{3} \) of this piece. What fraction of the whole cake has Robert eaten? Choose the number sentence that would solve the word problem.,\( \frac{2}{3}-\frac{1}{3} \),robert takes away 1/3 of the cake so,False_Misconception,Subtraction
27977,33474,Sally has \( \frac{2}{3} \) of a whole cake in the fridge. Robert eats \( \frac{1}{3} \) of this piece. What fraction of the whole cake has Robert eaten? Choose the number sentence that would solve the word problem.,\( \frac{2}{3}-\frac{1}{3} \),robert takes away a fraction of the cake so i know to subtract. 2/3 - 1/3 = 1/3 and because the dinominators are the same it's much easier.,False_Misconception,Subtraction
27978,33474,Sally has \( \frac{2}{3} \) of a whole cake in the fridge. Robert eats \( \frac{1}{3} \) of this piece. What fraction of the whole cake has Robert eaten? Choose the number sentence that would solve the word problem.,\( \frac{2}{3}-\frac{1}{3} \),robert takes away one third so i think it's take away,False_Misconception,Subtraction
27979,33474,Sally has \( \frac{2}{3} \) of a whole cake in the fridge. Robert eats \( \frac{1}{3} \) of this piece. What fraction of the whole cake has Robert eaten? Choose the number sentence that would solve the word problem.,\( \frac{2}{3}-\frac{1}{3} \),roberts takes half of the 2/3 so it is -,False_Neither,
27980,33474,Sally has \( \frac{2}{3} \) of a whole cake in the fridge. Robert eats \( \frac{1}{3} \) of this piece. What fraction of the whole cake has Robert eaten? Choose the number sentence that would solve the word problem.,\( \frac{2}{3}-\frac{1}{3} \),sally already had 2/3 and robert ate 1/3 which means that it has taken 1/3 away and the calculation is 2/3-1/3,False_Misconception,Subtraction
27981,33474,Sally has \( \frac{2}{3} \) of a whole cake in the fridge. Robert eats \( \frac{1}{3} \) of this piece. What fraction of the whole cake has Robert eaten? Choose the number sentence that would solve the word problem.,\( \frac{2}{3}-\frac{1}{3} \),"sally did not eat the cake, so you would minus 1/3 from 2/3 as there is 2/3 altogether and robert at 1/3 of it, which would give you 1/3.",False_Misconception,Subtraction
27982,33474,Sally has \( \frac{2}{3} \) of a whole cake in the fridge. Robert eats \( \frac{1}{3} \) of this piece. What fraction of the whole cake has Robert eaten? Choose the number sentence that would solve the word problem.,\( \frac{2}{3}-\frac{1}{3} \),sally eats 2/3 of a cake. robert eats “1/3 of this cake”.(2/3-1/3),False_Neither,
27983,33474,Sally has \( \frac{2}{3} \) of a whole cake in the fridge. Robert eats \( \frac{1}{3} \) of this piece. What fraction of the whole cake has Robert eaten? Choose the number sentence that would solve the word problem.,\( \frac{2}{3}-\frac{1}{3} \),sally had 2/3 but robert took 1/3 so you would have to take the 1/3 from the 2/3 to get your answers.,False_Misconception,Subtraction
27984,33474,Sally has \( \frac{2}{3} \) of a whole cake in the fridge. Robert eats \( \frac{1}{3} \) of this piece. What fraction of the whole cake has Robert eaten? Choose the number sentence that would solve the word problem.,\( \frac{2}{3}-\frac{1}{3} \),sally had 2/3 of a cake robert ate one third which is 2/3 - 1/3 of which he ate,False_Neither,
27985,33474,Sally has \( \frac{2}{3} \) of a whole cake in the fridge. Robert eats \( \frac{1}{3} \) of this piece. What fraction of the whole cake has Robert eaten? Choose the number sentence that would solve the word problem.,\( \frac{2}{3}-\frac{1}{3} \),sally has 2/3 and robert eats 1/3 so that would be it,False_Neither,
27986,33474,Sally has \( \frac{2}{3} \) of a whole cake in the fridge. Robert eats \( \frac{1}{3} \) of this piece. What fraction of the whole cake has Robert eaten? Choose the number sentence that would solve the word problem.,\( \frac{2}{3}-\frac{1}{3} \),sally has 2/3 and robert takes away 1/3,False_Misconception,Subtraction
27987,33474,Sally has \( \frac{2}{3} \) of a whole cake in the fridge. Robert eats \( \frac{1}{3} \) of this piece. What fraction of the whole cake has Robert eaten? Choose the number sentence that would solve the word problem.,\( \frac{2}{3}-\frac{1}{3} \),sally has 2/3 and then you takeaway 1/3 to get to your answer,False_Misconception,Subtraction
27988,33474,Sally has \( \frac{2}{3} \) of a whole cake in the fridge. Robert eats \( \frac{1}{3} \) of this piece. What fraction of the whole cake has Robert eaten? Choose the number sentence that would solve the word problem.,\( \frac{2}{3}-\frac{1}{3} \),sally has 2/3 of a whole cake and 1/3 of this is eaten and the answer is 1/3,False_Neither,
27989,33474,Sally has \( \frac{2}{3} \) of a whole cake in the fridge. Robert eats \( \frac{1}{3} \) of this piece. What fraction of the whole cake has Robert eaten? Choose the number sentence that would solve the word problem.,\( \frac{2}{3}-\frac{1}{3} \),sally has 2/3 of a whole cake and robert eats 1/3 which would mean that there is 1/3 left so it would be 2/3 - 1/3,False_Misconception,Subtraction
27990,33474,Sally has \( \frac{2}{3} \) of a whole cake in the fridge. Robert eats \( \frac{1}{3} \) of this piece. What fraction of the whole cake has Robert eaten? Choose the number sentence that would solve the word problem.,\( \frac{2}{3}-\frac{1}{3} \),sally has 2/3 of cake robert eats 1/3 of the 2/3 so you have ton do 2/3 -1/3,False_Misconception,Subtraction
27991,33474,Sally has \( \frac{2}{3} \) of a whole cake in the fridge. Robert eats \( \frac{1}{3} \) of this piece. What fraction of the whole cake has Robert eaten? Choose the number sentence that would solve the word problem.,\( \frac{2}{3}-\frac{1}{3} \),sally has 2/3 of her cake and robert takes a piece of it so therefore d is the answer,False_Misconception,Subtraction
27992,33474,Sally has \( \frac{2}{3} \) of a whole cake in the fridge. Robert eats \( \frac{1}{3} \) of this piece. What fraction of the whole cake has Robert eaten? Choose the number sentence that would solve the word problem.,\( \frac{2}{3}-\frac{1}{3} \),"sally has 2/3, robert takes away 1/3, 2/3 - 1/3",False_Misconception,Subtraction
27993,33474,Sally has \( \frac{2}{3} \) of a whole cake in the fridge. Robert eats \( \frac{1}{3} \) of this piece. What fraction of the whole cake has Robert eaten? Choose the number sentence that would solve the word problem.,\( \frac{2}{3}-\frac{1}{3} \),sally has eaten 2/3 which leaves 1/3 left so it would be minus,False_Misconception,Subtraction
27994,33474,Sally has \( \frac{2}{3} \) of a whole cake in the fridge. Robert eats \( \frac{1}{3} \) of this piece. What fraction of the whole cake has Robert eaten? Choose the number sentence that would solve the word problem.,\( \frac{2}{3}-\frac{1}{3} \),sally started of with 2/3 and robert had eaten a quarter mean its 1-2 which is 1/3,False_Misconception,Subtraction
27995,33474,Sally has \( \frac{2}{3} \) of a whole cake in the fridge. Robert eats \( \frac{1}{3} \) of this piece. What fraction of the whole cake has Robert eaten? Choose the number sentence that would solve the word problem.,\( \frac{2}{3}-\frac{1}{3} \),she ate one third of the cake so u have to take away.,False_Misconception,Subtraction
27996,33474,Sally has \( \frac{2}{3} \) of a whole cake in the fridge. Robert eats \( \frac{1}{3} \) of this piece. What fraction of the whole cake has Robert eaten? Choose the number sentence that would solve the word problem.,\( \frac{2}{3}-\frac{1}{3} \),she has 2/3 and 1/3 is taken away so you take it away,False_Misconception,Subtraction
27997,33474,Sally has \( \frac{2}{3} \) of a whole cake in the fridge. Robert eats \( \frac{1}{3} \) of this piece. What fraction of the whole cake has Robert eaten? Choose the number sentence that would solve the word problem.,\( \frac{2}{3}-\frac{1}{3} \),she has 2/3 and he eats 1/3 so you take it away,False_Misconception,Subtraction
27998,33474,Sally has \( \frac{2}{3} \) of a whole cake in the fridge. Robert eats \( \frac{1}{3} \) of this piece. What fraction of the whole cake has Robert eaten? Choose the number sentence that would solve the word problem.,\( \frac{2}{3}-\frac{1}{3} \),she has 2/3 and you take his 1/3 from that so its a minus,False_Misconception,Subtraction
27999,33474,Sally has \( \frac{2}{3} \) of a whole cake in the fridge. Robert eats \( \frac{1}{3} \) of this piece. What fraction of the whole cake has Robert eaten? Choose the number sentence that would solve the word problem.,\( \frac{2}{3}-\frac{1}{3} \),she has the amount and robert eats some of it so he has to minus the total amount.,False_Neither,
28000,33474,Sally has \( \frac{2}{3} \) of a whole cake in the fridge. Robert eats \( \frac{1}{3} \) of this piece. What fraction of the whole cake has Robert eaten? Choose the number sentence that would solve the word problem.,\( \frac{2}{3}-\frac{1}{3} \),she has two thirds of a cake and robert eats one third which is two thirds takeaway one third,False_Misconception,Subtraction
28001,33474,Sally has \( \frac{2}{3} \) of a whole cake in the fridge. Robert eats \( \frac{1}{3} \) of this piece. What fraction of the whole cake has Robert eaten? Choose the number sentence that would solve the word problem.,\( \frac{2}{3}-\frac{1}{3} \),she’s got 2/3 and you’re taking away one third so that would give you your answer,False_Misconception,Subtraction
28002,33474,Sally has \( \frac{2}{3} \) of a whole cake in the fridge. Robert eats \( \frac{1}{3} \) of this piece. What fraction of the whole cake has Robert eaten? Choose the number sentence that would solve the word problem.,\( \frac{2}{3}-\frac{1}{3} \),since robert eats 1/3 it would become 2/3-1/3,False_Misconception,Subtraction
28003,33474,Sally has \( \frac{2}{3} \) of a whole cake in the fridge. Robert eats \( \frac{1}{3} \) of this piece. What fraction of the whole cake has Robert eaten? Choose the number sentence that would solve the word problem.,\( \frac{2}{3}-\frac{1}{3} \),"since robert is eating 1/3 of it, it would become 2/3-1/3",False_Neither,
28004,33474,Sally has \( \frac{2}{3} \) of a whole cake in the fridge. Robert eats \( \frac{1}{3} \) of this piece. What fraction of the whole cake has Robert eaten? Choose the number sentence that would solve the word problem.,\( \frac{2}{3}-\frac{1}{3} \),since they have the same denominator 2/3-1/3=1/3,False_Misconception,Subtraction
28005,33474,Sally has \( \frac{2}{3} \) of a whole cake in the fridge. Robert eats \( \frac{1}{3} \) of this piece. What fraction of the whole cake has Robert eaten? Choose the number sentence that would solve the word problem.,\( \frac{2}{3}-\frac{1}{3} \),so you have tecontlny have 2and you need to take away1and are the 3denominated on top,False_Neither,
28006,33474,Sally has \( \frac{2}{3} \) of a whole cake in the fridge. Robert eats \( \frac{1}{3} \) of this piece. What fraction of the whole cake has Robert eaten? Choose the number sentence that would solve the word problem.,\( \frac{2}{3}-\frac{1}{3} \),some of the cake has been eaten so you have to use take away.,False_Misconception,Subtraction
28007,33474,Sally has \( \frac{2}{3} \) of a whole cake in the fridge. Robert eats \( \frac{1}{3} \) of this piece. What fraction of the whole cake has Robert eaten? Choose the number sentence that would solve the word problem.,\( \frac{2}{3}-\frac{1}{3} \),sslly has 2/3 of cake robert eats 1/3 of the 2/3 so u have to do 2/3 - 1/3,False_Misconception,Subtraction
28008,33474,Sally has \( \frac{2}{3} \) of a whole cake in the fridge. Robert eats \( \frac{1}{3} \) of this piece. What fraction of the whole cake has Robert eaten? Choose the number sentence that would solve the word problem.,\( \frac{2}{3}-\frac{1}{3} \),take away 1/3 from 2/3 because robert ate one third of the cake.,False_Misconception,Subtraction
28009,33474,Sally has \( \frac{2}{3} \) of a whole cake in the fridge. Robert eats \( \frac{1}{3} \) of this piece. What fraction of the whole cake has Robert eaten? Choose the number sentence that would solve the word problem.,\( \frac{2}{3}-\frac{1}{3} \),that is what happend so it has to be the answere,False_Neither,
28010,33474,Sally has \( \frac{2}{3} \) of a whole cake in the fridge. Robert eats \( \frac{1}{3} \) of this piece. What fraction of the whole cake has Robert eaten? Choose the number sentence that would solve the word problem.,\( \frac{2}{3}-\frac{1}{3} \),that's what u get if u subtact 2 by 1,False_Misconception,Subtraction
28011,33474,Sally has \( \frac{2}{3} \) of a whole cake in the fridge. Robert eats \( \frac{1}{3} \) of this piece. What fraction of the whole cake has Robert eaten? Choose the number sentence that would solve the word problem.,\( \frac{2}{3}-\frac{1}{3} \),the 2/3 have taken away 1/3 so it would be 2/3-1/3.,False_Misconception,Subtraction
28012,33474,Sally has \( \frac{2}{3} \) of a whole cake in the fridge. Robert eats \( \frac{1}{3} \) of this piece. What fraction of the whole cake has Robert eaten? Choose the number sentence that would solve the word problem.,\( \frac{2}{3}-\frac{1}{3} \),the answer is 1/3 and 2/3 - 1/3 equals 1/3,False_Misconception,Subtraction
28013,33474,Sally has \( \frac{2}{3} \) of a whole cake in the fridge. Robert eats \( \frac{1}{3} \) of this piece. What fraction of the whole cake has Robert eaten? Choose the number sentence that would solve the word problem.,\( \frac{2}{3}-\frac{1}{3} \),the answer is d because 2/3 - 1/3 = 1/3 and sally only had 2/3 of a cake so robert would only have eaten 1/3.,False_Misconception,Subtraction
28014,33474,Sally has \( \frac{2}{3} \) of a whole cake in the fridge. Robert eats \( \frac{1}{3} \) of this piece. What fraction of the whole cake has Robert eaten? Choose the number sentence that would solve the word problem.,\( \frac{2}{3}-\frac{1}{3} \),the answer is d because 2/3 take away 1/3 is 1/3,False_Misconception,Subtraction
28015,33474,Sally has \( \frac{2}{3} \) of a whole cake in the fridge. Robert eats \( \frac{1}{3} \) of this piece. What fraction of the whole cake has Robert eaten? Choose the number sentence that would solve the word problem.,\( \frac{2}{3}-\frac{1}{3} \),the answer is d because robert ate 1/3 of 2/3 so the equation is 2/3-1/3 so in conclusion the answer is d.,False_Misconception,Subtraction
28016,33474,Sally has \( \frac{2}{3} \) of a whole cake in the fridge. Robert eats \( \frac{1}{3} \) of this piece. What fraction of the whole cake has Robert eaten? Choose the number sentence that would solve the word problem.,\( \frac{2}{3}-\frac{1}{3} \),the answer is d because the answer for the equation is 1/3 and that is the fraction of the whole cake robert has eaten,False_Misconception,Subtraction
28017,33474,Sally has \( \frac{2}{3} \) of a whole cake in the fridge. Robert eats \( \frac{1}{3} \) of this piece. What fraction of the whole cake has Robert eaten? Choose the number sentence that would solve the word problem.,\( \frac{2}{3}-\frac{1}{3} \),the answer is d because you are subtracting because he has eaten one half of the cake 🍰.,False_Neither,
28018,33474,Sally has \( \frac{2}{3} \) of a whole cake in the fridge. Robert eats \( \frac{1}{3} \) of this piece. What fraction of the whole cake has Robert eaten? Choose the number sentence that would solve the word problem.,\( \frac{2}{3}-\frac{1}{3} \),the answer is d because you have to find out the difference,False_Misconception,Division
28019,33474,Sally has \( \frac{2}{3} \) of a whole cake in the fridge. Robert eats \( \frac{1}{3} \) of this piece. What fraction of the whole cake has Robert eaten? Choose the number sentence that would solve the word problem.,\( \frac{2}{3}-\frac{1}{3} \),the answer to d is 1/3 and 2/3 _1/3 is 1/3,False_Misconception,Subtraction
28020,33474,Sally has \( \frac{2}{3} \) of a whole cake in the fridge. Robert eats \( \frac{1}{3} \) of this piece. What fraction of the whole cake has Robert eaten? Choose the number sentence that would solve the word problem.,\( \frac{2}{3}-\frac{1}{3} \),the answer to this question is d because if you need to have 1/3 away from 2/3 it is the same as 2/3-1/3.,False_Misconception,Subtraction
28021,33474,Sally has \( \frac{2}{3} \) of a whole cake in the fridge. Robert eats \( \frac{1}{3} \) of this piece. What fraction of the whole cake has Robert eaten? Choose the number sentence that would solve the word problem.,\( \frac{2}{3}-\frac{1}{3} \),the both have 3 at the bottom so its easier,False_Neither,
28022,33474,Sally has \( \frac{2}{3} \) of a whole cake in the fridge. Robert eats \( \frac{1}{3} \) of this piece. What fraction of the whole cake has Robert eaten? Choose the number sentence that would solve the word problem.,\( \frac{2}{3}-\frac{1}{3} \),the cake has got smaller because a piece has been taken away,False_Misconception,Subtraction
28023,33474,Sally has \( \frac{2}{3} \) of a whole cake in the fridge. Robert eats \( \frac{1}{3} \) of this piece. What fraction of the whole cake has Robert eaten? Choose the number sentence that would solve the word problem.,\( \frac{2}{3}-\frac{1}{3} \),the cake started 2/3 and he only ate 1/3,False_Neither,
28024,33474,Sally has \( \frac{2}{3} \) of a whole cake in the fridge. Robert eats \( \frac{1}{3} \) of this piece. What fraction of the whole cake has Robert eaten? Choose the number sentence that would solve the word problem.,\( \frac{2}{3}-\frac{1}{3} \),the cake started of with 2/3 then robert ate 1/3 so you are taking away.,False_Misconception,Subtraction
28025,33474,Sally has \( \frac{2}{3} \) of a whole cake in the fridge. Robert eats \( \frac{1}{3} \) of this piece. What fraction of the whole cake has Robert eaten? Choose the number sentence that would solve the word problem.,\( \frac{2}{3}-\frac{1}{3} \),"the correct number sentence to solve the word problem should be d, 2/3 - 1/3. the answer would be 1/3.",False_Misconception,Subtraction
28026,33474,Sally has \( \frac{2}{3} \) of a whole cake in the fridge. Robert eats \( \frac{1}{3} \) of this piece. What fraction of the whole cake has Robert eaten? Choose the number sentence that would solve the word problem.,\( \frac{2}{3}-\frac{1}{3} \),the denominator stays the same and the numerater is different,False_Neither,
28027,33474,Sally has \( \frac{2}{3} \) of a whole cake in the fridge. Robert eats \( \frac{1}{3} \) of this piece. What fraction of the whole cake has Robert eaten? Choose the number sentence that would solve the word problem.,\( \frac{2}{3}-\frac{1}{3} \),the denominators are both the same so you just need to subtract the numerators. 2 - 1 = 1,False_Misconception,Subtraction
28028,33474,Sally has \( \frac{2}{3} \) of a whole cake in the fridge. Robert eats \( \frac{1}{3} \) of this piece. What fraction of the whole cake has Robert eaten? Choose the number sentence that would solve the word problem.,\( \frac{2}{3}-\frac{1}{3} \),the number sentence would be d because he has eaten so it would be a subtraction.,False_Misconception,Subtraction
28029,33474,Sally has \( \frac{2}{3} \) of a whole cake in the fridge. Robert eats \( \frac{1}{3} \) of this piece. What fraction of the whole cake has Robert eaten? Choose the number sentence that would solve the word problem.,\( \frac{2}{3}-\frac{1}{3} \),"the original amount ( 2/3) minus what robert ate ( 1/3) , the number sentence will be 2/3 - 1/3 which is d.",False_Misconception,Subtraction
28030,33474,Sally has \( \frac{2}{3} \) of a whole cake in the fridge. Robert eats \( \frac{1}{3} \) of this piece. What fraction of the whole cake has Robert eaten? Choose the number sentence that would solve the word problem.,\( \frac{2}{3}-\frac{1}{3} \),the reason is because he eats 1/3 so you have to take away,False_Misconception,Subtraction
28031,33474,Sally has \( \frac{2}{3} \) of a whole cake in the fridge. Robert eats \( \frac{1}{3} \) of this piece. What fraction of the whole cake has Robert eaten? Choose the number sentence that would solve the word problem.,\( \frac{2}{3}-\frac{1}{3} \),the whole cake has 3 pieces and robert has eaten one piece .,False_Neither,
28032,33474,Sally has \( \frac{2}{3} \) of a whole cake in the fridge. Robert eats \( \frac{1}{3} \) of this piece. What fraction of the whole cake has Robert eaten? Choose the number sentence that would solve the word problem.,\( \frac{2}{3}-\frac{1}{3} \),the whole cake is 3/3 so he has eaten 1/3 of the whole cake and 2/3 - 1/3 = 1/3,False_Misconception,Subtraction
28033,33474,Sally has \( \frac{2}{3} \) of a whole cake in the fridge. Robert eats \( \frac{1}{3} \) of this piece. What fraction of the whole cake has Robert eaten? Choose the number sentence that would solve the word problem.,\( \frac{2}{3}-\frac{1}{3} \),their is2/3 of the cake and because robert ate 1/3 you must take away 1/3 from 2/3,False_Misconception,Subtraction
28034,33474,Sally has \( \frac{2}{3} \) of a whole cake in the fridge. Robert eats \( \frac{1}{3} \) of this piece. What fraction of the whole cake has Robert eaten? Choose the number sentence that would solve the word problem.,\( \frac{2}{3}-\frac{1}{3} \),"there are 2/3 of cake. if robert eats 1/3, you take away, so the answer is 2/3-1/3",False_Misconception,Subtraction
28035,33474,Sally has \( \frac{2}{3} \) of a whole cake in the fridge. Robert eats \( \frac{1}{3} \) of this piece. What fraction of the whole cake has Robert eaten? Choose the number sentence that would solve the word problem.,\( \frac{2}{3}-\frac{1}{3} \),there are 2/3 of the cake in the fridge and he eats 1/3 and 2/3 - 1/3 = 1/3.,False_Misconception,Subtraction
28036,33474,Sally has \( \frac{2}{3} \) of a whole cake in the fridge. Robert eats \( \frac{1}{3} \) of this piece. What fraction of the whole cake has Robert eaten? Choose the number sentence that would solve the word problem.,\( \frac{2}{3}-\frac{1}{3} \),there are 2/3 which robert is going to take from so he is taking away,False_Misconception,Subtraction
28037,33474,Sally has \( \frac{2}{3} \) of a whole cake in the fridge. Robert eats \( \frac{1}{3} \) of this piece. What fraction of the whole cake has Robert eaten? Choose the number sentence that would solve the word problem.,\( \frac{2}{3}-\frac{1}{3} \),"there are 2/3, robert eats 1/3, meaning there is 1/3 less of the piece=-1/3=2/3-1/3",False_Misconception,Subtraction
28038,33474,Sally has \( \frac{2}{3} \) of a whole cake in the fridge. Robert eats \( \frac{1}{3} \) of this piece. What fraction of the whole cake has Robert eaten? Choose the number sentence that would solve the word problem.,\( \frac{2}{3}-\frac{1}{3} \),"there are 2/3. if he eats 1/3 then you get 1/3. there are two possible answers but the way the question is worded you can only pick d,not b.",False_Neither,
28039,33474,Sally has \( \frac{2}{3} \) of a whole cake in the fridge. Robert eats \( \frac{1}{3} \) of this piece. What fraction of the whole cake has Robert eaten? Choose the number sentence that would solve the word problem.,\( \frac{2}{3}-\frac{1}{3} \),there are two bits and he ate one,False_Neither,
28040,33474,Sally has \( \frac{2}{3} \) of a whole cake in the fridge. Robert eats \( \frac{1}{3} \) of this piece. What fraction of the whole cake has Robert eaten? Choose the number sentence that would solve the word problem.,\( \frac{2}{3}-\frac{1}{3} \),there is 1/3 left because robert ate 1/2 of the cake,False_Neither,
28041,33474,Sally has \( \frac{2}{3} \) of a whole cake in the fridge. Robert eats \( \frac{1}{3} \) of this piece. What fraction of the whole cake has Robert eaten? Choose the number sentence that would solve the word problem.,\( \frac{2}{3}-\frac{1}{3} \),there is 1/3 of the cake left,False_Neither,
28042,33474,Sally has \( \frac{2}{3} \) of a whole cake in the fridge. Robert eats \( \frac{1}{3} \) of this piece. What fraction of the whole cake has Robert eaten? Choose the number sentence that would solve the word problem.,\( \frac{2}{3}-\frac{1}{3} \),there is 2/3 and you need to subtract 1/3.this leaves you with 1/3 2/3-1/3=1/3,False_Misconception,Subtraction
28043,33474,Sally has \( \frac{2}{3} \) of a whole cake in the fridge. Robert eats \( \frac{1}{3} \) of this piece. What fraction of the whole cake has Robert eaten? Choose the number sentence that would solve the word problem.,\( \frac{2}{3}-\frac{1}{3} \),there is 2/3 in the fridge and he eats 1/3 so it takeaway,False_Misconception,Subtraction
28044,33474,Sally has \( \frac{2}{3} \) of a whole cake in the fridge. Robert eats \( \frac{1}{3} \) of this piece. What fraction of the whole cake has Robert eaten? Choose the number sentence that would solve the word problem.,\( \frac{2}{3}-\frac{1}{3} \),there is 2/3 of a cake and you find out the fraction than robert ate by doing 2/3 - 1/3,False_Neither,
28045,33474,Sally has \( \frac{2}{3} \) of a whole cake in the fridge. Robert eats \( \frac{1}{3} \) of this piece. What fraction of the whole cake has Robert eaten? Choose the number sentence that would solve the word problem.,\( \frac{2}{3}-\frac{1}{3} \),there is 2/3 of a cake left and he ate 1/3 so you subtract.,False_Neither,
28046,33474,Sally has \( \frac{2}{3} \) of a whole cake in the fridge. Robert eats \( \frac{1}{3} \) of this piece. What fraction of the whole cake has Robert eaten? Choose the number sentence that would solve the word problem.,\( \frac{2}{3}-\frac{1}{3} \),"there is only two thirds there, so if he eats 1/3 of that amount then you would subtract 1/3 from 2/3",False_Misconception,Subtraction
28047,33474,Sally has \( \frac{2}{3} \) of a whole cake in the fridge. Robert eats \( \frac{1}{3} \) of this piece. What fraction of the whole cake has Robert eaten? Choose the number sentence that would solve the word problem.,\( \frac{2}{3}-\frac{1}{3} \),there is two thirds and one third is taken away,False_Misconception,Subtraction
28048,33474,Sally has \( \frac{2}{3} \) of a whole cake in the fridge. Robert eats \( \frac{1}{3} \) of this piece. What fraction of the whole cake has Robert eaten? Choose the number sentence that would solve the word problem.,\( \frac{2}{3}-\frac{1}{3} \),there was 2 3s and he ate 1 3rd,False_Neither,
28049,33474,Sally has \( \frac{2}{3} \) of a whole cake in the fridge. Robert eats \( \frac{1}{3} \) of this piece. What fraction of the whole cake has Robert eaten? Choose the number sentence that would solve the word problem.,\( \frac{2}{3}-\frac{1}{3} \),there was 2/3 he ate 1/3 so there was 1/3 left,False_Misconception,Subtraction
28050,33474,Sally has \( \frac{2}{3} \) of a whole cake in the fridge. Robert eats \( \frac{1}{3} \) of this piece. What fraction of the whole cake has Robert eaten? Choose the number sentence that would solve the word problem.,\( \frac{2}{3}-\frac{1}{3} \),there was 2/3 in the fridge and robert ate 1/3 of that so you have to do 2/3-1/3,False_Neither,
28051,33474,Sally has \( \frac{2}{3} \) of a whole cake in the fridge. Robert eats \( \frac{1}{3} \) of this piece. What fraction of the whole cake has Robert eaten? Choose the number sentence that would solve the word problem.,\( \frac{2}{3}-\frac{1}{3} \),there was 2/3 of the cake originally and 1/3 was taken away,False_Misconception,Subtraction
28052,33474,Sally has \( \frac{2}{3} \) of a whole cake in the fridge. Robert eats \( \frac{1}{3} \) of this piece. What fraction of the whole cake has Robert eaten? Choose the number sentence that would solve the word problem.,\( \frac{2}{3}-\frac{1}{3} \),there was 2/3 of the cake so if you eat 1/3 you are left with 1/3,False_Misconception,Subtraction
28053,33474,Sally has \( \frac{2}{3} \) of a whole cake in the fridge. Robert eats \( \frac{1}{3} \) of this piece. What fraction of the whole cake has Robert eaten? Choose the number sentence that would solve the word problem.,\( \frac{2}{3}-\frac{1}{3} \),there was 2/3 then he took 1/3 so that would be 2/3 - 1/3,False_Misconception,Subtraction
28054,33474,Sally has \( \frac{2}{3} \) of a whole cake in the fridge. Robert eats \( \frac{1}{3} \) of this piece. What fraction of the whole cake has Robert eaten? Choose the number sentence that would solve the word problem.,\( \frac{2}{3}-\frac{1}{3} \),there was two thirds to start with.robert ate one third of the cake so the question that would answer this question would be two thirds minus one third.,False_Neither,
28055,33474,Sally has \( \frac{2}{3} \) of a whole cake in the fridge. Robert eats \( \frac{1}{3} \) of this piece. What fraction of the whole cake has Robert eaten? Choose the number sentence that would solve the word problem.,\( \frac{2}{3}-\frac{1}{3} \),there were 2 thirds and he ate a third so now there is 1 third,False_Misconception,Subtraction
28056,33474,Sally has \( \frac{2}{3} \) of a whole cake in the fridge. Robert eats \( \frac{1}{3} \) of this piece. What fraction of the whole cake has Robert eaten? Choose the number sentence that would solve the word problem.,\( \frac{2}{3}-\frac{1}{3} \),there were 2/3 of the cake and robert eats 1/3,False_Neither,
28057,33474,Sally has \( \frac{2}{3} \) of a whole cake in the fridge. Robert eats \( \frac{1}{3} \) of this piece. What fraction of the whole cake has Robert eaten? Choose the number sentence that would solve the word problem.,\( \frac{2}{3}-\frac{1}{3} \),there were originally 2/3 of the cake and robert ate 1/3 so the final amount of cake is 2/3 -1/3,False_Neither,
28058,33474,Sally has \( \frac{2}{3} \) of a whole cake in the fridge. Robert eats \( \frac{1}{3} \) of this piece. What fraction of the whole cake has Robert eaten? Choose the number sentence that would solve the word problem.,\( \frac{2}{3}-\frac{1}{3} \),there would be 1third left after robert eating a slice,False_Neither,
28059,33474,Sally has \( \frac{2}{3} \) of a whole cake in the fridge. Robert eats \( \frac{1}{3} \) of this piece. What fraction of the whole cake has Robert eaten? Choose the number sentence that would solve the word problem.,\( \frac{2}{3}-\frac{1}{3} \),there's 2/3 in fridge take away 1/3,False_Misconception,Subtraction
28060,33474,Sally has \( \frac{2}{3} \) of a whole cake in the fridge. Robert eats \( \frac{1}{3} \) of this piece. What fraction of the whole cake has Robert eaten? Choose the number sentence that would solve the word problem.,\( \frac{2}{3}-\frac{1}{3} \),there's used to be 3/3 but now there is 2/3 but they eat 1/3 so 2/3 -1/3 = 1/3,False_Misconception,Subtraction
28061,33474,Sally has \( \frac{2}{3} \) of a whole cake in the fridge. Robert eats \( \frac{1}{3} \) of this piece. What fraction of the whole cake has Robert eaten? Choose the number sentence that would solve the word problem.,\( \frac{2}{3}-\frac{1}{3} \),this is as 2 thirds takeaway 1 third =1 third,False_Misconception,Subtraction
28062,33474,Sally has \( \frac{2}{3} \) of a whole cake in the fridge. Robert eats \( \frac{1}{3} \) of this piece. What fraction of the whole cake has Robert eaten? Choose the number sentence that would solve the word problem.,\( \frac{2}{3}-\frac{1}{3} \),this is because 2/3 minus 1/3 is 1/3 and the word problem i chose is the only one that shows that,False_Misconception,Subtraction
28063,33474,Sally has \( \frac{2}{3} \) of a whole cake in the fridge. Robert eats \( \frac{1}{3} \) of this piece. What fraction of the whole cake has Robert eaten? Choose the number sentence that would solve the word problem.,\( \frac{2}{3}-\frac{1}{3} \),"this is because 2/3 of the cake are left, therefore if robert eats another 1/3 this 1/3 has to be subtracted from the original 2/3",False_Neither,
28064,33474,Sally has \( \frac{2}{3} \) of a whole cake in the fridge. Robert eats \( \frac{1}{3} \) of this piece. What fraction of the whole cake has Robert eaten? Choose the number sentence that would solve the word problem.,\( \frac{2}{3}-\frac{1}{3} \),this is because he eats the cake so he is subtracting.,False_Misconception,Subtraction
28065,33474,Sally has \( \frac{2}{3} \) of a whole cake in the fridge. Robert eats \( \frac{1}{3} \) of this piece. What fraction of the whole cake has Robert eaten? Choose the number sentence that would solve the word problem.,\( \frac{2}{3}-\frac{1}{3} \),this is because sally had 2/3 and 1/3 is taken away.,False_Misconception,Subtraction
28066,33474,Sally has \( \frac{2}{3} \) of a whole cake in the fridge. Robert eats \( \frac{1}{3} \) of this piece. What fraction of the whole cake has Robert eaten? Choose the number sentence that would solve the word problem.,\( \frac{2}{3}-\frac{1}{3} \),this is because sally has 2/3 of a cake. robert then eats 1/3. to work out how much he ate you would do 2/3 - 1/3.,False_Neither,
28067,33474,Sally has \( \frac{2}{3} \) of a whole cake in the fridge. Robert eats \( \frac{1}{3} \) of this piece. What fraction of the whole cake has Robert eaten? Choose the number sentence that would solve the word problem.,\( \frac{2}{3}-\frac{1}{3} \),this is because there in total were 2 3rds 1 3rd.,False_Neither,
28068,33474,Sally has \( \frac{2}{3} \) of a whole cake in the fridge. Robert eats \( \frac{1}{3} \) of this piece. What fraction of the whole cake has Robert eaten? Choose the number sentence that would solve the word problem.,\( \frac{2}{3}-\frac{1}{3} \),this is because there was 2/3 in the fridge and robert ate 1/3. it is subtracting what robert ate of the cake.,False_Misconception,Subtraction
28069,33474,Sally has \( \frac{2}{3} \) of a whole cake in the fridge. Robert eats \( \frac{1}{3} \) of this piece. What fraction of the whole cake has Robert eaten? Choose the number sentence that would solve the word problem.,\( \frac{2}{3}-\frac{1}{3} \),this is the answer because 2/3-1/3=1/3 and the formula is 2/3-1/3,False_Misconception,Subtraction
28070,33474,Sally has \( \frac{2}{3} \) of a whole cake in the fridge. Robert eats \( \frac{1}{3} \) of this piece. What fraction of the whole cake has Robert eaten? Choose the number sentence that would solve the word problem.,\( \frac{2}{3}-\frac{1}{3} \),"this is the answer because if sally has 2/3 of a cake and robert eats a 1/3 of it, he is, in essence, taking away from the whole of the cake, so minus is the only viable answer",False_Misconception,Subtraction
28071,33474,Sally has \( \frac{2}{3} \) of a whole cake in the fridge. Robert eats \( \frac{1}{3} \) of this piece. What fraction of the whole cake has Robert eaten? Choose the number sentence that would solve the word problem.,\( \frac{2}{3}-\frac{1}{3} \),this is the answer because sally starts with 2/3 of a cake then robert eats 1/3 so it means the number sentence is 2/3 - 1/3.,False_Misconception,Subtraction
28072,33474,Sally has \( \frac{2}{3} \) of a whole cake in the fridge. Robert eats \( \frac{1}{3} \) of this piece. What fraction of the whole cake has Robert eaten? Choose the number sentence that would solve the word problem.,\( \frac{2}{3}-\frac{1}{3} \),this is the answer because you need to figure out the fraction of the cake when half of the portion of the cake had been taken.,False_Misconception,Subtraction
28073,33474,Sally has \( \frac{2}{3} \) of a whole cake in the fridge. Robert eats \( \frac{1}{3} \) of this piece. What fraction of the whole cake has Robert eaten? Choose the number sentence that would solve the word problem.,\( \frac{2}{3}-\frac{1}{3} \),this would solve this question because if you take what robert ate away from 2/3 it gives you the answer of 1/0,False_Neither,
28074,33474,Sally has \( \frac{2}{3} \) of a whole cake in the fridge. Robert eats \( \frac{1}{3} \) of this piece. What fraction of the whole cake has Robert eaten? Choose the number sentence that would solve the word problem.,\( \frac{2}{3}-\frac{1}{3} \),to find the answer you must subtract the amount originally had by the amount taken away.,False_Misconception,Subtraction
28075,33474,Sally has \( \frac{2}{3} \) of a whole cake in the fridge. Robert eats \( \frac{1}{3} \) of this piece. What fraction of the whole cake has Robert eaten? Choose the number sentence that would solve the word problem.,\( \frac{2}{3}-\frac{1}{3} \),"to solve it, you would have to do 2/3 - 1/3.",False_Neither,
28076,33474,Sally has \( \frac{2}{3} \) of a whole cake in the fridge. Robert eats \( \frac{1}{3} \) of this piece. What fraction of the whole cake has Robert eaten? Choose the number sentence that would solve the word problem.,\( \frac{2}{3}-\frac{1}{3} \),to work it out you would take it away because it says he eats and when he eats something it goes,False_Misconception,Subtraction
28077,33474,Sally has \( \frac{2}{3} \) of a whole cake in the fridge. Robert eats \( \frac{1}{3} \) of this piece. What fraction of the whole cake has Robert eaten? Choose the number sentence that would solve the word problem.,\( \frac{2}{3}-\frac{1}{3} \),two thirds - one third is one third,False_Misconception,Subtraction
28078,33474,Sally has \( \frac{2}{3} \) of a whole cake in the fridge. Robert eats \( \frac{1}{3} \) of this piece. What fraction of the whole cake has Robert eaten? Choose the number sentence that would solve the word problem.,\( \frac{2}{3}-\frac{1}{3} \),"two thirds left, minus one third that robert has eaten.",False_Neither,
28079,33474,Sally has \( \frac{2}{3} \) of a whole cake in the fridge. Robert eats \( \frac{1}{3} \) of this piece. What fraction of the whole cake has Robert eaten? Choose the number sentence that would solve the word problem.,\( \frac{2}{3}-\frac{1}{3} \),"two thirds take one third is a third, and that's how much cake he ate.",False_Misconception,Subtraction
28080,33474,Sally has \( \frac{2}{3} \) of a whole cake in the fridge. Robert eats \( \frac{1}{3} \) of this piece. What fraction of the whole cake has Robert eaten? Choose the number sentence that would solve the word problem.,\( \frac{2}{3}-\frac{1}{3} \),um so 2 is the cake at the moment um so they -- eat one third of it so the calculation is 3 2/3 - 1/3,False_Misconception,Subtraction
28081,33474,Sally has \( \frac{2}{3} \) of a whole cake in the fridge. Robert eats \( \frac{1}{3} \) of this piece. What fraction of the whole cake has Robert eaten? Choose the number sentence that would solve the word problem.,\( \frac{2}{3}-\frac{1}{3} \),we know he has eaten 1/3 of the cake and the only calculation that gets that answer is d.,False_Misconception,Subtraction
28082,33474,Sally has \( \frac{2}{3} \) of a whole cake in the fridge. Robert eats \( \frac{1}{3} \) of this piece. What fraction of the whole cake has Robert eaten? Choose the number sentence that would solve the word problem.,\( \frac{2}{3}-\frac{1}{3} \),well if he eats one third of two thirds it kind of has to be d,False_Neither,
28083,33474,Sally has \( \frac{2}{3} \) of a whole cake in the fridge. Robert eats \( \frac{1}{3} \) of this piece. What fraction of the whole cake has Robert eaten? Choose the number sentence that would solve the word problem.,\( \frac{2}{3}-\frac{1}{3} \),well if one third was eaten then it would be gone.,False_Neither,
28084,33474,Sally has \( \frac{2}{3} \) of a whole cake in the fridge. Robert eats \( \frac{1}{3} \) of this piece. What fraction of the whole cake has Robert eaten? Choose the number sentence that would solve the word problem.,\( \frac{2}{3}-\frac{1}{3} \),well she started off with two thirds and then one of those three pieces will be taken away and leaves her with one third remaining,False_Misconception,Subtraction
28085,33474,Sally has \( \frac{2}{3} \) of a whole cake in the fridge. Robert eats \( \frac{1}{3} \) of this piece. What fraction of the whole cake has Robert eaten? Choose the number sentence that would solve the word problem.,\( \frac{2}{3}-\frac{1}{3} \),what fraction of the whole cake has robert eaten not 2/3 so 2/3-1/3 = 1/3,False_Misconception,Subtraction
28086,33474,Sally has \( \frac{2}{3} \) of a whole cake in the fridge. Robert eats \( \frac{1}{3} \) of this piece. What fraction of the whole cake has Robert eaten? Choose the number sentence that would solve the word problem.,\( \frac{2}{3}-\frac{1}{3} \),when he eats a piece it has been taken away,False_Misconception,Subtraction
28087,33474,Sally has \( \frac{2}{3} \) of a whole cake in the fridge. Robert eats \( \frac{1}{3} \) of this piece. What fraction of the whole cake has Robert eaten? Choose the number sentence that would solve the word problem.,\( \frac{2}{3}-\frac{1}{3} \),when robert is eating it he is essentially taking away one third of the cake. the calculation you should do is two thirds take away one third.,False_Misconception,Subtraction
28088,33474,Sally has \( \frac{2}{3} \) of a whole cake in the fridge. Robert eats \( \frac{1}{3} \) of this piece. What fraction of the whole cake has Robert eaten? Choose the number sentence that would solve the word problem.,\( \frac{2}{3}-\frac{1}{3} \),you are losing a portion of the cake so its subtraction,False_Neither,
28089,33474,Sally has \( \frac{2}{3} \) of a whole cake in the fridge. Robert eats \( \frac{1}{3} \) of this piece. What fraction of the whole cake has Robert eaten? Choose the number sentence that would solve the word problem.,\( \frac{2}{3}-\frac{1}{3} \),you are sopost to 2/3-1/3=1/3= the answer 🏆,False_Misconception,Subtraction
28090,33474,Sally has \( \frac{2}{3} \) of a whole cake in the fridge. Robert eats \( \frac{1}{3} \) of this piece. What fraction of the whole cake has Robert eaten? Choose the number sentence that would solve the word problem.,\( \frac{2}{3}-\frac{1}{3} \),you are taking away 1/3 from 2/3,False_Misconception,Subtraction
28091,33474,Sally has \( \frac{2}{3} \) of a whole cake in the fridge. Robert eats \( \frac{1}{3} \) of this piece. What fraction of the whole cake has Robert eaten? Choose the number sentence that would solve the word problem.,\( \frac{2}{3}-\frac{1}{3} \),you are taking away 1/3 of the 2/3 that was in the fridge,False_Misconception,Subtraction
28092,33474,Sally has \( \frac{2}{3} \) of a whole cake in the fridge. Robert eats \( \frac{1}{3} \) of this piece. What fraction of the whole cake has Robert eaten? Choose the number sentence that would solve the word problem.,\( \frac{2}{3}-\frac{1}{3} \),you are taking away the whole from what he ate,False_Misconception,Subtraction
28093,33474,Sally has \( \frac{2}{3} \) of a whole cake in the fridge. Robert eats \( \frac{1}{3} \) of this piece. What fraction of the whole cake has Robert eaten? Choose the number sentence that would solve the word problem.,\( \frac{2}{3}-\frac{1}{3} \),you are taking away what robert has eaten.,False_Misconception,Subtraction
28094,33474,Sally has \( \frac{2}{3} \) of a whole cake in the fridge. Robert eats \( \frac{1}{3} \) of this piece. What fraction of the whole cake has Robert eaten? Choose the number sentence that would solve the word problem.,\( \frac{2}{3}-\frac{1}{3} \),you are working out what is left,False_Neither,
28095,33474,Sally has \( \frac{2}{3} \) of a whole cake in the fridge. Robert eats \( \frac{1}{3} \) of this piece. What fraction of the whole cake has Robert eaten? Choose the number sentence that would solve the word problem.,\( \frac{2}{3}-\frac{1}{3} \),you do 2 - 1 and you keep the denominator,False_Neither,
28096,33474,Sally has \( \frac{2}{3} \) of a whole cake in the fridge. Robert eats \( \frac{1}{3} \) of this piece. What fraction of the whole cake has Robert eaten? Choose the number sentence that would solve the word problem.,\( \frac{2}{3}-\frac{1}{3} \),"you do not need to multiply, divide or add so it has to be subtract.",False_Neither,
28097,33474,Sally has \( \frac{2}{3} \) of a whole cake in the fridge. Robert eats \( \frac{1}{3} \) of this piece. What fraction of the whole cake has Robert eaten? Choose the number sentence that would solve the word problem.,\( \frac{2}{3}-\frac{1}{3} \),you do this because hes eaten 1/3 out of 2/3,False_Neither,
28098,33474,Sally has \( \frac{2}{3} \) of a whole cake in the fridge. Robert eats \( \frac{1}{3} \) of this piece. What fraction of the whole cake has Robert eaten? Choose the number sentence that would solve the word problem.,\( \frac{2}{3}-\frac{1}{3} \),you had 2/3 and you take away one third because robert took that part,False_Misconception,Subtraction
28099,33474,Sally has \( \frac{2}{3} \) of a whole cake in the fridge. Robert eats \( \frac{1}{3} \) of this piece. What fraction of the whole cake has Robert eaten? Choose the number sentence that would solve the word problem.,\( \frac{2}{3}-\frac{1}{3} \),you had 2/3 of a cake but when takes eats it you are subtracting by 1/3.,False_Misconception,Subtraction
28100,33474,Sally has \( \frac{2}{3} \) of a whole cake in the fridge. Robert eats \( \frac{1}{3} \) of this piece. What fraction of the whole cake has Robert eaten? Choose the number sentence that would solve the word problem.,\( \frac{2}{3}-\frac{1}{3} \),you have 2/3 and someone eats 1/3 you will have 1/3 left,False_Misconception,Subtraction
28101,33474,Sally has \( \frac{2}{3} \) of a whole cake in the fridge. Robert eats \( \frac{1}{3} \) of this piece. What fraction of the whole cake has Robert eaten? Choose the number sentence that would solve the word problem.,\( \frac{2}{3}-\frac{1}{3} \),you have 2/3 and someone eats a 1/3 of it so your left with 1/3. 2/3 - 1/3 = 1/3,False_Misconception,Subtraction
28102,33474,Sally has \( \frac{2}{3} \) of a whole cake in the fridge. Robert eats \( \frac{1}{3} \) of this piece. What fraction of the whole cake has Robert eaten? Choose the number sentence that would solve the word problem.,\( \frac{2}{3}-\frac{1}{3} \),you have 2/3 left minus the part robert ate 1/3 2/3 - 1/3,False_Neither,
28103,33474,Sally has \( \frac{2}{3} \) of a whole cake in the fridge. Robert eats \( \frac{1}{3} \) of this piece. What fraction of the whole cake has Robert eaten? Choose the number sentence that would solve the word problem.,\( \frac{2}{3}-\frac{1}{3} \),"you have 2/3 of a cake, and someone eats 1/3, so it’s decreasing by a third.",False_Misconception,Subtraction
28104,33474,Sally has \( \frac{2}{3} \) of a whole cake in the fridge. Robert eats \( \frac{1}{3} \) of this piece. What fraction of the whole cake has Robert eaten? Choose the number sentence that would solve the word problem.,\( \frac{2}{3}-\frac{1}{3} \),you have 2/3 parts and you just take away the 1/3 he eats.,False_Misconception,Subtraction
28105,33474,Sally has \( \frac{2}{3} \) of a whole cake in the fridge. Robert eats \( \frac{1}{3} \) of this piece. What fraction of the whole cake has Robert eaten? Choose the number sentence that would solve the word problem.,\( \frac{2}{3}-\frac{1}{3} \),you have 2/3 robert eats 1/3 so he takes 1/3 away,False_Misconception,Subtraction
28106,33474,Sally has \( \frac{2}{3} \) of a whole cake in the fridge. Robert eats \( \frac{1}{3} \) of this piece. What fraction of the whole cake has Robert eaten? Choose the number sentence that would solve the word problem.,\( \frac{2}{3}-\frac{1}{3} \),you have to find the remaining amount of fraction so you do 2/3 take away 1/3 and that equals to the answer which is 1/3.,False_Misconception,Subtraction
28107,33474,Sally has \( \frac{2}{3} \) of a whole cake in the fridge. Robert eats \( \frac{1}{3} \) of this piece. What fraction of the whole cake has Robert eaten? Choose the number sentence that would solve the word problem.,\( \frac{2}{3}-\frac{1}{3} \),you have to subtract 1/3 from 2/3 due to it being taken away.,False_Misconception,Subtraction
28108,33474,Sally has \( \frac{2}{3} \) of a whole cake in the fridge. Robert eats \( \frac{1}{3} \) of this piece. What fraction of the whole cake has Robert eaten? Choose the number sentence that would solve the word problem.,\( \frac{2}{3}-\frac{1}{3} \),you have to take away 1/3,False_Misconception,Subtraction
28109,33474,Sally has \( \frac{2}{3} \) of a whole cake in the fridge. Robert eats \( \frac{1}{3} \) of this piece. What fraction of the whole cake has Robert eaten? Choose the number sentence that would solve the word problem.,\( \frac{2}{3}-\frac{1}{3} \),you have to take away what is eaten by the whole amount to see how much robert ate,False_Misconception,Subtraction
28110,33474,Sally has \( \frac{2}{3} \) of a whole cake in the fridge. Robert eats \( \frac{1}{3} \) of this piece. What fraction of the whole cake has Robert eaten? Choose the number sentence that would solve the word problem.,\( \frac{2}{3}-\frac{1}{3} \),you have two thirds then one third gets eaten so the remaining must be one third . therefore the answer the answer is d . #like my answer !!!,False_Misconception,Subtraction
28111,33474,Sally has \( \frac{2}{3} \) of a whole cake in the fridge. Robert eats \( \frac{1}{3} \) of this piece. What fraction of the whole cake has Robert eaten? Choose the number sentence that would solve the word problem.,\( \frac{2}{3}-\frac{1}{3} \),you have yo take away 1/3,False_Misconception,Subtraction
28112,33474,Sally has \( \frac{2}{3} \) of a whole cake in the fridge. Robert eats \( \frac{1}{3} \) of this piece. What fraction of the whole cake has Robert eaten? Choose the number sentence that would solve the word problem.,\( \frac{2}{3}-\frac{1}{3} \),you know that 2/3 add 1/3 =1 whole then you hbo will that 2/3 - 1/3 = 1 whole,False_Neither,
28113,33474,Sally has \( \frac{2}{3} \) of a whole cake in the fridge. Robert eats \( \frac{1}{3} \) of this piece. What fraction of the whole cake has Robert eaten? Choose the number sentence that would solve the word problem.,\( \frac{2}{3}-\frac{1}{3} \),you minus the numerators. 2 minus 1 is 1. you don't minus the denominator,False_Misconception,Subtraction
28114,33474,Sally has \( \frac{2}{3} \) of a whole cake in the fridge. Robert eats \( \frac{1}{3} \) of this piece. What fraction of the whole cake has Robert eaten? Choose the number sentence that would solve the word problem.,\( \frac{2}{3}-\frac{1}{3} \),you need to get to 0/3 and this is how: 1/3 - 2/3 it will take you to the answer,False_Neither,
28115,33474,Sally has \( \frac{2}{3} \) of a whole cake in the fridge. Robert eats \( \frac{1}{3} \) of this piece. What fraction of the whole cake has Robert eaten? Choose the number sentence that would solve the word problem.,\( \frac{2}{3}-\frac{1}{3} \),you need to minis because they just told you what was the part he took from the cake,False_Misconception,Subtraction
28116,33474,Sally has \( \frac{2}{3} \) of a whole cake in the fridge. Robert eats \( \frac{1}{3} \) of this piece. What fraction of the whole cake has Robert eaten? Choose the number sentence that would solve the word problem.,\( \frac{2}{3}-\frac{1}{3} \),you need to take away the fractions.,False_Misconception,Subtraction
28117,33474,Sally has \( \frac{2}{3} \) of a whole cake in the fridge. Robert eats \( \frac{1}{3} \) of this piece. What fraction of the whole cake has Robert eaten? Choose the number sentence that would solve the word problem.,\( \frac{2}{3}-\frac{1}{3} \),you subtract because robert has eaten it.,False_Misconception,Subtraction
28118,33474,Sally has \( \frac{2}{3} \) of a whole cake in the fridge. Robert eats \( \frac{1}{3} \) of this piece. What fraction of the whole cake has Robert eaten? Choose the number sentence that would solve the word problem.,\( \frac{2}{3}-\frac{1}{3} \),you take away when you find what is left,False_Misconception,Subtraction
28119,33474,Sally has \( \frac{2}{3} \) of a whole cake in the fridge. Robert eats \( \frac{1}{3} \) of this piece. What fraction of the whole cake has Robert eaten? Choose the number sentence that would solve the word problem.,\( \frac{2}{3}-\frac{1}{3} \),you want to find how much he has eaten so you just subtract.,False_Misconception,Subtraction
28120,33474,Sally has \( \frac{2}{3} \) of a whole cake in the fridge. Robert eats \( \frac{1}{3} \) of this piece. What fraction of the whole cake has Robert eaten? Choose the number sentence that would solve the word problem.,\( \frac{2}{3}-\frac{1}{3} \),you would take away the amount he has eaten,False_Misconception,Subtraction
28121,33474,Sally has \( \frac{2}{3} \) of a whole cake in the fridge. Robert eats \( \frac{1}{3} \) of this piece. What fraction of the whole cake has Robert eaten? Choose the number sentence that would solve the word problem.,\( \frac{2}{3}-\frac{1}{3} \),you would take the away to get the answer,False_Misconception,Subtraction
