row_id,QuestionId,QuestionText,MC_Answer,StudentExplanation,Category,Misconception
0,31772,What fraction of the shape is not shaded? Give your answer in its simplest form. [Image: A triangle split into 9 equal smaller triangles. 6 of them are shaded.],\( \frac{1}{3} \),0ne third is equal to tree nineth,True_Correct,
1,31772,What fraction of the shape is not shaded? Give your answer in its simplest form. [Image: A triangle split into 9 equal smaller triangles. 6 of them are shaded.],\( \frac{1}{3} \),1 / 3 because 6 over 9 is 2 thirds and 1 third is not shaded.,True_Correct,
2,31772,What fraction of the shape is not shaded? Give your answer in its simplest form. [Image: A triangle split into 9 equal smaller triangles. 6 of them are shaded.],\( \frac{1}{3} \),"1 3rd is half of 3 6th, so it is simplee to understand.",True_Neither,
3,31772,What fraction of the shape is not shaded? Give your answer in its simplest form. [Image: A triangle split into 9 equal smaller triangles. 6 of them are shaded.],\( \frac{1}{3} \),1 goes into everything and 3 goes into nine,True_Neither,
4,31772,What fraction of the shape is not shaded? Give your answer in its simplest form. [Image: A triangle split into 9 equal smaller triangles. 6 of them are shaded.],\( \frac{1}{3} \),1 out of every 3 isn't coloured,True_Correct,
5,31772,What fraction of the shape is not shaded? Give your answer in its simplest form. [Image: A triangle split into 9 equal smaller triangles. 6 of them are shaded.],\( \frac{1}{3} \),1 third because 6 over 9 is 2 thirds and 1 third is not shaded,True_Correct,
6,31772,What fraction of the shape is not shaded? Give your answer in its simplest form. [Image: A triangle split into 9 equal smaller triangles. 6 of them are shaded.],\( \frac{1}{3} \),1/3 and 3/9 are not shaded but they are equal to 1/3.,True_Correct,
7,31772,What fraction of the shape is not shaded? Give your answer in its simplest form. [Image: A triangle split into 9 equal smaller triangles. 6 of them are shaded.],\( \frac{1}{3} \),1/3 because 3/9 simplified divided by 3 would be 1/3,True_Correct,
8,31772,What fraction of the shape is not shaded? Give your answer in its simplest form. [Image: A triangle split into 9 equal smaller triangles. 6 of them are shaded.],\( \frac{1}{3} \),"1/3 because I worked out that 3/9 were not shaded and because 3 and 9 have a common factor of 3, I divided the numerator and denominator by 3 to give me 1/3",True_Correct,
9,31772,What fraction of the shape is not shaded? Give your answer in its simplest form. [Image: A triangle split into 9 equal smaller triangles. 6 of them are shaded.],\( \frac{1}{3} \),1/3 because it 3 shadedd in not all of them,True_Neither,
10,31772,What fraction of the shape is not shaded? Give your answer in its simplest form. [Image: A triangle split into 9 equal smaller triangles. 6 of them are shaded.],\( \frac{1}{3} \),1/3 because there are 6 shaded aut of 9 so 1/3,True_Correct,
11,31772,What fraction of the shape is not shaded? Give your answer in its simplest form. [Image: A triangle split into 9 equal smaller triangles. 6 of them are shaded.],\( \frac{1}{3} \),1/3 because there are threee triangles that are not shaded which is equivilent to 1/3,True_Correct,
12,31772,What fraction of the shape is not shaded? Give your answer in its simplest form. [Image: A triangle split into 9 equal smaller triangles. 6 of them are shaded.],\( \frac{1}{3} \),1/3 is a simplafide version of 3/9,True_Correct,
13,31772,What fraction of the shape is not shaded? Give your answer in its simplest form. [Image: A triangle split into 9 equal smaller triangles. 6 of them are shaded.],\( \frac{1}{3} \),1/3 is also 1/3 in its simplest form.,True_Neither,
14,31772,What fraction of the shape is not shaded? Give your answer in its simplest form. [Image: A triangle split into 9 equal smaller triangles. 6 of them are shaded.],\( \frac{1}{3} \),1/3 is equal to 3 because if 3 are not shared in so 3/6 in its simplest form is 1/3.,True_Neither,
15,31772,What fraction of the shape is not shaded? Give your answer in its simplest form. [Image: A triangle split into 9 equal smaller triangles. 6 of them are shaded.],\( \frac{1}{3} \),1/3 is equal to 3 because if 3 are not shared in so 3/6 in its simplest form is 1/3.,True_Neither,
16,31772,What fraction of the shape is not shaded? Give your answer in its simplest form. [Image: A triangle split into 9 equal smaller triangles. 6 of them are shaded.],\( \frac{1}{3} \),1/3 is in its simplest form.,True_Neither,
17,31772,What fraction of the shape is not shaded? Give your answer in its simplest form. [Image: A triangle split into 9 equal smaller triangles. 6 of them are shaded.],\( \frac{1}{3} \),1/3 is not shaded and 3/9 divided by 3 is 1/3.,True_Correct,
18,31772,What fraction of the shape is not shaded? Give your answer in its simplest form. [Image: A triangle split into 9 equal smaller triangles. 6 of them are shaded.],\( \frac{1}{3} \),1/3 is not shaded and 3/9 is equal to 1/3.,True_Correct,
19,31772,What fraction of the shape is not shaded? Give your answer in its simplest form. [Image: A triangle split into 9 equal smaller triangles. 6 of them are shaded.],\( \frac{1}{3} \),1/3 is not shaded out of the other 2/3 shaded.,True_Correct,
20,31772,What fraction of the shape is not shaded? Give your answer in its simplest form. [Image: A triangle split into 9 equal smaller triangles. 6 of them are shaded.],\( \frac{1}{3} \),1/3 is not shsded out of the other 2/3.,True_Correct,
21,31772,What fraction of the shape is not shaded? Give your answer in its simplest form. [Image: A triangle split into 9 equal smaller triangles. 6 of them are shaded.],\( \frac{1}{3} \),1/3 is the right answer because the fraction of the shape not shaded is 3/9 and in its simplest form it is 1/3 therefore I am correct.,True_Correct,
22,31772,What fraction of the shape is not shaded? Give your answer in its simplest form. [Image: A triangle split into 9 equal smaller triangles. 6 of them are shaded.],\( \frac{1}{3} \),1/3 is the right answer because the fraction of the shape not shaded is 3/9 and in its simplest form it is 1/3.,True_Correct,
23,31772,What fraction of the shape is not shaded? Give your answer in its simplest form. [Image: A triangle split into 9 equal smaller triangles. 6 of them are shaded.],\( \frac{1}{3} \),1/3 is the right answer because the fractionn of the shape not shaded is 3/9 and in its simplest form it is 1/3.,True_Correct,
24,31772,What fraction of the shape is not shaded? Give your answer in its simplest form. [Image: A triangle split into 9 equal smaller triangles. 6 of them are shaded.],\( \frac{1}{3} \),1/3 is the same as 3/9 and there is 1/9 left unshaded.,True_Neither,
25,31772,What fraction of the shape is not shaded? Give your answer in its simplest form. [Image: A triangle split into 9 equal smaller triangles. 6 of them are shaded.],\( \frac{1}{3} \),1/3 is the same as 3/9 and there is 3/9 left unshaded,True_Correct,
26,31772,What fraction of the shape is not shaded? Give your answer in its simplest form. [Image: A triangle split into 9 equal smaller triangles. 6 of them are shaded.],\( \frac{1}{3} \),1/3 is the same as 3/9.,True_Correct,
27,31772,What fraction of the shape is not shaded? Give your answer in its simplest form. [Image: A triangle split into 9 equal smaller triangles. 6 of them are shaded.],\( \frac{1}{3} \),1/3 is the same as 3/9.,True_Correct,
28,31772,What fraction of the shape is not shaded? Give your answer in its simplest form. [Image: A triangle split into 9 equal smaller triangles. 6 of them are shaded.],\( \frac{1}{3} \),1/3 is the same as 3/9.,True_Correct,
29,31772,What fraction of the shape is not shaded? Give your answer in its simplest form. [Image: A triangle split into 9 equal smaller triangles. 6 of them are shaded.],\( \frac{1}{3} \),1/3 is the simplest form of 3/9,True_Correct,
30,31772,What fraction of the shape is not shaded? Give your answer in its simplest form. [Image: A triangle split into 9 equal smaller triangles. 6 of them are shaded.],\( \frac{1}{3} \),1/3 is the simplest form of 3/9,True_Correct,
31,31772,What fraction of the shape is not shaded? Give your answer in its simplest form. [Image: A triangle split into 9 equal smaller triangles. 6 of them are shaded.],\( \frac{1}{3} \),1/3 is the simplest form of 3/9.,True_Correct,
32,31772,What fraction of the shape is not shaded? Give your answer in its simplest form. [Image: A triangle split into 9 equal smaller triangles. 6 of them are shaded.],\( \frac{1}{3} \),1/3 is the simplest form of this shape.,True_Neither,
33,31772,What fraction of the shape is not shaded? Give your answer in its simplest form. [Image: A triangle split into 9 equal smaller triangles. 6 of them are shaded.],\( \frac{1}{3} \),1/3 is the simplest form.,True_Correct,
34,31772,What fraction of the shape is not shaded? Give your answer in its simplest form. [Image: A triangle split into 9 equal smaller triangles. 6 of them are shaded.],\( \frac{1}{3} \),1/3 is the simplifued version of 3/9 which is what you need to know.,True_Correct,
35,31772,What fraction of the shape is not shaded? Give your answer in its simplest form. [Image: A triangle split into 9 equal smaller triangles. 6 of them are shaded.],\( \frac{1}{3} \),1/3 is thee same as 3/9.,True_Correct,
36,31772,What fraction of the shape is not shaded? Give your answer in its simplest form. [Image: A triangle split into 9 equal smaller triangles. 6 of them are shaded.],\( \frac{1}{3} \),1/3 is thee same as 3/9.,True_Correct,
37,31772,What fraction of the shape is not shaded? Give your answer in its simplest form. [Image: A triangle split into 9 equal smaller triangles. 6 of them are shaded.],\( \frac{1}{3} \),1/3 is thr same as 3/9.,True_Correct,
38,31772,What fraction of the shape is not shaded? Give your answer in its simplest form. [Image: A triangle split into 9 equal smaller triangles. 6 of them are shaded.],\( \frac{1}{3} \),"1/3 of the 9 triangles are shaded, so 3/9=1/3.",True_Correct,
39,31772,What fraction of the shape is not shaded? Give your answer in its simplest form. [Image: A triangle split into 9 equal smaller triangles. 6 of them are shaded.],\( \frac{1}{3} \),"1/3 of the 9 triangles are shaded, so 3/9=1/3.",True_Neither,
40,31772,What fraction of the shape is not shaded? Give your answer in its simplest form. [Image: A triangle split into 9 equal smaller triangles. 6 of them are shaded.],\( \frac{1}{3} \),"1/3 of the triangle is 3, and 3 of them aren't shaded.",True_Correct,
41,31772,What fraction of the shape is not shaded? Give your answer in its simplest form. [Image: A triangle split into 9 equal smaller triangles. 6 of them are shaded.],\( \frac{1}{3} \),1/3 of the triangle is not shaded,True_Correct,
42,31772,What fraction of the shape is not shaded? Give your answer in its simplest form. [Image: A triangle split into 9 equal smaller triangles. 6 of them are shaded.],\( \frac{1}{3} \),"1/3 of the triangle is not shaded amd 3/ 9 is divisible by 3, making it 1/3.",True_Correct,
43,31772,What fraction of the shape is not shaded? Give your answer in its simplest form. [Image: A triangle split into 9 equal smaller triangles. 6 of them are shaded.],\( \frac{1}{3} \),"1/3. 3/9 shaded, and to find simplest from we divide the top and the bottom by 3.",True_Neither,
44,31772,What fraction of the shape is not shaded? Give your answer in its simplest form. [Image: A triangle split into 9 equal smaller triangles. 6 of them are shaded.],\( \frac{1}{3} \),"1/3. 3/9 shaded, and to find simplest from we divide the top and the bottom by 3.",True_Neither,
45,31772,What fraction of the shape is not shaded? Give your answer in its simplest form. [Image: A triangle split into 9 equal smaller triangles. 6 of them are shaded.],\( \frac{1}{3} \),13 is the simplest form of 3 9,True_Correct,
46,31772,What fraction of the shape is not shaded? Give your answer in its simplest form. [Image: A triangle split into 9 equal smaller triangles. 6 of them are shaded.],\( \frac{1}{3} \),2/3 is shaded so 1/3 is not,True_Correct,
47,31772,What fraction of the shape is not shaded? Give your answer in its simplest form. [Image: A triangle split into 9 equal smaller triangles. 6 of them are shaded.],\( \frac{1}{3} \),3/9 are shaded which converts to 1/3,True_Correct,
48,31772,What fraction of the shape is not shaded? Give your answer in its simplest form. [Image: A triangle split into 9 equal smaller triangles. 6 of them are shaded.],\( \frac{1}{3} \),3 9 are shaded and to put in its simplest form you would divide it by 3,True_Neither,
49,31772,What fraction of the shape is not shaded? Give your answer in its simplest form. [Image: A triangle split into 9 equal smaller triangles. 6 of them are shaded.],\( \frac{1}{3} \),3 9th's are shaded and it is the same as 1 3rd,True_Neither,
50,31772,What fraction of the shape is not shaded? Give your answer in its simplest form. [Image: A triangle split into 9 equal smaller triangles. 6 of them are shaded.],\( \frac{1}{3} \),"3 amd 9 can be divided by 3, so it makes 1 / 3.",True_Correct,
51,31772,What fraction of the shape is not shaded? Give your answer in its simplest form. [Image: A triangle split into 9 equal smaller triangles. 6 of them are shaded.],\( \frac{1}{3} \),3 and 9 can divide by 3 so it makes 1/3,True_Correct,
52,31772,What fraction of the shape is not shaded? Give your answer in its simplest form. [Image: A triangle split into 9 equal smaller triangles. 6 of them are shaded.],\( \frac{1}{3} \),"3 are mot shaded, 3/9=1/3.",True_Correct,
53,31772,What fraction of the shape is not shaded? Give your answer in its simplest form. [Image: A triangle split into 9 equal smaller triangles. 6 of them are shaded.],\( \frac{1}{3} \),3 are not shaded but you need to simplify the numbers,True_Neither,
54,31772,What fraction of the shape is not shaded? Give your answer in its simplest form. [Image: A triangle split into 9 equal smaller triangles. 6 of them are shaded.],\( \frac{1}{3} \),3 are not shaded out of nine which is the same as 1 over 3,True_Correct,
55,31772,What fraction of the shape is not shaded? Give your answer in its simplest form. [Image: A triangle split into 9 equal smaller triangles. 6 of them are shaded.],\( \frac{1}{3} \),3 are unshaded and there are 9 altogether 3/9=1/3,True_Correct,
56,31772,What fraction of the shape is not shaded? Give your answer in its simplest form. [Image: A triangle split into 9 equal smaller triangles. 6 of them are shaded.],\( \frac{1}{3} \),3 are unshaded and there are 9 altogether 3/9=1/3.,True_Correct,
57,31772,What fraction of the shape is not shaded? Give your answer in its simplest form. [Image: A triangle split into 9 equal smaller triangles. 6 of them are shaded.],\( \frac{1}{3} \),"3 aren't shaded and there are 9 altogether, so it is 3/9, but you need to do it in its simplest form, which is 1/3.",True_Correct,
58,31772,What fraction of the shape is not shaded? Give your answer in its simplest form. [Image: A triangle split into 9 equal smaller triangles. 6 of them are shaded.],\( \frac{1}{3} \),3 aren't shaded and there are 9 triangles in total so its 3/9 and 3/9 becomes 1/3 when simplified.,True_Correct,
59,31772,What fraction of the shape is not shaded? Give your answer in its simplest form. [Image: A triangle split into 9 equal smaller triangles. 6 of them are shaded.],\( \frac{1}{3} \),3 aren't shaded in out of 9 =3/9=1/3,True_Correct,
60,31772,What fraction of the shape is not shaded? Give your answer in its simplest form. [Image: A triangle split into 9 equal smaller triangles. 6 of them are shaded.],\( \frac{1}{3} \),3 from the 9 triangles are not shaded and 3/9 simplified equals 1/3,True_Correct,
61,31772,What fraction of the shape is not shaded? Give your answer in its simplest form. [Image: A triangle split into 9 equal smaller triangles. 6 of them are shaded.],\( \frac{1}{3} \),3 goes into 9 three times which makes it one third,True_Correct,
62,31772,What fraction of the shape is not shaded? Give your answer in its simplest form. [Image: A triangle split into 9 equal smaller triangles. 6 of them are shaded.],\( \frac{1}{3} \),3 is not shaded and 6 is and 3/6 is 1/3,True_Neither,
63,31772,What fraction of the shape is not shaded? Give your answer in its simplest form. [Image: A triangle split into 9 equal smaller triangles. 6 of them are shaded.],\( \frac{1}{3} \),3 is not shaded and 9 is shaded. our current answer is 9/3. 9/3 simplified is 1/3.,True_Neither,
64,31772,What fraction of the shape is not shaded? Give your answer in its simplest form. [Image: A triangle split into 9 equal smaller triangles. 6 of them are shaded.],\( \frac{1}{3} \),3 is not shaded in and 3/9 is simplified to 1/3 so your answer is a,True_Correct,
65,31772,What fraction of the shape is not shaded? Give your answer in its simplest form. [Image: A triangle split into 9 equal smaller triangles. 6 of them are shaded.],\( \frac{1}{3} \),3 is shaded in and then it is explained.,True_Neither,
66,31772,What fraction of the shape is not shaded? Give your answer in its simplest form. [Image: A triangle split into 9 equal smaller triangles. 6 of them are shaded.],\( \frac{1}{3} \),3 is shaded in and then simplify it,True_Neither,
67,31772,What fraction of the shape is not shaded? Give your answer in its simplest form. [Image: A triangle split into 9 equal smaller triangles. 6 of them are shaded.],\( \frac{1}{3} \),3 ninths isn’t shaded and 1 third is the simplest form,True_Correct,
68,31772,What fraction of the shape is not shaded? Give your answer in its simplest form. [Image: A triangle split into 9 equal smaller triangles. 6 of them are shaded.],\( \frac{1}{3} \),3 ninths isn’t shaded and 1 third is the simplest form.,True_Correct,
69,31772,What fraction of the shape is not shaded? Give your answer in its simplest form. [Image: A triangle split into 9 equal smaller triangles. 6 of them are shaded.],\( \frac{1}{3} \),3 ninths simplified is one third,True_Correct,
70,31772,What fraction of the shape is not shaded? Give your answer in its simplest form. [Image: A triangle split into 9 equal smaller triangles. 6 of them are shaded.],\( \frac{1}{3} \),3 not shaded ones out of 9 triangles=3 over 9 which is simplified 1 third.,True_Correct,
71,31772,What fraction of the shape is not shaded? Give your answer in its simplest form. [Image: A triangle split into 9 equal smaller triangles. 6 of them are shaded.],\( \frac{1}{3} \),"3 not shaded, 9 in total, given its simplest form",True_Correct,
72,31772,What fraction of the shape is not shaded? Give your answer in its simplest form. [Image: A triangle split into 9 equal smaller triangles. 6 of them are shaded.],\( \frac{1}{3} \),3 of 9 is dark and then you simplify it.,True_Neither,
73,31772,What fraction of the shape is not shaded? Give your answer in its simplest form. [Image: A triangle split into 9 equal smaller triangles. 6 of them are shaded.],\( \frac{1}{3} \),3 of 9 is shaded and then you simplify it,True_Correct,
74,31772,What fraction of the shape is not shaded? Give your answer in its simplest form. [Image: A triangle split into 9 equal smaller triangles. 6 of them are shaded.],\( \frac{1}{3} \),3 of the 9 are not coloured in but in it's simplest form its a third,True_Correct,
75,31772,What fraction of the shape is not shaded? Give your answer in its simplest form. [Image: A triangle split into 9 equal smaller triangles. 6 of them are shaded.],\( \frac{1}{3} \),3 of the 9 are shaded which is 1 / 3 when simplified.,True_Correct,
76,31772,What fraction of the shape is not shaded? Give your answer in its simplest form. [Image: A triangle split into 9 equal smaller triangles. 6 of them are shaded.],\( \frac{1}{3} \),3 of the 9 are shaded which is 1/3 when simplified,True_Correct,
77,31772,What fraction of the shape is not shaded? Give your answer in its simplest form. [Image: A triangle split into 9 equal smaller triangles. 6 of them are shaded.],\( \frac{1}{3} \),3 of the 9 triangles are not shaded so it is 3/9 but you can simplify it to 1/3,True_Correct,
78,31772,What fraction of the shape is not shaded? Give your answer in its simplest form. [Image: A triangle split into 9 equal smaller triangles. 6 of them are shaded.],\( \frac{1}{3} \),3 of the 9 triangles are not shaded. Break it down to 1/3.,True_Correct,
79,31772,What fraction of the shape is not shaded? Give your answer in its simplest form. [Image: A triangle split into 9 equal smaller triangles. 6 of them are shaded.],\( \frac{1}{3} \),3 of the 9 triangles are shaded simplest form is 1/3,True_Correct,
80,31772,What fraction of the shape is not shaded? Give your answer in its simplest form. [Image: A triangle split into 9 equal smaller triangles. 6 of them are shaded.],\( \frac{1}{3} \),3 of the 9 triangles are shaded simplest form is 1/3,True_Neither,
81,31772,What fraction of the shape is not shaded? Give your answer in its simplest form. [Image: A triangle split into 9 equal smaller triangles. 6 of them are shaded.],\( \frac{1}{3} \),3 of the 9 triangles were not shaded: 3/9 can be simplified to 1/3.,True_Correct,
82,31772,What fraction of the shape is not shaded? Give your answer in its simplest form. [Image: A triangle split into 9 equal smaller triangles. 6 of them are shaded.],\( \frac{1}{3} \),3 of the nine are shaded which is equivalent to one third,True_Neither,
83,31772,What fraction of the shape is not shaded? Give your answer in its simplest form. [Image: A triangle split into 9 equal smaller triangles. 6 of them are shaded.],\( \frac{1}{3} \),3 of the triangles are not shaded out of all 9 triangles so the fraction is 3/9 = 1/3.,True_Correct,
84,31772,What fraction of the shape is not shaded? Give your answer in its simplest form. [Image: A triangle split into 9 equal smaller triangles. 6 of them are shaded.],\( \frac{1}{3} \),3 out 9 are not shaded in and in the simplest form is 1 3rd,True_Correct,
85,31772,What fraction of the shape is not shaded? Give your answer in its simplest form. [Image: A triangle split into 9 equal smaller triangles. 6 of them are shaded.],\( \frac{1}{3} \),3 out of 9 are not shaded 3/9 simplest is 1/3,True_Correct,
86,31772,What fraction of the shape is not shaded? Give your answer in its simplest form. [Image: A triangle split into 9 equal smaller triangles. 6 of them are shaded.],\( \frac{1}{3} \),3 out of 9 are not shaded which is equal to 1 third,True_Correct,
87,31772,What fraction of the shape is not shaded? Give your answer in its simplest form. [Image: A triangle split into 9 equal smaller triangles. 6 of them are shaded.],\( \frac{1}{3} \),3 out of 9 are not shaded which is equal to 1 third.,True_Correct,
88,31772,What fraction of the shape is not shaded? Give your answer in its simplest form. [Image: A triangle split into 9 equal smaller triangles. 6 of them are shaded.],\( \frac{1}{3} \),"3 out of 9 are not shaded, and both are divisible by 3.",True_Correct,
89,31772,What fraction of the shape is not shaded? Give your answer in its simplest form. [Image: A triangle split into 9 equal smaller triangles. 6 of them are shaded.],\( \frac{1}{3} \),"3 out of 9 are not shaded, which equals a third",True_Correct,
90,31772,What fraction of the shape is not shaded? Give your answer in its simplest form. [Image: A triangle split into 9 equal smaller triangles. 6 of them are shaded.],\( \frac{1}{3} \),3 out of 9 are shaded and the fraction 3/9 simplified is 1/3,True_Correct,
91,31772,What fraction of the shape is not shaded? Give your answer in its simplest form. [Image: A triangle split into 9 equal smaller triangles. 6 of them are shaded.],\( \frac{1}{3} \),3 out of 9 are shaded. 3 out of 9=3/9. 3/9 in it simplest form =1/3,True_Correct,
92,31772,What fraction of the shape is not shaded? Give your answer in its simplest form. [Image: A triangle split into 9 equal smaller triangles. 6 of them are shaded.],\( \frac{1}{3} \),3 out of 9 aren't shaded and that simplifies to one third,True_Correct,
93,31772,What fraction of the shape is not shaded? Give your answer in its simplest form. [Image: A triangle split into 9 equal smaller triangles. 6 of them are shaded.],\( \frac{1}{3} \),"3 out of 9 aren't shaded, if you simplify it it is 1/3.",True_Correct,
94,31772,What fraction of the shape is not shaded? Give your answer in its simplest form. [Image: A triangle split into 9 equal smaller triangles. 6 of them are shaded.],\( \frac{1}{3} \),3 out of 9 aren't shaded.,True_Correct,
95,31772,What fraction of the shape is not shaded? Give your answer in its simplest form. [Image: A triangle split into 9 equal smaller triangles. 6 of them are shaded.],\( \frac{1}{3} \),3 out of 9 aren't shaded. 3/9 simplified is 1/3,True_Correct,
96,31772,What fraction of the shape is not shaded? Give your answer in its simplest form. [Image: A triangle split into 9 equal smaller triangles. 6 of them are shaded.],\( \frac{1}{3} \),3 out of 9 is a third,True_Correct,
97,31772,What fraction of the shape is not shaded? Give your answer in its simplest form. [Image: A triangle split into 9 equal smaller triangles. 6 of them are shaded.],\( \frac{1}{3} \),3 out of 9 is not shaded 3 ninths simplified = 1 third,True_Correct,
98,31772,What fraction of the shape is not shaded? Give your answer in its simplest form. [Image: A triangle split into 9 equal smaller triangles. 6 of them are shaded.],\( \frac{1}{3} \),3 out of 9 is not shaded so in the simplist form it would be 1 out of 3,True_Correct,
99,31772,What fraction of the shape is not shaded? Give your answer in its simplest form. [Image: A triangle split into 9 equal smaller triangles. 6 of them are shaded.],\( \frac{1}{3} \),3 out of 9 is shaded and when you simplify it you get a,True_Neither,
100,31772,What fraction of the shape is not shaded? Give your answer in its simplest form. [Image: A triangle split into 9 equal smaller triangles. 6 of them are shaded.],\( \frac{1}{3} \),3 out of 9 is shaded and when you simplify it you get a,True_Neither,
101,31772,What fraction of the shape is not shaded? Give your answer in its simplest form. [Image: A triangle split into 9 equal smaller triangles. 6 of them are shaded.],\( \frac{1}{3} \),3 out of 9 isn't shaded so a simple fraction would be 1/3.,True_Correct,
102,31772,What fraction of the shape is not shaded? Give your answer in its simplest form. [Image: A triangle split into 9 equal smaller triangles. 6 of them are shaded.],\( \frac{1}{3} \),3 out of 9 not shaded which simplifies to a third,True_Correct,
103,31772,What fraction of the shape is not shaded? Give your answer in its simplest form. [Image: A triangle split into 9 equal smaller triangles. 6 of them are shaded.],\( \frac{1}{3} \),3 out of 9 parts are not shaded which is 3/9 but we need to simplify this fraction which is 1/3.,True_Correct,
104,31772,What fraction of the shape is not shaded? Give your answer in its simplest form. [Image: A triangle split into 9 equal smaller triangles. 6 of them are shaded.],\( \frac{1}{3} \),3 out of 9 parts are shaded and in simplestt form it's one third.,True_Neither,
105,31772,What fraction of the shape is not shaded? Give your answer in its simplest form. [Image: A triangle split into 9 equal smaller triangles. 6 of them are shaded.],\( \frac{1}{3} \),3 out of 9 parts are shaded and in the simplest form it's one third,True_Neither,
106,31772,What fraction of the shape is not shaded? Give your answer in its simplest form. [Image: A triangle split into 9 equal smaller triangles. 6 of them are shaded.],\( \frac{1}{3} \),3 out of 9 parts aren't shaded and in its simplest form it is 1/3,True_Correct,
107,31772,What fraction of the shape is not shaded? Give your answer in its simplest form. [Image: A triangle split into 9 equal smaller triangles. 6 of them are shaded.],\( \frac{1}{3} \),3 out of 9 parts aren't shaded.,True_Misconception,Incomplete
108,31772,What fraction of the shape is not shaded? Give your answer in its simplest form. [Image: A triangle split into 9 equal smaller triangles. 6 of them are shaded.],\( \frac{1}{3} \),3 out of 9 shapes are not shaded. 3 and 9 can be divided by 3 to get the simplest form 1over 3,True_Correct,
109,31772,What fraction of the shape is not shaded? Give your answer in its simplest form. [Image: A triangle split into 9 equal smaller triangles. 6 of them are shaded.],\( \frac{1}{3} \),3 out of 9 shapes are not shaded. 3 and 9 can be divided by 3 to get thee simplest form 1over 3.,True_Correct,
110,31772,What fraction of the shape is not shaded? Give your answer in its simplest form. [Image: A triangle split into 9 equal smaller triangles. 6 of them are shaded.],\( \frac{1}{3} \),3 out of 9 shapes are shaded which is simplified to 1/3,True_Correct,
111,31772,What fraction of the shape is not shaded? Give your answer in its simplest form. [Image: A triangle split into 9 equal smaller triangles. 6 of them are shaded.],\( \frac{1}{3} \),3 out of 9 shapes are shaded which is simplifird to 1/3.,True_Neither,
112,31772,What fraction of the shape is not shaded? Give your answer in its simplest form. [Image: A triangle split into 9 equal smaller triangles. 6 of them are shaded.],\( \frac{1}{3} \),"3 out of 9 triangles are not shaded , cancel this down to 1/3",True_Correct,
113,31772,What fraction of the shape is not shaded? Give your answer in its simplest form. [Image: A triangle split into 9 equal smaller triangles. 6 of them are shaded.],\( \frac{1}{3} \),3 out of 9 triangles are not shaded and 3/9 simplified is 1/3,True_Correct,
114,31772,What fraction of the shape is not shaded? Give your answer in its simplest form. [Image: A triangle split into 9 equal smaller triangles. 6 of them are shaded.],\( \frac{1}{3} \),3 out of 9 triangles are not shaded and 3/9 simplified is 1/3.,True_Correct,
115,31772,What fraction of the shape is not shaded? Give your answer in its simplest form. [Image: A triangle split into 9 equal smaller triangles. 6 of them are shaded.],\( \frac{1}{3} \),3 out of 9 triangles are not shaded so that is 1/3,True_Correct,
116,31772,What fraction of the shape is not shaded? Give your answer in its simplest form. [Image: A triangle split into 9 equal smaller triangles. 6 of them are shaded.],\( \frac{1}{3} \),3 out of 9 triangles are not shaded so that is 1/3,True_Correct,
117,31772,What fraction of the shape is not shaded? Give your answer in its simplest form. [Image: A triangle split into 9 equal smaller triangles. 6 of them are shaded.],\( \frac{1}{3} \),3 out of 9 triangles are not shaded which simplifies to 1 in every 3 triangles,True_Correct,
118,31772,What fraction of the shape is not shaded? Give your answer in its simplest form. [Image: A triangle split into 9 equal smaller triangles. 6 of them are shaded.],\( \frac{1}{3} \),"3 out of 9 triangles are not shaded, cancell this down to 1 / 3.",True_Correct,
119,31772,What fraction of the shape is not shaded? Give your answer in its simplest form. [Image: A triangle split into 9 equal smaller triangles. 6 of them are shaded.],\( \frac{1}{3} \),3 out of 9 triangles are not shaded.,True_Correct,
120,31772,What fraction of the shape is not shaded? Give your answer in its simplest form. [Image: A triangle split into 9 equal smaller triangles. 6 of them are shaded.],\( \frac{1}{3} \),3 out of 9 triangles are not shaded.,True_Misconception,Incomplete
121,31772,What fraction of the shape is not shaded? Give your answer in its simplest form. [Image: A triangle split into 9 equal smaller triangles. 6 of them are shaded.],\( \frac{1}{3} \),3 out of 9 triangles were not shaded so if you simplify the fraction you will get 1/3,True_Correct,
122,31772,What fraction of the shape is not shaded? Give your answer in its simplest form. [Image: A triangle split into 9 equal smaller triangles. 6 of them are shaded.],\( \frac{1}{3} \),3 out of nine are not shaded and it goes into 1/3,True_Correct,
123,31772,What fraction of the shape is not shaded? Give your answer in its simplest form. [Image: A triangle split into 9 equal smaller triangles. 6 of them are shaded.],\( \frac{1}{3} \),3 out of nine triangles are not shaded,True_Misconception,Incomplete
124,31772,What fraction of the shape is not shaded? Give your answer in its simplest form. [Image: A triangle split into 9 equal smaller triangles. 6 of them are shaded.],\( \frac{1}{3} \),3 out of nine triangles are not shaded,True_Correct,
125,31772,What fraction of the shape is not shaded? Give your answer in its simplest form. [Image: A triangle split into 9 equal smaller triangles. 6 of them are shaded.],\( \frac{1}{3} \),3 out of the 9 triangles are not shaded and 9 divided by 3 is 3 so 1/3,True_Correct,
126,31772,What fraction of the shape is not shaded? Give your answer in its simplest form. [Image: A triangle split into 9 equal smaller triangles. 6 of them are shaded.],\( \frac{1}{3} \),"3 out of the 9 triangles are not shaded, then simplify it by 3",True_Correct,
127,31772,What fraction of the shape is not shaded? Give your answer in its simplest form. [Image: A triangle split into 9 equal smaller triangles. 6 of them are shaded.],\( \frac{1}{3} \),3 out of the 9 triangles are not shaded. this is 3/9 which is 1/3 in its simplest form.,True_Correct,
128,31772,What fraction of the shape is not shaded? Give your answer in its simplest form. [Image: A triangle split into 9 equal smaller triangles. 6 of them are shaded.],\( \frac{1}{3} \),3 over 9 is equal to 1 over 3,True_Correct,
129,31772,What fraction of the shape is not shaded? Give your answer in its simplest form. [Image: A triangle split into 9 equal smaller triangles. 6 of them are shaded.],\( \frac{1}{3} \),3 over 9 which if divided by 3 it is 1 over3.,True_Correct,
130,31772,What fraction of the shape is not shaded? Give your answer in its simplest form. [Image: A triangle split into 9 equal smaller triangles. 6 of them are shaded.],\( \frac{1}{3} \),3 parts out of 9 are shaded. This can be simplified to 1/3,True_Neither,
131,31772,What fraction of the shape is not shaded? Give your answer in its simplest form. [Image: A triangle split into 9 equal smaller triangles. 6 of them are shaded.],\( \frac{1}{3} \),3 pieces of the shape is not shaded in therefore 1/3 of the number is NOT shaded,True_Correct,
132,31772,What fraction of the shape is not shaded? Give your answer in its simplest form. [Image: A triangle split into 9 equal smaller triangles. 6 of them are shaded.],\( \frac{1}{3} \),"3 shape not shade, there are 9 shape. simplest form of 3/9 is 1/3",True_Correct,
133,31772,What fraction of the shape is not shaded? Give your answer in its simplest form. [Image: A triangle split into 9 equal smaller triangles. 6 of them are shaded.],\( \frac{1}{3} \),3 shapes are shaded and there is 9 shapes altogether,True_Correct,
134,31772,What fraction of the shape is not shaded? Give your answer in its simplest form. [Image: A triangle split into 9 equal smaller triangles. 6 of them are shaded.],\( \frac{1}{3} \),"3 squares are not shaded out of 9 squares, 3/9 is equivalent to 1/3, which is its simplest form",True_Correct,
135,31772,What fraction of the shape is not shaded? Give your answer in its simplest form. [Image: A triangle split into 9 equal smaller triangles. 6 of them are shaded.],\( \frac{1}{3} \),3 squares are shaded and 6 aren't so that gets you to 3 9ths so you simplify it down to 1 3rd,True_Neither,
136,31772,What fraction of the shape is not shaded? Give your answer in its simplest form. [Image: A triangle split into 9 equal smaller triangles. 6 of them are shaded.],\( \frac{1}{3} \),3 squares not shaded all of them are 9 so 3/9=1/3,True_Correct,
137,31772,What fraction of the shape is not shaded? Give your answer in its simplest form. [Image: A triangle split into 9 equal smaller triangles. 6 of them are shaded.],\( \frac{1}{3} \),3 squares not shaded all of themm are 9 so 3/9=1/3.,True_Correct,
138,31772,What fraction of the shape is not shaded? Give your answer in its simplest form. [Image: A triangle split into 9 equal smaller triangles. 6 of them are shaded.],\( \frac{1}{3} \),3 triangles are not shaded and there are 9 triangles. If you shorten this it equals 1/3,True_Correct,
139,31772,What fraction of the shape is not shaded? Give your answer in its simplest form. [Image: A triangle split into 9 equal smaller triangles. 6 of them are shaded.],\( \frac{1}{3} \),3 triangles not shaded out of 9 3/9 simplifies to 1/3,True_Correct,
140,31772,What fraction of the shape is not shaded? Give your answer in its simplest form. [Image: A triangle split into 9 equal smaller triangles. 6 of them are shaded.],\( \frac{1}{3} \),3 white triangles are not shaded and there are 9 triangles 3/9 simplified is 1/3,True_Correct,
141,31772,What fraction of the shape is not shaded? Give your answer in its simplest form. [Image: A triangle split into 9 equal smaller triangles. 6 of them are shaded.],\( \frac{1}{3} \),3/6 is not shaded simplified is 1/3,True_Neither,
142,31772,What fraction of the shape is not shaded? Give your answer in its simplest form. [Image: A triangle split into 9 equal smaller triangles. 6 of them are shaded.],\( \frac{1}{3} \),3/9 is 1/3 in the simplest form,True_Correct,
143,31772,What fraction of the shape is not shaded? Give your answer in its simplest form. [Image: A triangle split into 9 equal smaller triangles. 6 of them are shaded.],\( \frac{1}{3} \),3/9 are not shaded that simplified is 1/3,True_Correct,
144,31772,What fraction of the shape is not shaded? Give your answer in its simplest form. [Image: A triangle split into 9 equal smaller triangles. 6 of them are shaded.],\( \frac{1}{3} \),3/9 are not shaded and 3/9 in its simplest form is 1/3,True_Correct,
145,31772,What fraction of the shape is not shaded? Give your answer in its simplest form. [Image: A triangle split into 9 equal smaller triangles. 6 of them are shaded.],\( \frac{1}{3} \),3/9 are not shaded and 3/9 is 1/3,True_Correct,
146,31772,What fraction of the shape is not shaded? Give your answer in its simplest form. [Image: A triangle split into 9 equal smaller triangles. 6 of them are shaded.],\( \frac{1}{3} \),3/9 are not shaded and 3/9 simplifies to 1/3,True_Correct,
147,31772,What fraction of the shape is not shaded? Give your answer in its simplest form. [Image: A triangle split into 9 equal smaller triangles. 6 of them are shaded.],\( \frac{1}{3} \),3/9 are not shaded and that is equivelent to 1/3,True_Correct,
148,31772,What fraction of the shape is not shaded? Give your answer in its simplest form. [Image: A triangle split into 9 equal smaller triangles. 6 of them are shaded.],\( \frac{1}{3} \),3/9 are not shaded and that is equivelent to 1/3.,True_Correct,
149,31772,What fraction of the shape is not shaded? Give your answer in its simplest form. [Image: A triangle split into 9 equal smaller triangles. 6 of them are shaded.],\( \frac{1}{3} \),3/9 are not shaded but 3/9 is equal to 1/3,True_Correct,
150,31772,What fraction of the shape is not shaded? Give your answer in its simplest form. [Image: A triangle split into 9 equal smaller triangles. 6 of them are shaded.],\( \frac{1}{3} \),3/9 are not shaded but you can simplify that to 1/3,True_Correct,
151,31772,What fraction of the shape is not shaded? Give your answer in its simplest form. [Image: A triangle split into 9 equal smaller triangles. 6 of them are shaded.],\( \frac{1}{3} \),3/9 are not shaded in and if you divide that by 3 it would be 1/3,True_Correct,
152,31772,What fraction of the shape is not shaded? Give your answer in its simplest form. [Image: A triangle split into 9 equal smaller triangles. 6 of them are shaded.],\( \frac{1}{3} \),3/9 are not shaded in and if you divided that by 3 it would be 1/3.,True_Correct,
153,31772,What fraction of the shape is not shaded? Give your answer in its simplest form. [Image: A triangle split into 9 equal smaller triangles. 6 of them are shaded.],\( \frac{1}{3} \),3/9 are not shaded so you can simplify it,True_Correct,
154,31772,What fraction of the shape is not shaded? Give your answer in its simplest form. [Image: A triangle split into 9 equal smaller triangles. 6 of them are shaded.],\( \frac{1}{3} \),3/9 are not shaded that simplified is 1/3.,True_Correct,
155,31772,What fraction of the shape is not shaded? Give your answer in its simplest form. [Image: A triangle split into 9 equal smaller triangles. 6 of them are shaded.],\( \frac{1}{3} \),3/9 are not shaded which simplifies to 1/3.,True_Correct,
156,31772,What fraction of the shape is not shaded? Give your answer in its simplest form. [Image: A triangle split into 9 equal smaller triangles. 6 of them are shaded.],\( \frac{1}{3} \),3/9 are not shaded. 1/3 is the simplest form.,True_Correct,
157,31772,What fraction of the shape is not shaded? Give your answer in its simplest form. [Image: A triangle split into 9 equal smaller triangles. 6 of them are shaded.],\( \frac{1}{3} \),3/9 are not shaded.that simplifies is a third.,True_Correct,
158,31772,What fraction of the shape is not shaded? Give your answer in its simplest form. [Image: A triangle split into 9 equal smaller triangles. 6 of them are shaded.],\( \frac{1}{3} \),3/9 are not shaded.that simplifies is a third.,True_Correct,
159,31772,What fraction of the shape is not shaded? Give your answer in its simplest form. [Image: A triangle split into 9 equal smaller triangles. 6 of them are shaded.],\( \frac{1}{3} \),3/9 are shaded and simplified is 1/3.,True_Correct,
160,31772,What fraction of the shape is not shaded? Give your answer in its simplest form. [Image: A triangle split into 9 equal smaller triangles. 6 of them are shaded.],\( \frac{1}{3} \),3/9 are shaded so to simplify that it becomes 1/3 because you divide it by 3,True_Correct,
161,31772,What fraction of the shape is not shaded? Give your answer in its simplest form. [Image: A triangle split into 9 equal smaller triangles. 6 of them are shaded.],\( \frac{1}{3} \),3/9 are shaded. But 3/9 is equivalent to 1/3,True_Correct,
162,31772,What fraction of the shape is not shaded? Give your answer in its simplest form. [Image: A triangle split into 9 equal smaller triangles. 6 of them are shaded.],\( \frac{1}{3} \),3/9 are shaded. This is 1/3 simplified,True_Correct,
163,31772,What fraction of the shape is not shaded? Give your answer in its simplest form. [Image: A triangle split into 9 equal smaller triangles. 6 of them are shaded.],\( \frac{1}{3} \),3/9 are white simplified by three is 1/3,True_Correct,
164,31772,What fraction of the shape is not shaded? Give your answer in its simplest form. [Image: A triangle split into 9 equal smaller triangles. 6 of them are shaded.],\( \frac{1}{3} \),3/9 aren't shaded but you need to simplify it so it would be 1/3,True_Correct,
165,31772,What fraction of the shape is not shaded? Give your answer in its simplest form. [Image: A triangle split into 9 equal smaller triangles. 6 of them are shaded.],\( \frac{1}{3} \),3/9 aren't shaded which can be simplified to 1/3,True_Correct,
166,31772,What fraction of the shape is not shaded? Give your answer in its simplest form. [Image: A triangle split into 9 equal smaller triangles. 6 of them are shaded.],\( \frac{1}{3} \),3/9 aren't shaded which van be simplified to 1/3.,True_Correct,
167,31772,What fraction of the shape is not shaded? Give your answer in its simplest form. [Image: A triangle split into 9 equal smaller triangles. 6 of them are shaded.],\( \frac{1}{3} \),"3/9 aren't shaded, and that in its simplest form is 1/3",True_Correct,
168,31772,What fraction of the shape is not shaded? Give your answer in its simplest form. [Image: A triangle split into 9 equal smaller triangles. 6 of them are shaded.],\( \frac{1}{3} \),"3/9 aren't shaded, and that in its simplest form is 1/3.",True_Correct,
169,31772,What fraction of the shape is not shaded? Give your answer in its simplest form. [Image: A triangle split into 9 equal smaller triangles. 6 of them are shaded.],\( \frac{1}{3} \),"3/9 aren't shaded, in it's simplest form, it's 1/3",True_Correct,
170,31772,What fraction of the shape is not shaded? Give your answer in its simplest form. [Image: A triangle split into 9 equal smaller triangles. 6 of them are shaded.],\( \frac{1}{3} \),3/9 arent shaded but the simplest form is 1/3,True_Correct,
171,31772,What fraction of the shape is not shaded? Give your answer in its simplest form. [Image: A triangle split into 9 equal smaller triangles. 6 of them are shaded.],\( \frac{1}{3} \),3/9 aren’t shaded but you can simplify it you get 1/3,True_Correct,
172,31772,What fraction of the shape is not shaded? Give your answer in its simplest form. [Image: A triangle split into 9 equal smaller triangles. 6 of them are shaded.],\( \frac{1}{3} \),3/9 aren’t shaded but you can simplify it you get 1/3,True_Correct,
173,31772,What fraction of the shape is not shaded? Give your answer in its simplest form. [Image: A triangle split into 9 equal smaller triangles. 6 of them are shaded.],\( \frac{1}{3} \),3/9 aren’t shaded so that is simplified to 1/3,True_Correct,
174,31772,What fraction of the shape is not shaded? Give your answer in its simplest form. [Image: A triangle split into 9 equal smaller triangles. 6 of them are shaded.],\( \frac{1}{3} \),3/9 arr shaded so to simplify that it becomes 1/3 because you divide it by 3.,True_Neither,
175,31772,What fraction of the shape is not shaded? Give your answer in its simplest form. [Image: A triangle split into 9 equal smaller triangles. 6 of them are shaded.],\( \frac{1}{3} \),3/9 duvided by 3 is 1/3.,True_Correct,
176,31772,What fraction of the shape is not shaded? Give your answer in its simplest form. [Image: A triangle split into 9 equal smaller triangles. 6 of them are shaded.],\( \frac{1}{3} \),3/9 in it's simplest form would be 1/3.,True_Correct,
177,31772,What fraction of the shape is not shaded? Give your answer in its simplest form. [Image: A triangle split into 9 equal smaller triangles. 6 of them are shaded.],\( \frac{1}{3} \),3/9 in its simplest for is 1/3,True_Correct,
178,31772,What fraction of the shape is not shaded? Give your answer in its simplest form. [Image: A triangle split into 9 equal smaller triangles. 6 of them are shaded.],\( \frac{1}{3} \),3/9 in its simplest form is 1/3,True_Correct,
179,31772,What fraction of the shape is not shaded? Give your answer in its simplest form. [Image: A triangle split into 9 equal smaller triangles. 6 of them are shaded.],\( \frac{1}{3} \),3/9 in its simplest form is 1/3,True_Correct,
180,31772,What fraction of the shape is not shaded? Give your answer in its simplest form. [Image: A triangle split into 9 equal smaller triangles. 6 of them are shaded.],\( \frac{1}{3} \),3/9 in its simplest form is 1/3,True_Correct,
181,31772,What fraction of the shape is not shaded? Give your answer in its simplest form. [Image: A triangle split into 9 equal smaller triangles. 6 of them are shaded.],\( \frac{1}{3} \),3/9 in its simplest form is 1/3,True_Correct,
182,31772,What fraction of the shape is not shaded? Give your answer in its simplest form. [Image: A triangle split into 9 equal smaller triangles. 6 of them are shaded.],\( \frac{1}{3} \),3/9 in its simplest form is 1/3,True_Correct,
183,31772,What fraction of the shape is not shaded? Give your answer in its simplest form. [Image: A triangle split into 9 equal smaller triangles. 6 of them are shaded.],\( \frac{1}{3} \),3/9 in its simplest form is 1/3 I believe.,True_Correct,
184,31772,What fraction of the shape is not shaded? Give your answer in its simplest form. [Image: A triangle split into 9 equal smaller triangles. 6 of them are shaded.],\( \frac{1}{3} \),3/9 in its simplified form is 1/3,True_Correct,
185,31772,What fraction of the shape is not shaded? Give your answer in its simplest form. [Image: A triangle split into 9 equal smaller triangles. 6 of them are shaded.],\( \frac{1}{3} \),3/9 in its smallest form is 1/3,True_Correct,
186,31772,What fraction of the shape is not shaded? Give your answer in its simplest form. [Image: A triangle split into 9 equal smaller triangles. 6 of them are shaded.],\( \frac{1}{3} \),3/9 in the simplest form is 1/3,True_Correct,
187,31772,What fraction of the shape is not shaded? Give your answer in its simplest form. [Image: A triangle split into 9 equal smaller triangles. 6 of them are shaded.],\( \frac{1}{3} \),3/9 is 1/3 because the shape is split into 9 equal parts and 3 are not shaded.,True_Correct,
188,31772,What fraction of the shape is not shaded? Give your answer in its simplest form. [Image: A triangle split into 9 equal smaller triangles. 6 of them are shaded.],\( \frac{1}{3} \),"3/9 is 1/3 because there a nine all together and there are six shaded and not shade, and three is equal to nine times three.",True_Neither,
189,31772,What fraction of the shape is not shaded? Give your answer in its simplest form. [Image: A triangle split into 9 equal smaller triangles. 6 of them are shaded.],\( \frac{1}{3} \),3/9 is not coulered in and thats the same as 1/3,True_Correct,
190,31772,What fraction of the shape is not shaded? Give your answer in its simplest form. [Image: A triangle split into 9 equal smaller triangles. 6 of them are shaded.],\( \frac{1}{3} \),3/9 is not coulered in and thats the same as 1/3,True_Correct,
191,31772,What fraction of the shape is not shaded? Give your answer in its simplest form. [Image: A triangle split into 9 equal smaller triangles. 6 of them are shaded.],\( \frac{1}{3} \),3/9 is not shaded and 1/3 is in its simplest form.,True_Correct,
192,31772,What fraction of the shape is not shaded? Give your answer in its simplest form. [Image: A triangle split into 9 equal smaller triangles. 6 of them are shaded.],\( \frac{1}{3} \),3/9 is not shaded and 1/3 is in its simplest form.,True_Correct,
193,31772,What fraction of the shape is not shaded? Give your answer in its simplest form. [Image: A triangle split into 9 equal smaller triangles. 6 of them are shaded.],\( \frac{1}{3} \),3/9 is not shaded and 3/9 divided by 3 is 1/3,True_Correct,
194,31772,What fraction of the shape is not shaded? Give your answer in its simplest form. [Image: A triangle split into 9 equal smaller triangles. 6 of them are shaded.],\( \frac{1}{3} \),3/9 is not shaded and 3/9 is equal to 1/3,True_Correct,
195,31772,What fraction of the shape is not shaded? Give your answer in its simplest form. [Image: A triangle split into 9 equal smaller triangles. 6 of them are shaded.],\( \frac{1}{3} \),3/9 is not shaded and 3/9 simplified is 1/3,True_Correct,
196,31772,What fraction of the shape is not shaded? Give your answer in its simplest form. [Image: A triangle split into 9 equal smaller triangles. 6 of them are shaded.],\( \frac{1}{3} \),"3/9 is not shaded and 6/9 is shaded and 3/9 is a third so if you simplify it, it would be 1/3.",True_Correct,
197,31772,What fraction of the shape is not shaded? Give your answer in its simplest form. [Image: A triangle split into 9 equal smaller triangles. 6 of them are shaded.],\( \frac{1}{3} \),3/9 is not shaded and 9 divided by 3 equals 3 and 3 divided but 3 equals 1 so its 1/3,True_Correct,
198,31772,What fraction of the shape is not shaded? Give your answer in its simplest form. [Image: A triangle split into 9 equal smaller triangles. 6 of them are shaded.],\( \frac{1}{3} \),3/9 is not shaded and if you simplify that it is 1/3,True_Correct,
199,31772,What fraction of the shape is not shaded? Give your answer in its simplest form. [Image: A triangle split into 9 equal smaller triangles. 6 of them are shaded.],\( \frac{1}{3} \),3/9 is not shaded and if you simplify that it is 1/3.,True_Correct,
200,31772,What fraction of the shape is not shaded? Give your answer in its simplest form. [Image: A triangle split into 9 equal smaller triangles. 6 of them are shaded.],\( \frac{1}{3} \),3/9 is not shaded and if youu simplify that it is 1/3.,True_Correct,
201,31772,What fraction of the shape is not shaded? Give your answer in its simplest form. [Image: A triangle split into 9 equal smaller triangles. 6 of them are shaded.],\( \frac{1}{3} \),3/9 is not shaded and in its simplest form is 1/3,True_Correct,
202,31772,What fraction of the shape is not shaded? Give your answer in its simplest form. [Image: A triangle split into 9 equal smaller triangles. 6 of them are shaded.],\( \frac{1}{3} \),3/9 is not shaded and it is simplified into 1/3,True_Correct,
203,31772,What fraction of the shape is not shaded? Give your answer in its simplest form. [Image: A triangle split into 9 equal smaller triangles. 6 of them are shaded.],\( \frac{1}{3} \),3/9 is not shaded and that simplified is 1/3,True_Correct,
204,31772,What fraction of the shape is not shaded? Give your answer in its simplest form. [Image: A triangle split into 9 equal smaller triangles. 6 of them are shaded.],\( \frac{1}{3} \),3/9 is not shaded but 1/3 is its simplest form,True_Correct,
205,31772,What fraction of the shape is not shaded? Give your answer in its simplest form. [Image: A triangle split into 9 equal smaller triangles. 6 of them are shaded.],\( \frac{1}{3} \),3/9 is not shaded but if you simplify the fraction it will be 1/3,True_Correct,
206,31772,What fraction of the shape is not shaded? Give your answer in its simplest form. [Image: A triangle split into 9 equal smaller triangles. 6 of them are shaded.],\( \frac{1}{3} \),3/9 is not shaded but if you simplify the fraction it will be 1/3.,True_Correct,
207,31772,What fraction of the shape is not shaded? Give your answer in its simplest form. [Image: A triangle split into 9 equal smaller triangles. 6 of them are shaded.],\( \frac{1}{3} \),3/9 is not shaded but in its simplest for it is 1/3,True_Correct,
208,31772,What fraction of the shape is not shaded? Give your answer in its simplest form. [Image: A triangle split into 9 equal smaller triangles. 6 of them are shaded.],\( \frac{1}{3} \),3/9 is not shaded but it needs to be in its simplest form and that is 1/3,True_Correct,
209,31772,What fraction of the shape is not shaded? Give your answer in its simplest form. [Image: A triangle split into 9 equal smaller triangles. 6 of them are shaded.],\( \frac{1}{3} \),3/9 is not shaded but to simplify=1/3,True_Correct,
210,31772,What fraction of the shape is not shaded? Give your answer in its simplest form. [Image: A triangle split into 9 equal smaller triangles. 6 of them are shaded.],\( \frac{1}{3} \),"3/9 is not shaded but u have to simplify the fraction, 3 goes into 3 once 3 goes into 9 three times so 1/3",True_Correct,
211,31772,What fraction of the shape is not shaded? Give your answer in its simplest form. [Image: A triangle split into 9 equal smaller triangles. 6 of them are shaded.],\( \frac{1}{3} \),"3/9 is not shaded but u have to simplify the fraction, 3 goes into 3 once and then 3 times into 9 threee times so 1/3.",True_Correct,
212,31772,What fraction of the shape is not shaded? Give your answer in its simplest form. [Image: A triangle split into 9 equal smaller triangles. 6 of them are shaded.],\( \frac{1}{3} \),3/9 is not shaded in but it can be simplified to 1/3,True_Correct,
213,31772,What fraction of the shape is not shaded? Give your answer in its simplest form. [Image: A triangle split into 9 equal smaller triangles. 6 of them are shaded.],\( \frac{1}{3} \),3/9 is not shaded in its simplest form is 1/3,True_Correct,
214,31772,What fraction of the shape is not shaded? Give your answer in its simplest form. [Image: A triangle split into 9 equal smaller triangles. 6 of them are shaded.],\( \frac{1}{3} \),3/9 is not shaded in its simplest form it is 1/3,True_Correct,
215,31772,What fraction of the shape is not shaded? Give your answer in its simplest form. [Image: A triangle split into 9 equal smaller triangles. 6 of them are shaded.],\( \frac{1}{3} \),3/9 is not shaded so 3 divided by 3 =1 9 divided by 3 = 3 and you can’t simplify 1/3 any more,True_Correct,
216,31772,What fraction of the shape is not shaded? Give your answer in its simplest form. [Image: A triangle split into 9 equal smaller triangles. 6 of them are shaded.],\( \frac{1}{3} \),3/9 is not shaded so that I divided it by 3 to get it in its simplest form and that is 1/3,True_Correct,
217,31772,What fraction of the shape is not shaded? Give your answer in its simplest form. [Image: A triangle split into 9 equal smaller triangles. 6 of them are shaded.],\( \frac{1}{3} \),3/9 is not shaded so that I divided it by 3 to get it in its simplest form andd that is 1/3.,True_Correct,
218,31772,What fraction of the shape is not shaded? Give your answer in its simplest form. [Image: A triangle split into 9 equal smaller triangles. 6 of them are shaded.],\( \frac{1}{3} \),3/9 is not shaded so that i divided it by 3 to get it to its simplest form and that is 1/3,True_Correct,
219,31772,What fraction of the shape is not shaded? Give your answer in its simplest form. [Image: A triangle split into 9 equal smaller triangles. 6 of them are shaded.],\( \frac{1}{3} \),3/9 is not shaded so that i divided it by 3 to get it to its simplest form and that is 1/3,True_Correct,
220,31772,What fraction of the shape is not shaded? Give your answer in its simplest form. [Image: A triangle split into 9 equal smaller triangles. 6 of them are shaded.],\( \frac{1}{3} \),3/9 is not shaded which is 1/3,True_Correct,
221,31772,What fraction of the shape is not shaded? Give your answer in its simplest form. [Image: A triangle split into 9 equal smaller triangles. 6 of them are shaded.],\( \frac{1}{3} \),"3/9 is not shaded, which is equivalent to 1/3",True_Correct,
222,31772,What fraction of the shape is not shaded? Give your answer in its simplest form. [Image: A triangle split into 9 equal smaller triangles. 6 of them are shaded.],\( \frac{1}{3} \),3/9 is not shaded.,True_Correct,
223,31772,What fraction of the shape is not shaded? Give your answer in its simplest form. [Image: A triangle split into 9 equal smaller triangles. 6 of them are shaded.],\( \frac{1}{3} \),3/9 is not shaded. 3/9 in its simplest form is 1/3.,True_Correct,
224,31772,What fraction of the shape is not shaded? Give your answer in its simplest form. [Image: A triangle split into 9 equal smaller triangles. 6 of them are shaded.],\( \frac{1}{3} \),3/9 is not shsded and 1/3 in its lowest form is 1/3.,True_Correct,
225,31772,What fraction of the shape is not shaded? Give your answer in its simplest form. [Image: A triangle split into 9 equal smaller triangles. 6 of them are shaded.],\( \frac{1}{3} \),3/9 is nott shaded in its simplest form it is 1/3.,True_Correct,
226,31772,What fraction of the shape is not shaded? Give your answer in its simplest form. [Image: A triangle split into 9 equal smaller triangles. 6 of them are shaded.],\( \frac{1}{3} \),3/9 is shaded and 3/9 can be simplified to 1/3,True_Correct,
227,31772,What fraction of the shape is not shaded? Give your answer in its simplest form. [Image: A triangle split into 9 equal smaller triangles. 6 of them are shaded.],\( \frac{1}{3} \),3/9 is shaded and 3/9 simplified is 1/3,True_Neither,
228,31772,What fraction of the shape is not shaded? Give your answer in its simplest form. [Image: A triangle split into 9 equal smaller triangles. 6 of them are shaded.],\( \frac{1}{3} \),3/9 is shaded and can be simplified to 1/3.,True_Neither,
229,31772,What fraction of the shape is not shaded? Give your answer in its simplest form. [Image: A triangle split into 9 equal smaller triangles. 6 of them are shaded.],\( \frac{1}{3} \),"3/9 is shaded and you can divide both numbers by 3 to get 1/3, which is the imports form",True_Neither,
230,31772,What fraction of the shape is not shaded? Give your answer in its simplest form. [Image: A triangle split into 9 equal smaller triangles. 6 of them are shaded.],\( \frac{1}{3} \),"3/9 is shaded and you can divide both numbers by 3 to gett 1/3, which is the import form.",True_Neither,
231,31772,What fraction of the shape is not shaded? Give your answer in its simplest form. [Image: A triangle split into 9 equal smaller triangles. 6 of them are shaded.],\( \frac{1}{3} \),3/9 is shaded but simplified the answer is 1/3,True_Neither,
232,31772,What fraction of the shape is not shaded? Give your answer in its simplest form. [Image: A triangle split into 9 equal smaller triangles. 6 of them are shaded.],\( \frac{1}{3} \),3/9 is shaded but the answerr is 1/3.,True_Correct,
233,31772,What fraction of the shape is not shaded? Give your answer in its simplest form. [Image: A triangle split into 9 equal smaller triangles. 6 of them are shaded.],\( \frac{1}{3} \),3/9 is shaded in and 3 is 1/3 of 9,True_Correct,
234,31772,What fraction of the shape is not shaded? Give your answer in its simplest form. [Image: A triangle split into 9 equal smaller triangles. 6 of them are shaded.],\( \frac{1}{3} \),3/9 is shaded so the answer would be 1/3 because if you divide them by 3 you get 1/3 which is 3/9 in its simplest form,True_Correct,
235,31772,What fraction of the shape is not shaded? Give your answer in its simplest form. [Image: A triangle split into 9 equal smaller triangles. 6 of them are shaded.],\( \frac{1}{3} \),3/9 is the answer but 1/3 is simplified,True_Correct,
236,31772,What fraction of the shape is not shaded? Give your answer in its simplest form. [Image: A triangle split into 9 equal smaller triangles. 6 of them are shaded.],\( \frac{1}{3} \),3/9 is the answer but it can be 1/3 as it is equivalent.,True_Correct,
237,31772,What fraction of the shape is not shaded? Give your answer in its simplest form. [Image: A triangle split into 9 equal smaller triangles. 6 of them are shaded.],\( \frac{1}{3} \),3/9 is the answer but it has to be simplified to 1/3,True_Correct,
238,31772,What fraction of the shape is not shaded? Give your answer in its simplest form. [Image: A triangle split into 9 equal smaller triangles. 6 of them are shaded.],\( \frac{1}{3} \),"3/9 is the answer but, simplified, it is 1/3",True_Correct,
239,31772,What fraction of the shape is not shaded? Give your answer in its simplest form. [Image: A triangle split into 9 equal smaller triangles. 6 of them are shaded.],\( \frac{1}{3} \),3/9 is the fraction and that in it's simplest form is 1/3 .,True_Correct,
240,31772,What fraction of the shape is not shaded? Give your answer in its simplest form. [Image: A triangle split into 9 equal smaller triangles. 6 of them are shaded.],\( \frac{1}{3} \),3/9 is the fraction and that in its simplest form is 1/3.,True_Correct,
241,31772,What fraction of the shape is not shaded? Give your answer in its simplest form. [Image: A triangle split into 9 equal smaller triangles. 6 of them are shaded.],\( \frac{1}{3} \),"3/9 is the fraction of the shape that isn't shaded but since that fraction isn't one of the options, I made it a smaller fraction -1/3-the answer!",True_Correct,
242,31772,What fraction of the shape is not shaded? Give your answer in its simplest form. [Image: A triangle split into 9 equal smaller triangles. 6 of them are shaded.],\( \frac{1}{3} \),3/9 is what is not shaded and 1/3 is the simplest form,True_Correct,
243,31772,What fraction of the shape is not shaded? Give your answer in its simplest form. [Image: A triangle split into 9 equal smaller triangles. 6 of them are shaded.],\( \frac{1}{3} \),3/9 is what is not shaded but simplifying that would be 1/3,True_Correct,
244,31772,What fraction of the shape is not shaded? Give your answer in its simplest form. [Image: A triangle split into 9 equal smaller triangles. 6 of them are shaded.],\( \frac{1}{3} \),3/9 is what is not shaded but simplifyingg that would be 1/3.,True_Correct,
245,31772,What fraction of the shape is not shaded? Give your answer in its simplest form. [Image: A triangle split into 9 equal smaller triangles. 6 of them are shaded.],\( \frac{1}{3} \),3/9 is what is unshaded which if divided by 3 give you 1/3 the simplist possible form,True_Correct,
246,31772,What fraction of the shape is not shaded? Give your answer in its simplest form. [Image: A triangle split into 9 equal smaller triangles. 6 of them are shaded.],\( \frac{1}{3} \),3/9 isn't shaded and that simplified is 1/3,True_Correct,
247,31772,What fraction of the shape is not shaded? Give your answer in its simplest form. [Image: A triangle split into 9 equal smaller triangles. 6 of them are shaded.],\( \frac{1}{3} \),3/9 isn't shaded and then you just divide it by 3 to get 1/3.,True_Correct,
248,31772,What fraction of the shape is not shaded? Give your answer in its simplest form. [Image: A triangle split into 9 equal smaller triangles. 6 of them are shaded.],\( \frac{1}{3} \),3/9 isn't shaded and then you just divide it by 3 to get1/3.,True_Correct,
249,31772,What fraction of the shape is not shaded? Give your answer in its simplest form. [Image: A triangle split into 9 equal smaller triangles. 6 of them are shaded.],\( \frac{1}{3} \),3/9 isn't shaded so you dimplify it to 1/3,True_Neither,
250,31772,What fraction of the shape is not shaded? Give your answer in its simplest form. [Image: A triangle split into 9 equal smaller triangles. 6 of them are shaded.],\( \frac{1}{3} \),3/9 isnt shaded but 1/3 is the simplest form,True_Correct,
251,31772,What fraction of the shape is not shaded? Give your answer in its simplest form. [Image: A triangle split into 9 equal smaller triangles. 6 of them are shaded.],\( \frac{1}{3} \),3/9 isnt shaded but 1/3 is the simplestt form.,True_Correct,
252,31772,What fraction of the shape is not shaded? Give your answer in its simplest form. [Image: A triangle split into 9 equal smaller triangles. 6 of them are shaded.],\( \frac{1}{3} \),3/9 isnt shaded in so you have to simplify it =1/3,True_Correct,
253,31772,What fraction of the shape is not shaded? Give your answer in its simplest form. [Image: A triangle split into 9 equal smaller triangles. 6 of them are shaded.],\( \frac{1}{3} \),3/9 isnt shaded in so youu have to simplify it =1/3.,True_Correct,
254,31772,What fraction of the shape is not shaded? Give your answer in its simplest form. [Image: A triangle split into 9 equal smaller triangles. 6 of them are shaded.],\( \frac{1}{3} \),3/9 isnt shaded so if you multiply 6/9 by 3 you get 1/3.,True_Neither,
255,31772,What fraction of the shape is not shaded? Give your answer in its simplest form. [Image: A triangle split into 9 equal smaller triangles. 6 of them are shaded.],\( \frac{1}{3} \),3/9 of the part is not shaded and 1/3 is the simplest of 3/9,True_Correct,
256,31772,What fraction of the shape is not shaded? Give your answer in its simplest form. [Image: A triangle split into 9 equal smaller triangles. 6 of them are shaded.],\( \frac{1}{3} \),3/9 of the shape Is not shaded is not in it simplest form so 1/3,True_Correct,
257,31772,What fraction of the shape is not shaded? Give your answer in its simplest form. [Image: A triangle split into 9 equal smaller triangles. 6 of them are shaded.],\( \frac{1}{3} \),3/9 of the shape are shaded in and which also equals 1/3,True_Neither,
258,31772,What fraction of the shape is not shaded? Give your answer in its simplest form. [Image: A triangle split into 9 equal smaller triangles. 6 of them are shaded.],\( \frac{1}{3} \),3/9 of the shape aren't shaded so you can simplify it and get 1/3.,True_Correct,
259,31772,What fraction of the shape is not shaded? Give your answer in its simplest form. [Image: A triangle split into 9 equal smaller triangles. 6 of them are shaded.],\( \frac{1}{3} \),3/9 of the shape is nit shaded which is the same as 1/3.,True_Correct,
260,31772,What fraction of the shape is not shaded? Give your answer in its simplest form. [Image: A triangle split into 9 equal smaller triangles. 6 of them are shaded.],\( \frac{1}{3} \),3/9 of the shape is not shaded and in its simplest form it is 1/3,True_Correct,
261,31772,What fraction of the shape is not shaded? Give your answer in its simplest form. [Image: A triangle split into 9 equal smaller triangles. 6 of them are shaded.],\( \frac{1}{3} \),3/9 of the shape is not shaded so in its simplest form it is 1/3 because you divide by three,True_Correct,
262,31772,What fraction of the shape is not shaded? Give your answer in its simplest form. [Image: A triangle split into 9 equal smaller triangles. 6 of them are shaded.],\( \frac{1}{3} \),3/9 of the shape is not shaded which is the same as 1/3,True_Correct,
263,31772,What fraction of the shape is not shaded? Give your answer in its simplest form. [Image: A triangle split into 9 equal smaller triangles. 6 of them are shaded.],\( \frac{1}{3} \),"3/9 of the shape is not shaded, in its simplest form, 1/3",True_Correct,
264,31772,What fraction of the shape is not shaded? Give your answer in its simplest form. [Image: A triangle split into 9 equal smaller triangles. 6 of them are shaded.],\( \frac{1}{3} \),"3/9 of the shape is not shaded, in its simplest form, 1/3.",True_Correct,
265,31772,What fraction of the shape is not shaded? Give your answer in its simplest form. [Image: A triangle split into 9 equal smaller triangles. 6 of them are shaded.],\( \frac{1}{3} \),3/9 of the shape isn't shaded,True_Misconception,Incomplete
266,31772,What fraction of the shape is not shaded? Give your answer in its simplest form. [Image: A triangle split into 9 equal smaller triangles. 6 of them are shaded.],\( \frac{1}{3} \),3/9 of the triangle is not shaded and 3/ 9 is divisible by 3 making it 1/3,True_Correct,
267,31772,What fraction of the shape is not shaded? Give your answer in its simplest form. [Image: A triangle split into 9 equal smaller triangles. 6 of them are shaded.],\( \frac{1}{3} \),3/9 of the triangle is not shaded and 3/9 simplified is 1/3,True_Correct,
268,31772,What fraction of the shape is not shaded? Give your answer in its simplest form. [Image: A triangle split into 9 equal smaller triangles. 6 of them are shaded.],\( \frac{1}{3} \),3/9 of the triangle is not shaded. 3/9 in it’s simplest form is 1/3,True_Correct,
269,31772,What fraction of the shape is not shaded? Give your answer in its simplest form. [Image: A triangle split into 9 equal smaller triangles. 6 of them are shaded.],\( \frac{1}{3} \),3/9 of the triangle is shaded but then you have to get its simplest form which is 1/3.,True_Neither,
270,31772,What fraction of the shape is not shaded? Give your answer in its simplest form. [Image: A triangle split into 9 equal smaller triangles. 6 of them are shaded.],\( \frac{1}{3} \),3/9 of the triangles are shaded which is equal to one third,True_Correct,
271,31772,What fraction of the shape is not shaded? Give your answer in its simplest form. [Image: A triangle split into 9 equal smaller triangles. 6 of them are shaded.],\( \frac{1}{3} \),3/9 of the triangles are shaded which is equal to one third,True_Neither,
272,31772,What fraction of the shape is not shaded? Give your answer in its simplest form. [Image: A triangle split into 9 equal smaller triangles. 6 of them are shaded.],\( \frac{1}{3} \),3/9 simlifyed is 1/3 so amswer is isA,True_Correct,
273,31772,What fraction of the shape is not shaded? Give your answer in its simplest form. [Image: A triangle split into 9 equal smaller triangles. 6 of them are shaded.],\( \frac{1}{3} \),3/9 simlifyed is 1/3 so answer is isA,True_Correct,
274,31772,What fraction of the shape is not shaded? Give your answer in its simplest form. [Image: A triangle split into 9 equal smaller triangles. 6 of them are shaded.],\( \frac{1}{3} \),3/9 simplified to its lowest form is 1/3,True_Correct,
275,31772,What fraction of the shape is not shaded? Give your answer in its simplest form. [Image: A triangle split into 9 equal smaller triangles. 6 of them are shaded.],\( \frac{1}{3} \),3/9 srent shaded but the simplest form is 1/3.,True_Correct,
276,31772,What fraction of the shape is not shaded? Give your answer in its simplest form. [Image: A triangle split into 9 equal smaller triangles. 6 of them are shaded.],\( \frac{1}{3} \),"3/9 the highestt common multiple is 3, so 1 3s =3 3 3s=9.",True_Neither,
277,31772,What fraction of the shape is not shaded? Give your answer in its simplest form. [Image: A triangle split into 9 equal smaller triangles. 6 of them are shaded.],\( \frac{1}{3} \),3/9 triangles are not shaded and divided that by three = 1/3,True_Correct,
278,31772,What fraction of the shape is not shaded? Give your answer in its simplest form. [Image: A triangle split into 9 equal smaller triangles. 6 of them are shaded.],\( \frac{1}{3} \),3/9 triangles are not shaded and divided that by three = 1/3.,True_Correct,
279,31772,What fraction of the shape is not shaded? Give your answer in its simplest form. [Image: A triangle split into 9 equal smaller triangles. 6 of them are shaded.],\( \frac{1}{3} \),3/9 triangles were shaded and then I simplified it to 1/3,True_Correct,
280,31772,What fraction of the shape is not shaded? Give your answer in its simplest form. [Image: A triangle split into 9 equal smaller triangles. 6 of them are shaded.],\( \frac{1}{3} \),3\9 is 1\3 so 1\3 is the answer,True_Correct,
281,31772,What fraction of the shape is not shaded? Give your answer in its simplest form. [Image: A triangle split into 9 equal smaller triangles. 6 of them are shaded.],\( \frac{1}{3} \),6 are shaded and 3 are not shaded. There is a total of 9 shapes inside the triangle. this makes the faction 3/9 which can be simplified to 1/3,True_Correct,
282,31772,What fraction of the shape is not shaded? Give your answer in its simplest form. [Image: A triangle split into 9 equal smaller triangles. 6 of them are shaded.],\( \frac{1}{3} \),6 are shaded and 3 are unshaded,True_Neither,
283,31772,What fraction of the shape is not shaded? Give your answer in its simplest form. [Image: A triangle split into 9 equal smaller triangles. 6 of them are shaded.],\( \frac{1}{3} \),6 divided by 3 is equall to 1/3.,True_Neither,
284,31772,What fraction of the shape is not shaded? Give your answer in its simplest form. [Image: A triangle split into 9 equal smaller triangles. 6 of them are shaded.],\( \frac{1}{3} \),6 of the 9 triangles are shades which means 3 are not shaded. 3/9 simplified is 1/3.,True_Correct,
285,31772,What fraction of the shape is not shaded? Give your answer in its simplest form. [Image: A triangle split into 9 equal smaller triangles. 6 of them are shaded.],\( \frac{1}{3} \),6/9 DIVIDED BY 3 IN THE SIMPLEST FORM IS 1/3,True_Neither,
286,31772,What fraction of the shape is not shaded? Give your answer in its simplest form. [Image: A triangle split into 9 equal smaller triangles. 6 of them are shaded.],\( \frac{1}{3} \),6/9 is shaded so 3/9 isnt and 3/9 is 1/3,True_Correct,
287,31772,What fraction of the shape is not shaded? Give your answer in its simplest form. [Image: A triangle split into 9 equal smaller triangles. 6 of them are shaded.],\( \frac{1}{3} \),6/9 is shaded so take away 6/9 from 9/9 gives you a fraction of 3/9 then simplify it gives you 1/3,True_Correct,
288,31772,What fraction of the shape is not shaded? Give your answer in its simplest form. [Image: A triangle split into 9 equal smaller triangles. 6 of them are shaded.],\( \frac{1}{3} \),6/9 is shaded which means 3/9 will be left and 3/9 simplified is 1/3 which is A.,True_Correct,
289,31772,What fraction of the shape is not shaded? Give your answer in its simplest form. [Image: A triangle split into 9 equal smaller triangles. 6 of them are shaded.],\( \frac{1}{3} \),6/9 is the same as 2/3 and that leaves 1/3,True_Correct,
290,31772,What fraction of the shape is not shaded? Give your answer in its simplest form. [Image: A triangle split into 9 equal smaller triangles. 6 of them are shaded.],\( \frac{1}{3} \),6/9 is the same as 2/3 so 1/3 is left.,True_Correct,
291,31772,What fraction of the shape is not shaded? Give your answer in its simplest form. [Image: A triangle split into 9 equal smaller triangles. 6 of them are shaded.],\( \frac{1}{3} \),6/9 triangles are shaded and 3 are not which means that 3/9 aren't . 3/9 simplified is 1/3,True_Correct,
292,31772,What fraction of the shape is not shaded? Give your answer in its simplest form. [Image: A triangle split into 9 equal smaller triangles. 6 of them are shaded.],\( \frac{1}{3} \),6?9 in its simplest form is 1/3,True_Neither,
293,31772,What fraction of the shape is not shaded? Give your answer in its simplest form. [Image: A triangle split into 9 equal smaller triangles. 6 of them are shaded.],\( \frac{1}{3} \),9 divided by 3=3 and their is 3 shapes not shaded,True_Correct,
294,31772,What fraction of the shape is not shaded? Give your answer in its simplest form. [Image: A triangle split into 9 equal smaller triangles. 6 of them are shaded.],\( \frac{1}{3} \),9 divided by 3=3 then 3 divided by 3=1,True_Correct,
295,31772,What fraction of the shape is not shaded? Give your answer in its simplest form. [Image: A triangle split into 9 equal smaller triangles. 6 of them are shaded.],\( \frac{1}{3} \),9 in total 3 are un shaded,True_Correct,
296,31772,What fraction of the shape is not shaded? Give your answer in its simplest form. [Image: A triangle split into 9 equal smaller triangles. 6 of them are shaded.],\( \frac{1}{3} \),"9 parts and 6 are shaded, therefore 3 are not shaded meaning 3/9 but the simplified form is 1/3.",True_Correct,
297,31772,What fraction of the shape is not shaded? Give your answer in its simplest form. [Image: A triangle split into 9 equal smaller triangles. 6 of them are shaded.],\( \frac{1}{3} \),"9 parts, 3 are not shaded. Divide the numerator and denominator to get 1/3",True_Correct,
298,31772,What fraction of the shape is not shaded? Give your answer in its simplest form. [Image: A triangle split into 9 equal smaller triangles. 6 of them are shaded.],\( \frac{1}{3} \),9 pieces and 3 are not coloured in so 9 divided by 3 is 1/3,True_Correct,
299,31772,What fraction of the shape is not shaded? Give your answer in its simplest form. [Image: A triangle split into 9 equal smaller triangles. 6 of them are shaded.],\( \frac{1}{3} \),9 pieces and 3 are not coloured in so 9 dividrd by 3 is 1/3.,True_Correct,
300,31772,What fraction of the shape is not shaded? Give your answer in its simplest form. [Image: A triangle split into 9 equal smaller triangles. 6 of them are shaded.],\( \frac{1}{3} \),9 segments in the triangle. 3 are not shaded. 3/9 = 1/3,True_Correct,
301,31772,What fraction of the shape is not shaded? Give your answer in its simplest form. [Image: A triangle split into 9 equal smaller triangles. 6 of them are shaded.],\( \frac{1}{3} \),9 small triangles are in the larger one 3 are unshaded 3/9 = 1/3,True_Correct,
302,31772,What fraction of the shape is not shaded? Give your answer in its simplest form. [Image: A triangle split into 9 equal smaller triangles. 6 of them are shaded.],\( \frac{1}{3} \),9 squares and 3 are not shaded so it=3/9 simplest form is 1/3,True_Correct,
303,31772,What fraction of the shape is not shaded? Give your answer in its simplest form. [Image: A triangle split into 9 equal smaller triangles. 6 of them are shaded.],\( \frac{1}{3} \),9 triangles 3 are shaded 6 are not,True_Correct,
304,31772,What fraction of the shape is not shaded? Give your answer in its simplest form. [Image: A triangle split into 9 equal smaller triangles. 6 of them are shaded.],\( \frac{1}{3} \),9 triangles 3 not shaded in its simplest form is one third,True_Correct,
305,31772,What fraction of the shape is not shaded? Give your answer in its simplest form. [Image: A triangle split into 9 equal smaller triangles. 6 of them are shaded.],\( \frac{1}{3} \),9 triangles all together = denominater 3 not shaded = numerater 3/9 simplified = 1/3,True_Correct,
306,31772,What fraction of the shape is not shaded? Give your answer in its simplest form. [Image: A triangle split into 9 equal smaller triangles. 6 of them are shaded.],\( \frac{1}{3} \),"9 triangles are in the big triangle and 6 are shaded. 3 aren't shaded so it would be 3/9. 3 divided by 3 is 1. 9 divided by 3 is 3, so the answer in its simplest form is 1/3.",True_Correct,
307,31772,What fraction of the shape is not shaded? Give your answer in its simplest form. [Image: A triangle split into 9 equal smaller triangles. 6 of them are shaded.],\( \frac{1}{3} \),"9 triangles in total, three unshaded. Simplified to 1/3",True_Correct,
308,31772,What fraction of the shape is not shaded? Give your answer in its simplest form. [Image: A triangle split into 9 equal smaller triangles. 6 of them are shaded.],\( \frac{1}{3} \),9 triangles in total. 3 not shaded. 3 out of 9 not shaded. 3/9 Simplify 3/9 = 1/3,True_Correct,
309,31772,What fraction of the shape is not shaded? Give your answer in its simplest form. [Image: A triangle split into 9 equal smaller triangles. 6 of them are shaded.],\( \frac{1}{3} \),"9 triangles, 3 not shaded.... simplifies down",True_Correct,
310,31772,What fraction of the shape is not shaded? Give your answer in its simplest form. [Image: A triangle split into 9 equal smaller triangles. 6 of them are shaded.],\( \frac{1}{3} \),A because 1-3 is the same as 3-9,True_Correct,
311,31772,What fraction of the shape is not shaded? Give your answer in its simplest form. [Image: A triangle split into 9 equal smaller triangles. 6 of them are shaded.],\( \frac{1}{3} \),A because 1-3 is the samee as 3-9,True_Correct,
312,31772,What fraction of the shape is not shaded? Give your answer in its simplest form. [Image: A triangle split into 9 equal smaller triangles. 6 of them are shaded.],\( \frac{1}{3} \),A because 3 are not shaded and 6+3=9so it Is 3 9th simplified 1 3rd,True_Correct,
313,31772,What fraction of the shape is not shaded? Give your answer in its simplest form. [Image: A triangle split into 9 equal smaller triangles. 6 of them are shaded.],\( \frac{1}{3} \),A because 3 are not shaded and 6+3=9so it Is 3 9th simplified 1 3rd,True_Correct,
314,31772,What fraction of the shape is not shaded? Give your answer in its simplest form. [Image: A triangle split into 9 equal smaller triangles. 6 of them are shaded.],\( \frac{1}{3} \),A because 3/9 are not shaded and this can be simplified to 1/3,True_Correct,
315,31772,What fraction of the shape is not shaded? Give your answer in its simplest form. [Image: A triangle split into 9 equal smaller triangles. 6 of them are shaded.],\( \frac{1}{3} \),A because 3/9 aren't shaded and this can be simplified to 1/3,True_Correct,
316,31772,What fraction of the shape is not shaded? Give your answer in its simplest form. [Image: A triangle split into 9 equal smaller triangles. 6 of them are shaded.],\( \frac{1}{3} \),A because 3/9 can be simplified to 1/3 and 3 shapes are not shaded,True_Correct,
317,31772,What fraction of the shape is not shaded? Give your answer in its simplest form. [Image: A triangle split into 9 equal smaller triangles. 6 of them are shaded.],\( \frac{1}{3} \),A because 6 blocks are shaded and three are not so 3 of the blocks is 1 / 3 and we have to find what three theyy are.,True_Neither,
318,31772,What fraction of the shape is not shaded? Give your answer in its simplest form. [Image: A triangle split into 9 equal smaller triangles. 6 of them are shaded.],\( \frac{1}{3} \),A because 6 blocks are shaded and three are not so 3 of the the blocks is 1/3 and we have to find what three blocks are.,True_Correct,
319,31772,What fraction of the shape is not shaded? Give your answer in its simplest form. [Image: A triangle split into 9 equal smaller triangles. 6 of them are shaded.],\( \frac{1}{3} \),A because 6/9 are shaded so that mean 3/9 aren’t and 3/9 is the same as 1/3,True_Correct,
320,31772,What fraction of the shape is not shaded? Give your answer in its simplest form. [Image: A triangle split into 9 equal smaller triangles. 6 of them are shaded.],\( \frac{1}{3} \),A because 6/9 in its simplest form is 1/3,True_Neither,
321,31772,What fraction of the shape is not shaded? Give your answer in its simplest form. [Image: A triangle split into 9 equal smaller triangles. 6 of them are shaded.],\( \frac{1}{3} \),A because 9/3=3 so it is 1/3,True_Neither,
322,31772,What fraction of the shape is not shaded? Give your answer in its simplest form. [Image: A triangle split into 9 equal smaller triangles. 6 of them are shaded.],\( \frac{1}{3} \),A because if there are 9 parts and 3 are not shaded then that is 3/9 = 1/3,True_Correct,
323,31772,What fraction of the shape is not shaded? Give your answer in its simplest form. [Image: A triangle split into 9 equal smaller triangles. 6 of them are shaded.],\( \frac{1}{3} \),A because if you count the all of the triangles there is 9 and count the one that haven’t been shaded in there is 3 and 3/9 in its simplest form is 1/3,True_Correct,
324,31772,What fraction of the shape is not shaded? Give your answer in its simplest form. [Image: A triangle split into 9 equal smaller triangles. 6 of them are shaded.],\( \frac{1}{3} \),A because if you look at the white then it will be 3/9 and if we simplify that it would be 1/3 which is A,True_Correct,
325,31772,What fraction of the shape is not shaded? Give your answer in its simplest form. [Image: A triangle split into 9 equal smaller triangles. 6 of them are shaded.],\( \frac{1}{3} \),A because its 3/9 but simplify it to 1/3,True_Correct,
326,31772,What fraction of the shape is not shaded? Give your answer in its simplest form. [Image: A triangle split into 9 equal smaller triangles. 6 of them are shaded.],\( \frac{1}{3} \),A because it’s is shaded as 3/9 and then u put it in its simplest form it’s 1/3,True_Neither,
327,31772,What fraction of the shape is not shaded? Give your answer in its simplest form. [Image: A triangle split into 9 equal smaller triangles. 6 of them are shaded.],\( \frac{1}{3} \),A because it’s its made of 9 pieces and 6 are shaded which leaves 1/3,True_Correct,
328,31772,What fraction of the shape is not shaded? Give your answer in its simplest form. [Image: A triangle split into 9 equal smaller triangles. 6 of them are shaded.],\( \frac{1}{3} \),A because the fraction that is shaded is 3/9 and then if you divide it by 3 it would be 1/3 which is its simplest form.,True_Neither,
329,31772,What fraction of the shape is not shaded? Give your answer in its simplest form. [Image: A triangle split into 9 equal smaller triangles. 6 of them are shaded.],\( \frac{1}{3} \),A because the fraction that is shaded is 3/9 and then if you divided it by 3 it would be 1/3 which is its dimplest form.,True_Neither,
330,31772,What fraction of the shape is not shaded? Give your answer in its simplest form. [Image: A triangle split into 9 equal smaller triangles. 6 of them are shaded.],\( \frac{1}{3} \),A because there are 3 squares not shaded and 3/9 is the same as 1/3,True_Correct,
331,31772,What fraction of the shape is not shaded? Give your answer in its simplest form. [Image: A triangle split into 9 equal smaller triangles. 6 of them are shaded.],\( \frac{1}{3} \),A because there are 6 out of 9 shaded which 1/3 is left,True_Correct,
332,31772,What fraction of the shape is not shaded? Give your answer in its simplest form. [Image: A triangle split into 9 equal smaller triangles. 6 of them are shaded.],\( \frac{1}{3} \),A because there are 9 triangles and 3 of them are not shaded so the simplest fraction is 1/3,True_Correct,
333,31772,What fraction of the shape is not shaded? Give your answer in its simplest form. [Image: A triangle split into 9 equal smaller triangles. 6 of them are shaded.],\( \frac{1}{3} \),A because there are 9 triangless and 3 of them are not shaded so the simplest fraction is 1/3.,True_Correct,
334,31772,What fraction of the shape is not shaded? Give your answer in its simplest form. [Image: A triangle split into 9 equal smaller triangles. 6 of them are shaded.],\( \frac{1}{3} \),A because there were 9 triangles and 3 were not shaded.9-6=3,True_Correct,
335,31772,What fraction of the shape is not shaded? Give your answer in its simplest form. [Image: A triangle split into 9 equal smaller triangles. 6 of them are shaded.],\( \frac{1}{3} \),A because we did it in class,True_Neither,
336,31772,What fraction of the shape is not shaded? Give your answer in its simplest form. [Image: A triangle split into 9 equal smaller triangles. 6 of them are shaded.],\( \frac{1}{3} \),A because you put 3/9 in its simplest form and that is 1/3.,True_Correct,
337,31772,What fraction of the shape is not shaded? Give your answer in its simplest form. [Image: A triangle split into 9 equal smaller triangles. 6 of them are shaded.],\( \frac{1}{3} \),A is the answer because the numerator and the denominator of 3/9 = 1/3.,True_Correct,
338,31772,What fraction of the shape is not shaded? Give your answer in its simplest form. [Image: A triangle split into 9 equal smaller triangles. 6 of them are shaded.],\( \frac{1}{3} \),A is the correct answer because the the simplest form of the shape is 1/3,True_Neither,
339,31772,What fraction of the shape is not shaded? Give your answer in its simplest form. [Image: A triangle split into 9 equal smaller triangles. 6 of them are shaded.],\( \frac{1}{3} \),A is the simplest form because 3/9 divided by 3 is 1/3,True_Correct,
340,31772,What fraction of the shape is not shaded? Give your answer in its simplest form. [Image: A triangle split into 9 equal smaller triangles. 6 of them are shaded.],\( \frac{1}{3} \),A since there are 9 triangles and 3 not shaded 3/9 simplflied is 1/3,True_Correct,
341,31772,What fraction of the shape is not shaded? Give your answer in its simplest form. [Image: A triangle split into 9 equal smaller triangles. 6 of them are shaded.],\( \frac{1}{3} \),"A, as its 3/9, but it says give it as a simplest form, so 1/3.",True_Correct,
342,31772,What fraction of the shape is not shaded? Give your answer in its simplest form. [Image: A triangle split into 9 equal smaller triangles. 6 of them are shaded.],\( \frac{1}{3} \),A. We did it in class.,True_Neither,
343,31772,What fraction of the shape is not shaded? Give your answer in its simplest form. [Image: A triangle split into 9 equal smaller triangles. 6 of them are shaded.],\( \frac{1}{3} \),Add all squares which is 9 count all unshaded squares which is 3 divide both by three to get answer and get your answer,True_Correct,
344,31772,What fraction of the shape is not shaded? Give your answer in its simplest form. [Image: A triangle split into 9 equal smaller triangles. 6 of them are shaded.],\( \frac{1}{3} \),"After counting the little triangles in the big triangle, I saw that there was 9. So I looked how many little triangles arn't shaded, and there was three. So I new that the answer was 3/9 but simplified, it is 1/3, and 1/3 is A.",True_Correct,
345,31772,What fraction of the shape is not shaded? Give your answer in its simplest form. [Image: A triangle split into 9 equal smaller triangles. 6 of them are shaded.],\( \frac{1}{3} \),"Although 3/9 are not shaded, we need to simplify this to 1/3 by dividing the numerator and denominator by 3.",True_Correct,
346,31772,What fraction of the shape is not shaded? Give your answer in its simplest form. [Image: A triangle split into 9 equal smaller triangles. 6 of them are shaded.],\( \frac{1}{3} \),"Altogether there are 9 parts and 3 which are not shaded so that equals 3/9 but if you simplify it, it will equal 1/3.",True_Correct,
347,31772,What fraction of the shape is not shaded? Give your answer in its simplest form. [Image: A triangle split into 9 equal smaller triangles. 6 of them are shaded.],\( \frac{1}{3} \),Altogether there are 9 squares. 3/9 aren't shaded. simplify then you get 1/3,True_Correct,
348,31772,What fraction of the shape is not shaded? Give your answer in its simplest form. [Image: A triangle split into 9 equal smaller triangles. 6 of them are shaded.],\( \frac{1}{3} \),And there are 9 triangles and 3 are shaded and if you simplify it you get one third.,True_Neither,
349,31772,What fraction of the shape is not shaded? Give your answer in its simplest form. [Image: A triangle split into 9 equal smaller triangles. 6 of them are shaded.],\( \frac{1}{3} \),"Answer A. Because there are 6 shaded triangles and 9 total, the total is 6 + 9 = 18. Then, 3/9 is the same as 1/3, so you would have to answer A again.",True_Neither,
350,31772,What fraction of the shape is not shaded? Give your answer in its simplest form. [Image: A triangle split into 9 equal smaller triangles. 6 of them are shaded.],\( \frac{1}{3} \),As 2/3 are shaded so 1/3 is not shaded.One third is three little triangles.,True_Correct,
351,31772,What fraction of the shape is not shaded? Give your answer in its simplest form. [Image: A triangle split into 9 equal smaller triangles. 6 of them are shaded.],\( \frac{1}{3} \),As 3 parts of the shape is not shaded and in total there are 9 parts so the fraction will be 3/9 and if simplified it will be 1/3.,True_Correct,
352,31772,What fraction of the shape is not shaded? Give your answer in its simplest form. [Image: A triangle split into 9 equal smaller triangles. 6 of them are shaded.],\( \frac{1}{3} \),As 3/9 are not shaded and 3/9 in its lowest form is 1/3,True_Correct,
353,31772,What fraction of the shape is not shaded? Give your answer in its simplest form. [Image: A triangle split into 9 equal smaller triangles. 6 of them are shaded.],\( \frac{1}{3} \),As 3/9 in its sipmpilist form is 1/3,True_Correct,
354,31772,What fraction of the shape is not shaded? Give your answer in its simplest form. [Image: A triangle split into 9 equal smaller triangles. 6 of them are shaded.],\( \frac{1}{3} \),As 3/9 is not shaded and if you divide that by 3 on both sides you will get 1/3 and that is 3/9 in its simplest form,True_Correct,
355,31772,What fraction of the shape is not shaded? Give your answer in its simplest form. [Image: A triangle split into 9 equal smaller triangles. 6 of them are shaded.],\( \frac{1}{3} \),As 39 in it’s simple form is 13,True_Correct,
356,31772,What fraction of the shape is not shaded? Give your answer in its simplest form. [Image: A triangle split into 9 equal smaller triangles. 6 of them are shaded.],\( \frac{1}{3} \),As 6/9 / 3 =2/3 which leaves 1/3 for the rest,True_Correct,
357,31772,What fraction of the shape is not shaded? Give your answer in its simplest form. [Image: A triangle split into 9 equal smaller triangles. 6 of them are shaded.],\( \frac{1}{3} \),As 6/9 not shaded is 3/9 and 3/9 is equal to 1/3,True_Correct,
358,31772,What fraction of the shape is not shaded? Give your answer in its simplest form. [Image: A triangle split into 9 equal smaller triangles. 6 of them are shaded.],\( \frac{1}{3} \),As it can be simplifed from 3 / 9 and 3/9 is the answer so 1/3 is the answer in its simplest form,True_Correct,
359,31772,What fraction of the shape is not shaded? Give your answer in its simplest form. [Image: A triangle split into 9 equal smaller triangles. 6 of them are shaded.],\( \frac{1}{3} \),As it is 6/9 and simplify to 1/3,True_Neither,
360,31772,What fraction of the shape is not shaded? Give your answer in its simplest form. [Image: A triangle split into 9 equal smaller triangles. 6 of them are shaded.],\( \frac{1}{3} \),"As the triangle is split into /9 and three of them are not shaded so its 3/9 however, you can simplify it to 1/3.",True_Correct,
361,31772,What fraction of the shape is not shaded? Give your answer in its simplest form. [Image: A triangle split into 9 equal smaller triangles. 6 of them are shaded.],\( \frac{1}{3} \),As there are 3 of the triangles are not shaded out of 9 the fraction will be 3/9 which can be simplified down to 1/3 as you are dividing both the numerator and denominator by 3.,True_Correct,
362,31772,What fraction of the shape is not shaded? Give your answer in its simplest form. [Image: A triangle split into 9 equal smaller triangles. 6 of them are shaded.],\( \frac{1}{3} \),As there are 9 small triangles in total and 3 aren't shaded but you have to simplify it so you get 1/3.,True_Correct,
363,31772,What fraction of the shape is not shaded? Give your answer in its simplest form. [Image: A triangle split into 9 equal smaller triangles. 6 of them are shaded.],\( \frac{1}{3} \),As there are 9 triangles and 3 are not shaded. This is 3/9 but then you have to simplify it by dividing the numerator and denominator by 3. This gives 1/3.,True_Correct,
364,31772,What fraction of the shape is not shaded? Give your answer in its simplest form. [Image: A triangle split into 9 equal smaller triangles. 6 of them are shaded.],\( \frac{1}{3} \),As there are nine triangles in the shape and 3 of them are not shaded and it wants it in the simplest form which is 1/3,True_Correct,
365,31772,What fraction of the shape is not shaded? Give your answer in its simplest form. [Image: A triangle split into 9 equal smaller triangles. 6 of them are shaded.],\( \frac{1}{3} \),BECAUSE I THINK IT IS THE RIGHT ANSWER e,True_Neither,
366,31772,What fraction of the shape is not shaded? Give your answer in its simplest form. [Image: A triangle split into 9 equal smaller triangles. 6 of them are shaded.],\( \frac{1}{3} \),BECAUSE I THINK IT IS THE RIGHTT ANSWER,True_Neither,
367,31772,What fraction of the shape is not shaded? Give your answer in its simplest form. [Image: A triangle split into 9 equal smaller triangles. 6 of them are shaded.],\( \frac{1}{3} \),BECAUSE THERE ARE 9 TRIANGLES IN THE TRIANGLE 3 OF WHICH ARE NOT SHADED AND 3:9=1:3,True_Correct,
368,31772,What fraction of the shape is not shaded? Give your answer in its simplest form. [Image: A triangle split into 9 equal smaller triangles. 6 of them are shaded.],\( \frac{1}{3} \),BECUSE 3/9 IS NOT SHADED AND IF YOU SIMPLIFY IT YOU GET 1/3,True_Correct,
369,31772,What fraction of the shape is not shaded? Give your answer in its simplest form. [Image: A triangle split into 9 equal smaller triangles. 6 of them are shaded.],\( \frac{1}{3} \),BECUSE 3/9 IS NOT SHADED AND IF YOU SIMPLIFY IT YOU GET 1/3,True_Correct,
370,31772,What fraction of the shape is not shaded? Give your answer in its simplest form. [Image: A triangle split into 9 equal smaller triangles. 6 of them are shaded.],\( \frac{1}{3} \),"Beacuse it is 3/9 and if you simplify it, it would be 1/3.",True_Correct,
371,31772,What fraction of the shape is not shaded? Give your answer in its simplest form. [Image: A triangle split into 9 equal smaller triangles. 6 of them are shaded.],\( \frac{1}{3} \),Because it was the right thing I counted and I just counted the shaded blocks,True_Neither,
372,31772,What fraction of the shape is not shaded? Give your answer in its simplest form. [Image: A triangle split into 9 equal smaller triangles. 6 of them are shaded.],\( \frac{1}{3} \),Because 1/3 is a simple form of 3/9 (3 out of nine are not shaded),True_Correct,
373,31772,What fraction of the shape is not shaded? Give your answer in its simplest form. [Image: A triangle split into 9 equal smaller triangles. 6 of them are shaded.],\( \frac{1}{3} \),Because 1/3 is 3/9 but we have to simplify,True_Correct,
374,31772,What fraction of the shape is not shaded? Give your answer in its simplest form. [Image: A triangle split into 9 equal smaller triangles. 6 of them are shaded.],\( \frac{1}{3} \),Because 1/3 is the same as 3/9 and 3/9 of the traiagle is shaded.,True_Neither,
375,31772,What fraction of the shape is not shaded? Give your answer in its simplest form. [Image: A triangle split into 9 equal smaller triangles. 6 of them are shaded.],\( \frac{1}{3} \),Because 1/3 is the same as 3/9 and 3/9 of the triangle is not shaded,True_Correct,
376,31772,What fraction of the shape is not shaded? Give your answer in its simplest form. [Image: A triangle split into 9 equal smaller triangles. 6 of them are shaded.],\( \frac{1}{3} \),Because 1/3 is the same as 3/9.,True_Correct,
377,31772,What fraction of the shape is not shaded? Give your answer in its simplest form. [Image: A triangle split into 9 equal smaller triangles. 6 of them are shaded.],\( \frac{1}{3} \),Because 1/3 of the triangles is 3.,True_Correct,
378,31772,What fraction of the shape is not shaded? Give your answer in its simplest form. [Image: A triangle split into 9 equal smaller triangles. 6 of them are shaded.],\( \frac{1}{3} \),Because 1/3 x 3 = 3/9 so 1/3 is 3/9 simplified,True_Correct,
379,31772,What fraction of the shape is not shaded? Give your answer in its simplest form. [Image: A triangle split into 9 equal smaller triangles. 6 of them are shaded.],\( \frac{1}{3} \),Because 2/3 of the shape is shaded so 1/3 is not,True_Correct,
380,31772,What fraction of the shape is not shaded? Give your answer in its simplest form. [Image: A triangle split into 9 equal smaller triangles. 6 of them are shaded.],\( \frac{1}{3} \),Because 3 / 9 is the same as saying 1/3.,True_Correct,
381,31772,What fraction of the shape is not shaded? Give your answer in its simplest form. [Image: A triangle split into 9 equal smaller triangles. 6 of them are shaded.],\( \frac{1}{3} \),Because 3 9 ths simplified is 1 3 rd,True_Correct,
382,31772,What fraction of the shape is not shaded? Give your answer in its simplest form. [Image: A triangle split into 9 equal smaller triangles. 6 of them are shaded.],\( \frac{1}{3} \),Because 3 are blank and there are 9 so 3/9 simplified is 1/3.,True_Correct,
383,31772,What fraction of the shape is not shaded? Give your answer in its simplest form. [Image: A triangle split into 9 equal smaller triangles. 6 of them are shaded.],\( \frac{1}{3} \),Because 3 are blank and there are nine so 3/9 simplified is 1/3,True_Correct,
384,31772,What fraction of the shape is not shaded? Give your answer in its simplest form. [Image: A triangle split into 9 equal smaller triangles. 6 of them are shaded.],\( \frac{1}{3} \),Because 3 are not shaded and 3/9 = 1/3,True_Correct,
385,31772,What fraction of the shape is not shaded? Give your answer in its simplest form. [Image: A triangle split into 9 equal smaller triangles. 6 of them are shaded.],\( \frac{1}{3} \),Because 3 fits into 9 three times so 3/9 is the same as 1/3.,True_Correct,
386,31772,What fraction of the shape is not shaded? Give your answer in its simplest form. [Image: A triangle split into 9 equal smaller triangles. 6 of them are shaded.],\( \frac{1}{3} \),Because 3 fits into 9 three times so 3/9 is the same as 1/3.,True_Correct,
387,31772,What fraction of the shape is not shaded? Give your answer in its simplest form. [Image: A triangle split into 9 equal smaller triangles. 6 of them are shaded.],\( \frac{1}{3} \),Because 3 is not shaded which means it is the numeriiator and 6 is he denomiator divided by 3 is 1/3,True_Neither,
388,31772,What fraction of the shape is not shaded? Give your answer in its simplest form. [Image: A triangle split into 9 equal smaller triangles. 6 of them are shaded.],\( \frac{1}{3} \),Because 3 ninths are not shaded and 3 ninths simplified I'd 1 third,True_Correct,
389,31772,What fraction of the shape is not shaded? Give your answer in its simplest form. [Image: A triangle split into 9 equal smaller triangles. 6 of them are shaded.],\( \frac{1}{3} \),"Because 3 of 9 are not shaded,but it said give the answer in its simplest form",True_Correct,
390,31772,What fraction of the shape is not shaded? Give your answer in its simplest form. [Image: A triangle split into 9 equal smaller triangles. 6 of them are shaded.],\( \frac{1}{3} \),Because 3 of the nine triangles aren’t shaded=3/9=1/3,True_Correct,
391,31772,What fraction of the shape is not shaded? Give your answer in its simplest form. [Image: A triangle split into 9 equal smaller triangles. 6 of them are shaded.],\( \frac{1}{3} \),Because 3 of the pieces are not shaded,True_Neither,
392,31772,What fraction of the shape is not shaded? Give your answer in its simplest form. [Image: A triangle split into 9 equal smaller triangles. 6 of them are shaded.],\( \frac{1}{3} \),Because 3 out of 9 is shaded and in its simplest form it is 1 3rd,True_Neither,
393,31772,What fraction of the shape is not shaded? Give your answer in its simplest form. [Image: A triangle split into 9 equal smaller triangles. 6 of them are shaded.],\( \frac{1}{3} \),Because 3 out of 9 triangles are not shaded 3 out of 9 simplified equals divide by 3 it is 1out of 3.,True_Correct,
394,31772,What fraction of the shape is not shaded? Give your answer in its simplest form. [Image: A triangle split into 9 equal smaller triangles. 6 of them are shaded.],\( \frac{1}{3} \),Because 3 out of 9 triangles are not shaded. 3/9 simplifies to 1/3.,True_Correct,
395,31772,What fraction of the shape is not shaded? Give your answer in its simplest form. [Image: A triangle split into 9 equal smaller triangles. 6 of them are shaded.],\( \frac{1}{3} \),Because 3 out of 9 triangles are shaded and 3/9 in its simplest form is 1/3,True_Correct,
396,31772,What fraction of the shape is not shaded? Give your answer in its simplest form. [Image: A triangle split into 9 equal smaller triangles. 6 of them are shaded.],\( \frac{1}{3} \),Because 3 over 6 in simplest form is 1 over 3,True_Neither,
397,31772,What fraction of the shape is not shaded? Give your answer in its simplest form. [Image: A triangle split into 9 equal smaller triangles. 6 of them are shaded.],\( \frac{1}{3} \),Because 3 over 9 in its simplest form is 1 third,True_Correct,
398,31772,What fraction of the shape is not shaded? Give your answer in its simplest form. [Image: A triangle split into 9 equal smaller triangles. 6 of them are shaded.],\( \frac{1}{3} \),"Because 3 shapes aren't shaded out of the total shapes which are 9 shapes. Therefore the answer is 3/9, however, we can simplify the answer to 1/3",True_Correct,
399,31772,What fraction of the shape is not shaded? Give your answer in its simplest form. [Image: A triangle split into 9 equal smaller triangles. 6 of them are shaded.],\( \frac{1}{3} \),"Because 3/9 are not shaded and in its simplest form , its 1/3",True_Correct,
400,31772,What fraction of the shape is not shaded? Give your answer in its simplest form. [Image: A triangle split into 9 equal smaller triangles. 6 of them are shaded.],\( \frac{1}{3} \),Because 3/9 are not shaded and that simplified is 1/3.,True_Correct,
401,31772,What fraction of the shape is not shaded? Give your answer in its simplest form. [Image: A triangle split into 9 equal smaller triangles. 6 of them are shaded.],\( \frac{1}{3} \),Because 3/9 are not shaded and that simplified is 1/3.,True_Correct,
402,31772,What fraction of the shape is not shaded? Give your answer in its simplest form. [Image: A triangle split into 9 equal smaller triangles. 6 of them are shaded.],\( \frac{1}{3} \),Because 3/9 are shaded and if you simplify it you will get 1/3,True_Neither,
403,31772,What fraction of the shape is not shaded? Give your answer in its simplest form. [Image: A triangle split into 9 equal smaller triangles. 6 of them are shaded.],\( \frac{1}{3} \),Because 3/9 are shaded and if you simplify it you will get 1/3.,True_Neither,
404,31772,What fraction of the shape is not shaded? Give your answer in its simplest form. [Image: A triangle split into 9 equal smaller triangles. 6 of them are shaded.],\( \frac{1}{3} \),Because 3/9 are unshaded and simplified is 1/3.,True_Correct,
405,31772,What fraction of the shape is not shaded? Give your answer in its simplest form. [Image: A triangle split into 9 equal smaller triangles. 6 of them are shaded.],\( \frac{1}{3} \),Because 3/9 can be divided by 3 again and we know that there are 9 pieces in the triangle.,True_Neither,
406,31772,What fraction of the shape is not shaded? Give your answer in its simplest form. [Image: A triangle split into 9 equal smaller triangles. 6 of them are shaded.],\( \frac{1}{3} \),"Because 3/9 can be simplified into 1/3 by dividing both the numerator and denominator by 3,",True_Correct,
407,31772,What fraction of the shape is not shaded? Give your answer in its simplest form. [Image: A triangle split into 9 equal smaller triangles. 6 of them are shaded.],\( \frac{1}{3} \),Because 3/9 can be simplified into 1/3 by dividing bother the numerator and denominator by 3,True_Correct,
408,31772,What fraction of the shape is not shaded? Give your answer in its simplest form. [Image: A triangle split into 9 equal smaller triangles. 6 of them are shaded.],\( \frac{1}{3} \),Because 3/9 goes into 3 and simplifies it to1/3.,True_Correct,
409,31772,What fraction of the shape is not shaded? Give your answer in its simplest form. [Image: A triangle split into 9 equal smaller triangles. 6 of them are shaded.],\( \frac{1}{3} \),Because 3/9 goes into 3 and simplify’s it to1/3,True_Correct,
410,31772,What fraction of the shape is not shaded? Give your answer in its simplest form. [Image: A triangle split into 9 equal smaller triangles. 6 of them are shaded.],\( \frac{1}{3} \),Because 3/9 in its simple form it’s 1/3,True_Correct,
411,31772,What fraction of the shape is not shaded? Give your answer in its simplest form. [Image: A triangle split into 9 equal smaller triangles. 6 of them are shaded.],\( \frac{1}{3} \),Because 3/9 in its simplest form is 1/3,True_Correct,
412,31772,What fraction of the shape is not shaded? Give your answer in its simplest form. [Image: A triangle split into 9 equal smaller triangles. 6 of them are shaded.],\( \frac{1}{3} \),Because 3/9 in its simplest form is 1/3,True_Correct,
413,31772,What fraction of the shape is not shaded? Give your answer in its simplest form. [Image: A triangle split into 9 equal smaller triangles. 6 of them are shaded.],\( \frac{1}{3} \),Because 3/9 in its simplest form is 1/3,True_Correct,
414,31772,What fraction of the shape is not shaded? Give your answer in its simplest form. [Image: A triangle split into 9 equal smaller triangles. 6 of them are shaded.],\( \frac{1}{3} \),Because 3/9 in its simplest form is 1/3,True_Correct,
415,31772,What fraction of the shape is not shaded? Give your answer in its simplest form. [Image: A triangle split into 9 equal smaller triangles. 6 of them are shaded.],\( \frac{1}{3} \),Because 3/9 is correct but 1/3 is its simplest form,True_Correct,
416,31772,What fraction of the shape is not shaded? Give your answer in its simplest form. [Image: A triangle split into 9 equal smaller triangles. 6 of them are shaded.],\( \frac{1}{3} \),Because 3/9 is nit shaded and then simplify it then it will be 1/3.,True_Correct,
417,31772,What fraction of the shape is not shaded? Give your answer in its simplest form. [Image: A triangle split into 9 equal smaller triangles. 6 of them are shaded.],\( \frac{1}{3} \),Because 3/9 is not shaded and 1/3 is the most simplified you can get from there,True_Correct,
418,31772,What fraction of the shape is not shaded? Give your answer in its simplest form. [Image: A triangle split into 9 equal smaller triangles. 6 of them are shaded.],\( \frac{1}{3} \),Because 3/9 is not shaded and that in its simplest form is 1/3,True_Correct,
419,31772,What fraction of the shape is not shaded? Give your answer in its simplest form. [Image: A triangle split into 9 equal smaller triangles. 6 of them are shaded.],\( \frac{1}{3} \),Because 3/9 is not shaded and then simplify it then it will be 1/3,True_Correct,
420,31772,What fraction of the shape is not shaded? Give your answer in its simplest form. [Image: A triangle split into 9 equal smaller triangles. 6 of them are shaded.],\( \frac{1}{3} \),Because 3/9 is not shared that divided by three is 1/3,True_Correct,
421,31772,What fraction of the shape is not shaded? Give your answer in its simplest form. [Image: A triangle split into 9 equal smaller triangles. 6 of them are shaded.],\( \frac{1}{3} \),Because 3/9 is shaded and 1/3 is in its simplest form,True_Correct,
422,31772,What fraction of the shape is not shaded? Give your answer in its simplest form. [Image: A triangle split into 9 equal smaller triangles. 6 of them are shaded.],\( \frac{1}{3} \),Because 3/9 is shaded and 3/9 becomes 1/3,True_Correct,
423,31772,What fraction of the shape is not shaded? Give your answer in its simplest form. [Image: A triangle split into 9 equal smaller triangles. 6 of them are shaded.],\( \frac{1}{3} \),Because 3/9 is shaded and 3/9 is simpflyed is 1/3,True_Neither,
424,31772,What fraction of the shape is not shaded? Give your answer in its simplest form. [Image: A triangle split into 9 equal smaller triangles. 6 of them are shaded.],\( \frac{1}{3} \),Because 3/9 is shaded and in its simplest form is 1/3,True_Neither,
425,31772,What fraction of the shape is not shaded? Give your answer in its simplest form. [Image: A triangle split into 9 equal smaller triangles. 6 of them are shaded.],\( \frac{1}{3} \),"Because 3/9 is shaded then if you simplify it,it will be 1/3",True_Neither,
426,31772,What fraction of the shape is not shaded? Give your answer in its simplest form. [Image: A triangle split into 9 equal smaller triangles. 6 of them are shaded.],\( \frac{1}{3} \),Because 3/9 is the fraction that is not shaded and 3/9 simplified is 1/3,True_Correct,
427,31772,What fraction of the shape is not shaded? Give your answer in its simplest form. [Image: A triangle split into 9 equal smaller triangles. 6 of them are shaded.],\( \frac{1}{3} \),"Because 3/9 is the fraction when it's not shaded but when it is simplified, it is 1/3",True_Correct,
428,31772,What fraction of the shape is not shaded? Give your answer in its simplest form. [Image: A triangle split into 9 equal smaller triangles. 6 of them are shaded.],\( \frac{1}{3} \),Because 3/9 isn't shaded and 3/9 in it's simplest form is 1/3,True_Correct,
429,31772,What fraction of the shape is not shaded? Give your answer in its simplest form. [Image: A triangle split into 9 equal smaller triangles. 6 of them are shaded.],\( \frac{1}{3} \),Because 3/9 of the 9 triangles are shaded and 3/9=1/3,True_Neither,
430,31772,What fraction of the shape is not shaded? Give your answer in its simplest form. [Image: A triangle split into 9 equal smaller triangles. 6 of them are shaded.],\( \frac{1}{3} \),Because 3/9 simplified into its simplest form is 1/3,True_Correct,
431,31772,What fraction of the shape is not shaded? Give your answer in its simplest form. [Image: A triangle split into 9 equal smaller triangles. 6 of them are shaded.],\( \frac{1}{3} \),Because 3/9is =to 1/3 and 3/9'is not shaded in boiiiiii,True_Correct,
432,31772,What fraction of the shape is not shaded? Give your answer in its simplest form. [Image: A triangle split into 9 equal smaller triangles. 6 of them are shaded.],\( \frac{1}{3} \),Because 3÷3=1 and 9÷3=3 so the simplest fraction is 1/3.,True_Correct,
433,31772,What fraction of the shape is not shaded? Give your answer in its simplest form. [Image: A triangle split into 9 equal smaller triangles. 6 of them are shaded.],\( \frac{1}{3} \),"Because 6 are shaded and there are 9, so the simplest form would be 1/3.",True_Neither,
434,31772,What fraction of the shape is not shaded? Give your answer in its simplest form. [Image: A triangle split into 9 equal smaller triangles. 6 of them are shaded.],\( \frac{1}{3} \),Because I counted the non shaded.,True_Neither,
435,31772,What fraction of the shape is not shaded? Give your answer in its simplest form. [Image: A triangle split into 9 equal smaller triangles. 6 of them are shaded.],\( \frac{1}{3} \),Because I counted the triangles there were nine and3 not shaded so I simplify by 3 to get 1/3,True_Correct,
436,31772,What fraction of the shape is not shaded? Give your answer in its simplest form. [Image: A triangle split into 9 equal smaller triangles. 6 of them are shaded.],\( \frac{1}{3} \),Because I got the total and then got the amount not shaded and simplified it,True_Neither,
437,31772,What fraction of the shape is not shaded? Give your answer in its simplest form. [Image: A triangle split into 9 equal smaller triangles. 6 of them are shaded.],\( \frac{1}{3} \),Because I know 3 is 3fd of 9,True_Neither,
438,31772,What fraction of the shape is not shaded? Give your answer in its simplest form. [Image: A triangle split into 9 equal smaller triangles. 6 of them are shaded.],\( \frac{1}{3} \),Because I know my place value and it is correct,True_Neither,
439,31772,What fraction of the shape is not shaded? Give your answer in its simplest form. [Image: A triangle split into 9 equal smaller triangles. 6 of them are shaded.],\( \frac{1}{3} \),Because I know my place value and that is correct,True_Neither,
440,31772,What fraction of the shape is not shaded? Give your answer in its simplest form. [Image: A triangle split into 9 equal smaller triangles. 6 of them are shaded.],\( \frac{1}{3} \),Because I saw the colored ones and then I explained it better.,True_Neither,
441,31772,What fraction of the shape is not shaded? Give your answer in its simplest form. [Image: A triangle split into 9 equal smaller triangles. 6 of them are shaded.],\( \frac{1}{3} \),Because I thought of it like coconut the game and I copied Andy,True_Neither,
442,31772,What fraction of the shape is not shaded? Give your answer in its simplest form. [Image: A triangle split into 9 equal smaller triangles. 6 of them are shaded.],\( \frac{1}{3} \),Because Three ninths is equivalent to one third and it asks it in its simplest form.,True_Correct,
443,31772,What fraction of the shape is not shaded? Give your answer in its simplest form. [Image: A triangle split into 9 equal smaller triangles. 6 of them are shaded.],\( \frac{1}{3} \),Because all of the triangles added up is nine and the unshaded part is three 3/9 is the fraction which is equivalent to 1/3.,True_Correct,
444,31772,What fraction of the shape is not shaded? Give your answer in its simplest form. [Image: A triangle split into 9 equal smaller triangles. 6 of them are shaded.],\( \frac{1}{3} \),Because altogether there are 9 parts. And 3 of them are not shaded. That is 3/9. 3/9 simplified is 1/3.,True_Correct,
445,31772,What fraction of the shape is not shaded? Give your answer in its simplest form. [Image: A triangle split into 9 equal smaller triangles. 6 of them are shaded.],\( \frac{1}{3} \),Because at first i got 3/9 then simplifed,True_Neither,
446,31772,What fraction of the shape is not shaded? Give your answer in its simplest form. [Image: A triangle split into 9 equal smaller triangles. 6 of them are shaded.],\( \frac{1}{3} \),Because first it was 3over9 but then you simplify it to1over3,True_Correct,
447,31772,What fraction of the shape is not shaded? Give your answer in its simplest form. [Image: A triangle split into 9 equal smaller triangles. 6 of them are shaded.],\( \frac{1}{3} \),Because i counted the amount of triangles that were shaded and then added all the triangles together and then simplified it,True_Neither,
448,31772,What fraction of the shape is not shaded? Give your answer in its simplest form. [Image: A triangle split into 9 equal smaller triangles. 6 of them are shaded.],\( \frac{1}{3} \),Because i know that that fraction which isn’t shaded is 3 so you can dived 9 by 3 and then you - have to narrow the fraction down to 9 it’s simplest from,True_Correct,
449,31772,What fraction of the shape is not shaded? Give your answer in its simplest form. [Image: A triangle split into 9 equal smaller triangles. 6 of them are shaded.],\( \frac{1}{3} \),Because i saw 3/9 or 1/3 was not shaded,True_Correct,
450,31772,What fraction of the shape is not shaded? Give your answer in its simplest form. [Image: A triangle split into 9 equal smaller triangles. 6 of them are shaded.],\( \frac{1}{3} \),Because if it wasn’t in the simplest form it would be 3/9 but the simplest form is 1/3,True_Correct,
451,31772,What fraction of the shape is not shaded? Give your answer in its simplest form. [Image: A triangle split into 9 equal smaller triangles. 6 of them are shaded.],\( \frac{1}{3} \),"Because if u find how many are shaded and then count the ones that are not shaded and u simplify it, it will be 1/3",True_Correct,
452,31772,What fraction of the shape is not shaded? Give your answer in its simplest form. [Image: A triangle split into 9 equal smaller triangles. 6 of them are shaded.],\( \frac{1}{3} \),Because if you add all the fractions of the shape there is nine . So there is 3 fractions not shaded which is 3/9 . That simplified is 1/3,True_Neither,
453,31772,What fraction of the shape is not shaded? Give your answer in its simplest form. [Image: A triangle split into 9 equal smaller triangles. 6 of them are shaded.],\( \frac{1}{3} \),"Because if you count all of the boxes, it is 9 and I can see 3 empty",True_Correct,
454,31772,What fraction of the shape is not shaded? Give your answer in its simplest form. [Image: A triangle split into 9 equal smaller triangles. 6 of them are shaded.],\( \frac{1}{3} \),Because if you have 9 pieces and a person ate 3 of them you would have 3/9. Then you can simplify it and it would be 1/3,True_Correct,
455,31772,What fraction of the shape is not shaded? Give your answer in its simplest form. [Image: A triangle split into 9 equal smaller triangles. 6 of them are shaded.],\( \frac{1}{3} \),Because if you simplify 3/9 you get 1/3,True_Correct,
456,31772,What fraction of the shape is not shaded? Give your answer in its simplest form. [Image: A triangle split into 9 equal smaller triangles. 6 of them are shaded.],\( \frac{1}{3} \),Because it has to been in its simplest form,True_Neither,
457,31772,What fraction of the shape is not shaded? Give your answer in its simplest form. [Image: A triangle split into 9 equal smaller triangles. 6 of them are shaded.],\( \frac{1}{3} \),Because it hass to be in its simplest form.,True_Neither,
458,31772,What fraction of the shape is not shaded? Give your answer in its simplest form. [Image: A triangle split into 9 equal smaller triangles. 6 of them are shaded.],\( \frac{1}{3} \),Because it is 3 and 9 which could be simplified to 1/3.,True_Correct,
459,31772,What fraction of the shape is not shaded? Give your answer in its simplest form. [Image: A triangle split into 9 equal smaller triangles. 6 of them are shaded.],\( \frac{1}{3} \),Because it is 3/9 but you can simplify that to 1/3.,True_Correct,
460,31772,What fraction of the shape is not shaded? Give your answer in its simplest form. [Image: A triangle split into 9 equal smaller triangles. 6 of them are shaded.],\( \frac{1}{3} \),Because it is 3/9 but you simplify it to become 1/3,True_Correct,
461,31772,What fraction of the shape is not shaded? Give your answer in its simplest form. [Image: A triangle split into 9 equal smaller triangles. 6 of them are shaded.],\( \frac{1}{3} \),Because it is 3/9 which could be simplified to 1/3,True_Correct,
462,31772,What fraction of the shape is not shaded? Give your answer in its simplest form. [Image: A triangle split into 9 equal smaller triangles. 6 of them are shaded.],\( \frac{1}{3} \),Because it is 6/9 and 6/9 in its simplest form is 1/9,True_Neither,
463,31772,What fraction of the shape is not shaded? Give your answer in its simplest form. [Image: A triangle split into 9 equal smaller triangles. 6 of them are shaded.],\( \frac{1}{3} \),Because it is originally 3/9 but divide that by 3 you get 1/3,True_Correct,
464,31772,What fraction of the shape is not shaded? Give your answer in its simplest form. [Image: A triangle split into 9 equal smaller triangles. 6 of them are shaded.],\( \frac{1}{3} \),Because it is originally 3/9 but divided by 3 you get 1/3.,True_Correct,
465,31772,What fraction of the shape is not shaded? Give your answer in its simplest form. [Image: A triangle split into 9 equal smaller triangles. 6 of them are shaded.],\( \frac{1}{3} \),Because it is out of 9 and 3 are shaded in then I halved 3/9 to get 1/3,True_Neither,
466,31772,What fraction of the shape is not shaded? Give your answer in its simplest form. [Image: A triangle split into 9 equal smaller triangles. 6 of them are shaded.],\( \frac{1}{3} \),Because it lowers the fraction yo it’s simplest form,True_Neither,
467,31772,What fraction of the shape is not shaded? Give your answer in its simplest form. [Image: A triangle split into 9 equal smaller triangles. 6 of them are shaded.],\( \frac{1}{3} \),Because it lowers the fractionn yo it’s simplest form.,True_Neither,
468,31772,What fraction of the shape is not shaded? Give your answer in its simplest form. [Image: A triangle split into 9 equal smaller triangles. 6 of them are shaded.],\( \frac{1}{3} \),Because it shaded 2/3 which means it would =1/3,True_Correct,
469,31772,What fraction of the shape is not shaded? Give your answer in its simplest form. [Image: A triangle split into 9 equal smaller triangles. 6 of them are shaded.],\( \frac{1}{3} \),Because it was 9 in total and the 3 of them were not shaded so it was 3/9 but in its simplest form would be 1/3 if you divided it by 3.,True_Correct,
470,31772,What fraction of the shape is not shaded? Give your answer in its simplest form. [Image: A triangle split into 9 equal smaller triangles. 6 of them are shaded.],\( \frac{1}{3} \),Because it would be 3/9 but it says simplest form so you change it 1/3,True_Correct,
471,31772,What fraction of the shape is not shaded? Give your answer in its simplest form. [Image: A triangle split into 9 equal smaller triangles. 6 of them are shaded.],\( \frac{1}{3} \),Because it would be 3/9 but it says simplest form so you change it 1/3,True_Correct,
472,31772,What fraction of the shape is not shaded? Give your answer in its simplest form. [Image: A triangle split into 9 equal smaller triangles. 6 of them are shaded.],\( \frac{1}{3} \),Because it would be 3/9 but simplified is this,True_Neither,
473,31772,What fraction of the shape is not shaded? Give your answer in its simplest form. [Image: A triangle split into 9 equal smaller triangles. 6 of them are shaded.],\( \frac{1}{3} \),Because its simplified from 3 ninth,True_Correct,
474,31772,What fraction of the shape is not shaded? Give your answer in its simplest form. [Image: A triangle split into 9 equal smaller triangles. 6 of them are shaded.],\( \frac{1}{3} \),Because it’s simplest form is 1/3,True_Neither,
475,31772,What fraction of the shape is not shaded? Give your answer in its simplest form. [Image: A triangle split into 9 equal smaller triangles. 6 of them are shaded.],\( \frac{1}{3} \),Because nine parts three not shaded. Nine divided by three= 3 3 divided by 3=1,True_Correct,
476,31772,What fraction of the shape is not shaded? Give your answer in its simplest form. [Image: A triangle split into 9 equal smaller triangles. 6 of them are shaded.],\( \frac{1}{3} \),Because nine parts three not shaded. Nine divided by three= 3 three divided into 3=1.,True_Correct,
477,31772,What fraction of the shape is not shaded? Give your answer in its simplest form. [Image: A triangle split into 9 equal smaller triangles. 6 of them are shaded.],\( \frac{1}{3} \),Because not shaded equals 3/9 and in its simplist form it equals 1/3,True_Correct,
478,31772,What fraction of the shape is not shaded? Give your answer in its simplest form. [Image: A triangle split into 9 equal smaller triangles. 6 of them are shaded.],\( \frac{1}{3} \),Because of the amount of it all together could be simplified,True_Neither,
479,31772,What fraction of the shape is not shaded? Give your answer in its simplest form. [Image: A triangle split into 9 equal smaller triangles. 6 of them are shaded.],\( \frac{1}{3} \),Because of the amount of it all together could be simplified.,True_Neither,
480,31772,What fraction of the shape is not shaded? Give your answer in its simplest form. [Image: A triangle split into 9 equal smaller triangles. 6 of them are shaded.],\( \frac{1}{3} \),"Because originally, there is 3/6 shaded currently but simplified is 2/3,so the missing fraction would be 1/3 which of course, is the answer.",True_Correct,
481,31772,What fraction of the shape is not shaded? Give your answer in its simplest form. [Image: A triangle split into 9 equal smaller triangles. 6 of them are shaded.],\( \frac{1}{3} \),"Because originally,there is 3/6 shaded currently but simplified is 2/3,so the missing fraction would be 1/3 which of course, is the answer.",True_Neither,
482,31772,What fraction of the shape is not shaded? Give your answer in its simplest form. [Image: A triangle split into 9 equal smaller triangles. 6 of them are shaded.],\( \frac{1}{3} \),Because out of 9 parts there are only 3 unshaded parts so u can simplify that fraction to 1/3,True_Correct,
483,31772,What fraction of the shape is not shaded? Give your answer in its simplest form. [Image: A triangle split into 9 equal smaller triangles. 6 of them are shaded.],\( \frac{1}{3} \),Because thats 1/9 in its simplest form.,True_Neither,
484,31772,What fraction of the shape is not shaded? Give your answer in its simplest form. [Image: A triangle split into 9 equal smaller triangles. 6 of them are shaded.],\( \frac{1}{3} \),Because thats what the diagram says,True_Neither,
485,31772,What fraction of the shape is not shaded? Give your answer in its simplest form. [Image: A triangle split into 9 equal smaller triangles. 6 of them are shaded.],\( \frac{1}{3} \),Because the amount that is not shaded is 3/9 and if we simplify 3/9 it will be 1/3,True_Correct,
486,31772,What fraction of the shape is not shaded? Give your answer in its simplest form. [Image: A triangle split into 9 equal smaller triangles. 6 of them are shaded.],\( \frac{1}{3} \),Because the amount that is shaded is 6/9 and the not shaded amount is 3/9 . I simplify it to get 1/3,True_Correct,
487,31772,What fraction of the shape is not shaded? Give your answer in its simplest form. [Image: A triangle split into 9 equal smaller triangles. 6 of them are shaded.],\( \frac{1}{3} \),Because the answer is 3/9 and that simplified is 1/3,True_Correct,
488,31772,What fraction of the shape is not shaded? Give your answer in its simplest form. [Image: A triangle split into 9 equal smaller triangles. 6 of them are shaded.],\( \frac{1}{3} \),Because the answer is 3/9 and when you simplify it it turns into 1/3,True_Correct,
489,31772,What fraction of the shape is not shaded? Give your answer in its simplest form. [Image: A triangle split into 9 equal smaller triangles. 6 of them are shaded.],\( \frac{1}{3} \),Because the answer is 3/9 but in its simplest form it is 1/3,True_Correct,
490,31772,What fraction of the shape is not shaded? Give your answer in its simplest form. [Image: A triangle split into 9 equal smaller triangles. 6 of them are shaded.],\( \frac{1}{3} \),Because the answer is 3/9 but in simplest form is 1/3,True_Correct,
491,31772,What fraction of the shape is not shaded? Give your answer in its simplest form. [Image: A triangle split into 9 equal smaller triangles. 6 of them are shaded.],\( \frac{1}{3} \),Because the answer is 3/9 but simplify it and it becomes 1/3,True_Correct,
492,31772,What fraction of the shape is not shaded? Give your answer in its simplest form. [Image: A triangle split into 9 equal smaller triangles. 6 of them are shaded.],\( \frac{1}{3} \),Because the answer is 3/9 but simplify it and it becomes 1/3.,True_Correct,
493,31772,What fraction of the shape is not shaded? Give your answer in its simplest form. [Image: A triangle split into 9 equal smaller triangles. 6 of them are shaded.],\( \frac{1}{3} \),Because the answer is 3/9 if u simplify it it’s 1/3,True_Correct,
494,31772,What fraction of the shape is not shaded? Give your answer in its simplest form. [Image: A triangle split into 9 equal smaller triangles. 6 of them are shaded.],\( \frac{1}{3} \),Because the answer is three of six if I simply it it is one of three,True_Neither,
495,31772,What fraction of the shape is not shaded? Give your answer in its simplest form. [Image: A triangle split into 9 equal smaller triangles. 6 of them are shaded.],\( \frac{1}{3} \),Because the answer would be 3/9 but could n it's simplest form it is 1/3.,True_Correct,
496,31772,What fraction of the shape is not shaded? Give your answer in its simplest form. [Image: A triangle split into 9 equal smaller triangles. 6 of them are shaded.],\( \frac{1}{3} \),Because the answers is 3/9 and 3/9 is the same as 1/3,True_Correct,
497,31772,What fraction of the shape is not shaded? Give your answer in its simplest form. [Image: A triangle split into 9 equal smaller triangles. 6 of them are shaded.],\( \frac{1}{3} \),Because the fraction is 3/9 which can be simplified into 1/3.,True_Correct,
498,31772,What fraction of the shape is not shaded? Give your answer in its simplest form. [Image: A triangle split into 9 equal smaller triangles. 6 of them are shaded.],\( \frac{1}{3} \),Because the fraction not shaded is 3/9 but 3 and 9 can both be divided by three so makes the simplest form 1/3,True_Correct,
499,31772,What fraction of the shape is not shaded? Give your answer in its simplest form. [Image: A triangle split into 9 equal smaller triangles. 6 of them are shaded.],\( \frac{1}{3} \),Because the fraction that is not shaded is three ninths and that is also equal to one third,True_Correct,
500,31772,What fraction of the shape is not shaded? Give your answer in its simplest form. [Image: A triangle split into 9 equal smaller triangles. 6 of them are shaded.],\( \frac{1}{3} \),Because the fraction that is not shaded is three ninths which is also equal to one third.,True_Correct,
501,31772,What fraction of the shape is not shaded? Give your answer in its simplest form. [Image: A triangle split into 9 equal smaller triangles. 6 of them are shaded.],\( \frac{1}{3} \),Because the non-shaded part is 3/9 and when you divide it by 3 it is 1/3.,True_Correct,
502,31772,What fraction of the shape is not shaded? Give your answer in its simplest form. [Image: A triangle split into 9 equal smaller triangles. 6 of them are shaded.],\( \frac{1}{3} \),Because the original answer was 3/9 but simplified would be 1/3,True_Correct,
503,31772,What fraction of the shape is not shaded? Give your answer in its simplest form. [Image: A triangle split into 9 equal smaller triangles. 6 of them are shaded.],\( \frac{1}{3} \),"Because the places that are shaded is 3/9 and when you shade it, it equals to 1/3",True_Neither,
504,31772,What fraction of the shape is not shaded? Give your answer in its simplest form. [Image: A triangle split into 9 equal smaller triangles. 6 of them are shaded.],\( \frac{1}{3} \),Because the shaded area as a fraction is 3/9 simplified is 1/3,True_Neither,
505,31772,What fraction of the shape is not shaded? Give your answer in its simplest form. [Image: A triangle split into 9 equal smaller triangles. 6 of them are shaded.],\( \frac{1}{3} \),Because the shape has 9 parts and bit not shaded is 3/9 and that simplified is 1/3,True_Correct,
506,31772,What fraction of the shape is not shaded? Give your answer in its simplest form. [Image: A triangle split into 9 equal smaller triangles. 6 of them are shaded.],\( \frac{1}{3} \),Because the shape has 9 sections and 3 are white,True_Correct,
507,31772,What fraction of the shape is not shaded? Give your answer in its simplest form. [Image: A triangle split into 9 equal smaller triangles. 6 of them are shaded.],\( \frac{1}{3} \),Because the shape has 9 sections and 3 are white,True_Correct,
508,31772,What fraction of the shape is not shaded? Give your answer in its simplest form. [Image: A triangle split into 9 equal smaller triangles. 6 of them are shaded.],\( \frac{1}{3} \),Because the shape has got 9 triangles and three not shaded also you divide both of the numbers by three that leaves you with 1/3,True_Correct,
509,31772,What fraction of the shape is not shaded? Give your answer in its simplest form. [Image: A triangle split into 9 equal smaller triangles. 6 of them are shaded.],\( \frac{1}{3} \),"Because the total amount of triangles is 9, and 3 of them are not shaded, this gives us 3/9 which then simplifies to 1/3",True_Correct,
510,31772,What fraction of the shape is not shaded? Give your answer in its simplest form. [Image: A triangle split into 9 equal smaller triangles. 6 of them are shaded.],\( \frac{1}{3} \),Because the triangle 6/9 also equals to 1/3,True_Neither,
511,31772,What fraction of the shape is not shaded? Give your answer in its simplest form. [Image: A triangle split into 9 equal smaller triangles. 6 of them are shaded.],\( \frac{1}{3} \),Because the triangle 6/9 also equals to 1/3.,True_Neither,
512,31772,What fraction of the shape is not shaded? Give your answer in its simplest form. [Image: A triangle split into 9 equal smaller triangles. 6 of them are shaded.],\( \frac{1}{3} \),"Because the triangle is 3/9 but when you simplify it, it becomes 1/3.",True_Correct,
513,31772,What fraction of the shape is not shaded? Give your answer in its simplest form. [Image: A triangle split into 9 equal smaller triangles. 6 of them are shaded.],\( \frac{1}{3} \),Because there are 3 not shaded,True_Neither,
514,31772,What fraction of the shape is not shaded? Give your answer in its simplest form. [Image: A triangle split into 9 equal smaller triangles. 6 of them are shaded.],\( \frac{1}{3} \),Because there are 3 not shaded out of 9 wich is 1/3,True_Correct,
515,31772,What fraction of the shape is not shaded? Give your answer in its simplest form. [Image: A triangle split into 9 equal smaller triangles. 6 of them are shaded.],\( \frac{1}{3} \),Because there are 3 one that are not shaded,True_Neither,
516,31772,What fraction of the shape is not shaded? Give your answer in its simplest form. [Image: A triangle split into 9 equal smaller triangles. 6 of them are shaded.],\( \frac{1}{3} \),Because there are 3 triangles that are not shaded are 6 triangles that are. So the fraction is 3/9 and that equals 1/3.,True_Correct,
517,31772,What fraction of the shape is not shaded? Give your answer in its simplest form. [Image: A triangle split into 9 equal smaller triangles. 6 of them are shaded.],\( \frac{1}{3} \),Because there are 3/9 triangles not shaded so if you do 3/3=1 so the numerator is 1 and then 9/3=3 which is the denominator it would be 1/3,True_Correct,
518,31772,What fraction of the shape is not shaded? Give your answer in its simplest form. [Image: A triangle split into 9 equal smaller triangles. 6 of them are shaded.],\( \frac{1}{3} \),Because there are 6 triangles and 3 are white. That is 3/6 simplified to 1/3.,True_Misconception,WNB
519,31772,What fraction of the shape is not shaded? Give your answer in its simplest form. [Image: A triangle split into 9 equal smaller triangles. 6 of them are shaded.],\( \frac{1}{3} \),Because there are 9 bits altogether and 3 of them aren't shaded and 3/9 converted equals 1/3,True_Correct,
520,31772,What fraction of the shape is not shaded? Give your answer in its simplest form. [Image: A triangle split into 9 equal smaller triangles. 6 of them are shaded.],\( \frac{1}{3} \),Because there are 9 bits altogether and 3 of them aren't shaded and 3/9 converted equals 1/3,True_Correct,
521,31772,What fraction of the shape is not shaded? Give your answer in its simplest form. [Image: A triangle split into 9 equal smaller triangles. 6 of them are shaded.],\( \frac{1}{3} \),Because there are 9 parts and 3 aren’t shaded and three nines in it’s simplest form is one third .,True_Correct,
522,31772,What fraction of the shape is not shaded? Give your answer in its simplest form. [Image: A triangle split into 9 equal smaller triangles. 6 of them are shaded.],\( \frac{1}{3} \),"Because there are 9 sections in the triangle, and 3 are not shaded, and 3/9 in it’s simplest form is 1/3, so that is the answer.",True_Correct,
523,31772,What fraction of the shape is not shaded? Give your answer in its simplest form. [Image: A triangle split into 9 equal smaller triangles. 6 of them are shaded.],\( \frac{1}{3} \),Because there are 9 shapes and 3 of them are not shaded so you have 3/9 and they both go into 3 . 3 goes in once and nine goes in three timews so you get 1/3,True_Correct,
524,31772,What fraction of the shape is not shaded? Give your answer in its simplest form. [Image: A triangle split into 9 equal smaller triangles. 6 of them are shaded.],\( \frac{1}{3} \),Because there are 9 small triangles and 3 are not shaded so it is 3/9 but if you simplify that it is 1/3,True_Correct,
525,31772,What fraction of the shape is not shaded? Give your answer in its simplest form. [Image: A triangle split into 9 equal smaller triangles. 6 of them are shaded.],\( \frac{1}{3} \),Because there are 9 squares and 3 are not shaded. If you simplify 3/9 it gives you 1/3,True_Correct,
526,31772,What fraction of the shape is not shaded? Give your answer in its simplest form. [Image: A triangle split into 9 equal smaller triangles. 6 of them are shaded.],\( \frac{1}{3} \),Because there are 9 squares and 3 not shaded in and 9 divided by three is 1 so the answer is one third,True_Neither,
527,31772,What fraction of the shape is not shaded? Give your answer in its simplest form. [Image: A triangle split into 9 equal smaller triangles. 6 of them are shaded.],\( \frac{1}{3} \),Because there are 9 triangles all togeather and there are 3 not but you convert it which is 1/3,True_Correct,
528,31772,What fraction of the shape is not shaded? Give your answer in its simplest form. [Image: A triangle split into 9 equal smaller triangles. 6 of them are shaded.],\( \frac{1}{3} \),Because there are 9 triangles all together and 3 are not shaded in and if you divide 3/9 by 3 you end up with 1/3.,True_Correct,
529,31772,What fraction of the shape is not shaded? Give your answer in its simplest form. [Image: A triangle split into 9 equal smaller triangles. 6 of them are shaded.],\( \frac{1}{3} \),Because there are 9 triangles all together and 3 are not shaded.,True_Correct,
530,31772,What fraction of the shape is not shaded? Give your answer in its simplest form. [Image: A triangle split into 9 equal smaller triangles. 6 of them are shaded.],\( \frac{1}{3} \),Because there are 9 triangles and 3 are not shaded (3/9). 3/9 = 1/3,True_Correct,
531,31772,What fraction of the shape is not shaded? Give your answer in its simplest form. [Image: A triangle split into 9 equal smaller triangles. 6 of them are shaded.],\( \frac{1}{3} \),Because there are 9 triangles and 3 are not shaded 3 nineths equals 1 third,True_Correct,
532,31772,What fraction of the shape is not shaded? Give your answer in its simplest form. [Image: A triangle split into 9 equal smaller triangles. 6 of them are shaded.],\( \frac{1}{3} \),Because there are 9 triangles and 3 are shaded so it is 3/9 simplified to 1/3 so that is the answer,True_Neither,
533,31772,What fraction of the shape is not shaded? Give your answer in its simplest form. [Image: A triangle split into 9 equal smaller triangles. 6 of them are shaded.],\( \frac{1}{3} \),Because there are 9 triangles and 3 aren't shaded. So that would become 3 over 9 which can be simplified to 1 over 3.,True_Correct,
534,31772,What fraction of the shape is not shaded? Give your answer in its simplest form. [Image: A triangle split into 9 equal smaller triangles. 6 of them are shaded.],\( \frac{1}{3} \),Because there are 9 triangles and 3 aren't shaded. So that would become 3 over 9 which can be simplified to 1 over 3.,True_Correct,
535,31772,What fraction of the shape is not shaded? Give your answer in its simplest form. [Image: A triangle split into 9 equal smaller triangles. 6 of them are shaded.],\( \frac{1}{3} \),Because there are 9 triangles and 3 arent shaded it is 3/9 and they are both multiples of 3 so it's 1/3,True_Correct,
536,31772,What fraction of the shape is not shaded? Give your answer in its simplest form. [Image: A triangle split into 9 equal smaller triangles. 6 of them are shaded.],\( \frac{1}{3} \),Because there are 9 triangles and 3 aren’t shaded so that would be 3/9 but that fraction in simplest form is 1/3 if you divide the numerator and denominator by 3,True_Correct,
537,31772,What fraction of the shape is not shaded? Give your answer in its simplest form. [Image: A triangle split into 9 equal smaller triangles. 6 of them are shaded.],\( \frac{1}{3} \),Because there are 9 triangles and 3 non shaded which gives you 3/9 simplified is 1/3,True_Correct,
538,31772,What fraction of the shape is not shaded? Give your answer in its simplest form. [Image: A triangle split into 9 equal smaller triangles. 6 of them are shaded.],\( \frac{1}{3} \),Because there are 9 triangles and 3 of them are not shaded,True_Correct,
539,31772,What fraction of the shape is not shaded? Give your answer in its simplest form. [Image: A triangle split into 9 equal smaller triangles. 6 of them are shaded.],\( \frac{1}{3} \),Because there are 9 triangles and 3 of them are not shaded so it is 3/9.,True_Correct,
540,31772,What fraction of the shape is not shaded? Give your answer in its simplest form. [Image: A triangle split into 9 equal smaller triangles. 6 of them are shaded.],\( \frac{1}{3} \),Because there are 9 triangles and 3 of them were not shaded,True_Correct,
541,31772,What fraction of the shape is not shaded? Give your answer in its simplest form. [Image: A triangle split into 9 equal smaller triangles. 6 of them are shaded.],\( \frac{1}{3} \),Because there are 9 triangles and 6 are shaded that leaves 3 unshaded that means it is 3 over 9.,True_Correct,
542,31772,What fraction of the shape is not shaded? Give your answer in its simplest form. [Image: A triangle split into 9 equal smaller triangles. 6 of them are shaded.],\( \frac{1}{3} \),Because there are 9 triangles and three are not shaded so in its simplest form it is 1/3,True_Correct,
543,31772,What fraction of the shape is not shaded? Give your answer in its simplest form. [Image: A triangle split into 9 equal smaller triangles. 6 of them are shaded.],\( \frac{1}{3} \),Because there are 9 triangles and threee of them are not shaded,True_Correct,
544,31772,What fraction of the shape is not shaded? Give your answer in its simplest form. [Image: A triangle split into 9 equal smaller triangles. 6 of them are shaded.],\( \frac{1}{3} \),Because there are 9 triangles in total and 1 third is not shaded I know because 3 times 3 is 9,True_Correct,
545,31772,What fraction of the shape is not shaded? Give your answer in its simplest form. [Image: A triangle split into 9 equal smaller triangles. 6 of them are shaded.],\( \frac{1}{3} \),Because there are 9 triangles in total and 3 is not shaded 3/9. 3/9 simplifed is 1/3,True_Correct,
546,31772,What fraction of the shape is not shaded? Give your answer in its simplest form. [Image: A triangle split into 9 equal smaller triangles. 6 of them are shaded.],\( \frac{1}{3} \),Because there are 9 triangles in total and 3 of them aren’t shaded in also 3/9 = 1/3,True_Correct,
547,31772,What fraction of the shape is not shaded? Give your answer in its simplest form. [Image: A triangle split into 9 equal smaller triangles. 6 of them are shaded.],\( \frac{1}{3} \),Because there are 9 triangles in total and 3 that are not shaded so the answer is 3/9 but it asks you to simplify so you can divid both by 3 so the answer is 1/3,True_Correct,
548,31772,What fraction of the shape is not shaded? Give your answer in its simplest form. [Image: A triangle split into 9 equal smaller triangles. 6 of them are shaded.],\( \frac{1}{3} \),Because there are 9 triangles in total and 6 of them are shaded leaving 3 and 6/9 simplified is 1/3,True_Neither,
549,31772,What fraction of the shape is not shaded? Give your answer in its simplest form. [Image: A triangle split into 9 equal smaller triangles. 6 of them are shaded.],\( \frac{1}{3} \),Because there are 9 triangles so the donometer has to be 9 and there is 3 white triangles but you can simplify it to 1/3,True_Correct,
550,31772,What fraction of the shape is not shaded? Give your answer in its simplest form. [Image: A triangle split into 9 equal smaller triangles. 6 of them are shaded.],\( \frac{1}{3} \),Because there are nime squires and you have to simplify it and find out the answer.,True_Neither,
551,31772,What fraction of the shape is not shaded? Give your answer in its simplest form. [Image: A triangle split into 9 equal smaller triangles. 6 of them are shaded.],\( \frac{1}{3} \),Because there are nine 3rds all together so simpky that,True_Correct,
552,31772,What fraction of the shape is not shaded? Give your answer in its simplest form. [Image: A triangle split into 9 equal smaller triangles. 6 of them are shaded.],\( \frac{1}{3} \),Because there are nine small triangles and three are not shaded so that makes 3/9 and then if divide it by three it equals 1/3,True_Correct,
553,31772,What fraction of the shape is not shaded? Give your answer in its simplest form. [Image: A triangle split into 9 equal smaller triangles. 6 of them are shaded.],\( \frac{1}{3} \),Because there are nine spaces and three are not shaded,True_Correct,
554,31772,What fraction of the shape is not shaded? Give your answer in its simplest form. [Image: A triangle split into 9 equal smaller triangles. 6 of them are shaded.],\( \frac{1}{3} \),Because there are nine triangles in total and three are not shaded so it’s 3 over 9 and that simplified is 1 over 3,True_Correct,
555,31772,What fraction of the shape is not shaded? Give your answer in its simplest form. [Image: A triangle split into 9 equal smaller triangles. 6 of them are shaded.],\( \frac{1}{3} \),Because there are three not shaded in,True_Neither,
556,31772,What fraction of the shape is not shaded? Give your answer in its simplest form. [Image: A triangle split into 9 equal smaller triangles. 6 of them are shaded.],\( \frac{1}{3} \),Because there aree 9 triangles and 3 are not shaded (3/9). 3/9 = 1/3.,True_Correct,
557,31772,What fraction of the shape is not shaded? Give your answer in its simplest form. [Image: A triangle split into 9 equal smaller triangles. 6 of them are shaded.],\( \frac{1}{3} \),Because there is 3 missing which would be 3/9 but it asked for the simplest form so the answer would be 1/3,True_Correct,
558,31772,What fraction of the shape is not shaded? Give your answer in its simplest form. [Image: A triangle split into 9 equal smaller triangles. 6 of them are shaded.],\( \frac{1}{3} \),Because there is 9 and only 6 are shaded wich can be simplified to 1/3,True_Neither,
559,31772,What fraction of the shape is not shaded? Give your answer in its simplest form. [Image: A triangle split into 9 equal smaller triangles. 6 of them are shaded.],\( \frac{1}{3} \),Because there is 9 parts and 3 of them weren't shaded and if you simplify it you get the answer which was answer A,True_Correct,
560,31772,What fraction of the shape is not shaded? Give your answer in its simplest form. [Image: A triangle split into 9 equal smaller triangles. 6 of them are shaded.],\( \frac{1}{3} \),Because there is 9 shaded and 3 not so that's 9/3 but simplified it is 1/3,True_Correct,
561,31772,What fraction of the shape is not shaded? Give your answer in its simplest form. [Image: A triangle split into 9 equal smaller triangles. 6 of them are shaded.],\( \frac{1}{3} \),Because there is 9 squares and 3 are shaded so it is simplified to this,True_Neither,
562,31772,What fraction of the shape is not shaded? Give your answer in its simplest form. [Image: A triangle split into 9 equal smaller triangles. 6 of them are shaded.],\( \frac{1}{3} \),Because there is 9 triangles 3 are not shaded so that is 3/9=1/3,True_Correct,
563,31772,What fraction of the shape is not shaded? Give your answer in its simplest form. [Image: A triangle split into 9 equal smaller triangles. 6 of them are shaded.],\( \frac{1}{3} \),"Because there is 9 triangles altogether, 6 of then are shaded and 3 are not. Then 9 is made up of three 3's and 2 of those 3's are shaded",True_Correct,
564,31772,What fraction of the shape is not shaded? Give your answer in its simplest form. [Image: A triangle split into 9 equal smaller triangles. 6 of them are shaded.],\( \frac{1}{3} \),Because there is 9 triangles and 3 are shaded so it is 1/3,True_Neither,
565,31772,What fraction of the shape is not shaded? Give your answer in its simplest form. [Image: A triangle split into 9 equal smaller triangles. 6 of them are shaded.],\( \frac{1}{3} \),Because there is 9 triangles and 3 of them are not shaded so it is 3/9 Then 3/9 can be simplified to 1/3,True_Correct,
566,31772,What fraction of the shape is not shaded? Give your answer in its simplest form. [Image: A triangle split into 9 equal smaller triangles. 6 of them are shaded.],\( \frac{1}{3} \),Because there is 9 triangles and 3/9 aren't shaded but it says it's got to be in its simplest form.,True_Correct,
567,31772,What fraction of the shape is not shaded? Give your answer in its simplest form. [Image: A triangle split into 9 equal smaller triangles. 6 of them are shaded.],\( \frac{1}{3} \),Because there is 9 triangles and 6 of them are shaded leaving 3 not shaded so it’s 3 ninths but in it’s simplest form would be 1 third,True_Correct,
568,31772,What fraction of the shape is not shaded? Give your answer in its simplest form. [Image: A triangle split into 9 equal smaller triangles. 6 of them are shaded.],\( \frac{1}{3} \),"Because there is 9 triangles in the triangle, and 3 are not shaded, so it’s 3/9, but i can simplified to 1/3",True_Correct,
569,31772,What fraction of the shape is not shaded? Give your answer in its simplest form. [Image: A triangle split into 9 equal smaller triangles. 6 of them are shaded.],\( \frac{1}{3} \),Because there is 9 triangles in total and their is 3 not shaded in so it will be 3/9. And simplified is 1/3.,True_Correct,
570,31772,What fraction of the shape is not shaded? Give your answer in its simplest form. [Image: A triangle split into 9 equal smaller triangles. 6 of them are shaded.],\( \frac{1}{3} \),"Because there is 9 triangles in total, and three of them are not shaded therefore, it would be 3/9.Then you would have to find out the equivalent fraction by either: doing it on paper, getting up a fraction wall or knowing it of the top of your head, by finding the simplest form you would have to find the smallest equivalent which in this case is: 1/3, which is your answer.",True_Correct,
571,31772,What fraction of the shape is not shaded? Give your answer in its simplest form. [Image: A triangle split into 9 equal smaller triangles. 6 of them are shaded.],\( \frac{1}{3} \),Because there is nine squires and you have to simplify it and get your answer .,True_Neither,
572,31772,What fraction of the shape is not shaded? Give your answer in its simplest form. [Image: A triangle split into 9 equal smaller triangles. 6 of them are shaded.],\( \frac{1}{3} \),Because there is three not shaded in,True_Neither,
573,31772,What fraction of the shape is not shaded? Give your answer in its simplest form. [Image: A triangle split into 9 equal smaller triangles. 6 of them are shaded.],\( \frac{1}{3} \),Because there were 9 in total and 3 were not shaded so it was 3/9 but in its simplest form would be 1/3 if you divided it by 3.,True_Correct,
574,31772,What fraction of the shape is not shaded? Give your answer in its simplest form. [Image: A triangle split into 9 equal smaller triangles. 6 of them are shaded.],\( \frac{1}{3} \),Because there's 3/9 in the whole shape and I divided it by 3,True_Correct,
575,31772,What fraction of the shape is not shaded? Give your answer in its simplest form. [Image: A triangle split into 9 equal smaller triangles. 6 of them are shaded.],\( \frac{1}{3} \),Because there's nine triangles 3 aren't shaded I and that's a third,True_Correct,
576,31772,What fraction of the shape is not shaded? Give your answer in its simplest form. [Image: A triangle split into 9 equal smaller triangles. 6 of them are shaded.],\( \frac{1}{3} \),Because there's six shaded and three not shaded and that would be three six but in its simplest form it would be one third,True_Neither,
577,31772,What fraction of the shape is not shaded? Give your answer in its simplest form. [Image: A triangle split into 9 equal smaller triangles. 6 of them are shaded.],\( \frac{1}{3} \),Because theres 3 not shaded and there is 9 in total so you simplify it,True_Correct,
578,31772,What fraction of the shape is not shaded? Give your answer in its simplest form. [Image: A triangle split into 9 equal smaller triangles. 6 of them are shaded.],\( \frac{1}{3} \),Because there’s 9 triangles and 3 not shaded it will be 3/9 in it’s simplest form is 1/3,True_Correct,
579,31772,What fraction of the shape is not shaded? Give your answer in its simplest form. [Image: A triangle split into 9 equal smaller triangles. 6 of them are shaded.],\( \frac{1}{3} \),Because therr are 9 and only 6 are shaded which can be simplified to 1/3.,True_Neither,
580,31772,What fraction of the shape is not shaded? Give your answer in its simplest form. [Image: A triangle split into 9 equal smaller triangles. 6 of them are shaded.],\( \frac{1}{3} \),Because three are not shaded in,True_Correct,
581,31772,What fraction of the shape is not shaded? Give your answer in its simplest form. [Image: A triangle split into 9 equal smaller triangles. 6 of them are shaded.],\( \frac{1}{3} \),Because three are not shaded in,True_Neither,
582,31772,What fraction of the shape is not shaded? Give your answer in its simplest form. [Image: A triangle split into 9 equal smaller triangles. 6 of them are shaded.],\( \frac{1}{3} \),"Because we can see that the shape is out of 9 shapes out of which 3 parts are shaded so it is 3/9 , 3/9 in its simplest form is 1/3",True_Neither,
583,31772,What fraction of the shape is not shaded? Give your answer in its simplest form. [Image: A triangle split into 9 equal smaller triangles. 6 of them are shaded.],\( \frac{1}{3} \),Because when you see how many triangles there are it's 9 and the not shaded is 3 so it's 3/9 and simplifies it's 1/3.,True_Correct,
584,31772,What fraction of the shape is not shaded? Give your answer in its simplest form. [Image: A triangle split into 9 equal smaller triangles. 6 of them are shaded.],\( \frac{1}{3} \),"Because without simplifying it's 3/9 but 3 goes into 9,3 times and into 3,1 times hence the answer 1/3.",True_Correct,
585,31772,What fraction of the shape is not shaded? Give your answer in its simplest form. [Image: A triangle split into 9 equal smaller triangles. 6 of them are shaded.],\( \frac{1}{3} \),"Because without simplifying it's 3/9 but 3 goes into 9,3 times and into 3,1 times hence the answer 1/3.",True_Correct,
586,31772,What fraction of the shape is not shaded? Give your answer in its simplest form. [Image: A triangle split into 9 equal smaller triangles. 6 of them are shaded.],\( \frac{1}{3} \),Because you can simplefy it to 1/3,True_Neither,
587,31772,What fraction of the shape is not shaded? Give your answer in its simplest form. [Image: A triangle split into 9 equal smaller triangles. 6 of them are shaded.],\( \frac{1}{3} \),Because you cann simplify it to 1/3.,True_Neither,
588,31772,What fraction of the shape is not shaded? Give your answer in its simplest form. [Image: A triangle split into 9 equal smaller triangles. 6 of them are shaded.],\( \frac{1}{3} \),Because you have 3 triangles out of 9 that are not shared so if you simplify that it is 1/3,True_Correct,
589,31772,What fraction of the shape is not shaded? Give your answer in its simplest form. [Image: A triangle split into 9 equal smaller triangles. 6 of them are shaded.],\( \frac{1}{3} \),Because you have to count all of them then divide it by 3 to get it by it’s simpilest form,True_Neither,
590,31772,What fraction of the shape is not shaded? Give your answer in its simplest form. [Image: A triangle split into 9 equal smaller triangles. 6 of them are shaded.],\( \frac{1}{3} \),Because you have to count all the squeres for the denomantor and count the shaded ones for the numerator,True_Neither,
591,31772,What fraction of the shape is not shaded? Give your answer in its simplest form. [Image: A triangle split into 9 equal smaller triangles. 6 of them are shaded.],\( \frac{1}{3} \),Because you have to count all the squeres for the denominator and count the shaded ones to find the numerator.,True_Neither,
592,31772,What fraction of the shape is not shaded? Give your answer in its simplest form. [Image: A triangle split into 9 equal smaller triangles. 6 of them are shaded.],\( \frac{1}{3} \),Because you have to divide it by 3,True_Neither,
593,31772,What fraction of the shape is not shaded? Give your answer in its simplest form. [Image: A triangle split into 9 equal smaller triangles. 6 of them are shaded.],\( \frac{1}{3} \),Because you just divide it by 3.,True_Neither,
594,31772,What fraction of the shape is not shaded? Give your answer in its simplest form. [Image: A triangle split into 9 equal smaller triangles. 6 of them are shaded.],\( \frac{1}{3} \),Because you need to find out how many triangles are in it then find out the ones that aren't shaded then simplify to get the total of 1\3\\\,True_Correct,
595,31772,What fraction of the shape is not shaded? Give your answer in its simplest form. [Image: A triangle split into 9 equal smaller triangles. 6 of them are shaded.],\( \frac{1}{3} \),Because you simplify 3/9 which is 3/6 then simplify again which is 1/3,True_Neither,
596,31772,What fraction of the shape is not shaded? Give your answer in its simplest form. [Image: A triangle split into 9 equal smaller triangles. 6 of them are shaded.],\( \frac{1}{3} \),Becausee there are 9 triangles and 3 are not shaded it will be 3/9.,True_Correct,
597,31772,What fraction of the shape is not shaded? Give your answer in its simplest form. [Image: A triangle split into 9 equal smaller triangles. 6 of them are shaded.],\( \frac{1}{3} \),Becausee without simplifying it is 3/9 and simplified is 1/3.,True_Correct,
598,31772,What fraction of the shape is not shaded? Give your answer in its simplest form. [Image: A triangle split into 9 equal smaller triangles. 6 of them are shaded.],\( \frac{1}{3} \),Becausee you have to divide it by 3,True_Neither,
599,31772,What fraction of the shape is not shaded? Give your answer in its simplest form. [Image: A triangle split into 9 equal smaller triangles. 6 of them are shaded.],\( \frac{1}{3} \),Becausr if you simplify 3 / 9 you get 1/3.,True_Correct,
600,31772,What fraction of the shape is not shaded? Give your answer in its simplest form. [Image: A triangle split into 9 equal smaller triangles. 6 of them are shaded.],\( \frac{1}{3} \),Becuase this is simplified 3/9 isn't.,True_Neither,
601,31772,What fraction of the shape is not shaded? Give your answer in its simplest form. [Image: A triangle split into 9 equal smaller triangles. 6 of them are shaded.],\( \frac{1}{3} \),"Bevause it is 3/9 and if you simplified it, it would be 1/3.",True_Correct,
602,31772,What fraction of the shape is not shaded? Give your answer in its simplest form. [Image: A triangle split into 9 equal smaller triangles. 6 of them are shaded.],\( \frac{1}{3} \),But 3/9 is equivalent to 1/3.,True_Correct,
603,31772,What fraction of the shape is not shaded? Give your answer in its simplest form. [Image: A triangle split into 9 equal smaller triangles. 6 of them are shaded.],\( \frac{1}{3} \),"But it said that it has to be in the simplest form, so I divided them both by 3, because I knew that 3 times anything is 9, which makes the fraction 1/3.",True_Correct,
604,31772,What fraction of the shape is not shaded? Give your answer in its simplest form. [Image: A triangle split into 9 equal smaller triangles. 6 of them are shaded.],\( \frac{1}{3} \),But we have to simplify it so I think it is 1/3.,True_Neither,
605,31772,What fraction of the shape is not shaded? Give your answer in its simplest form. [Image: A triangle split into 9 equal smaller triangles. 6 of them are shaded.],\( \frac{1}{3} \),Count all the triangles. 9. 9 is the denominator. 3 aren't shaded. 3/9 = 1/3,True_Correct,
606,31772,What fraction of the shape is not shaded? Give your answer in its simplest form. [Image: A triangle split into 9 equal smaller triangles. 6 of them are shaded.],\( \frac{1}{3} \),Count the pieces. You can see that there is 3 not shaded so that means that the faction is 3/9. So simplify it.,True_Correct,
607,31772,What fraction of the shape is not shaded? Give your answer in its simplest form. [Image: A triangle split into 9 equal smaller triangles. 6 of them are shaded.],\( \frac{1}{3} \),Count the white ones for numerator and count all for denominter,True_Correct,
608,31772,What fraction of the shape is not shaded? Give your answer in its simplest form. [Image: A triangle split into 9 equal smaller triangles. 6 of them are shaded.],\( \frac{1}{3} \),Count the white ones for numerator and count all for denominter.,True_Correct,
609,31772,What fraction of the shape is not shaded? Give your answer in its simplest form. [Image: A triangle split into 9 equal smaller triangles. 6 of them are shaded.],\( \frac{1}{3} \),Erhhhhhhh their are 3 shaded and I divided,True_Neither,
610,31772,What fraction of the shape is not shaded? Give your answer in its simplest form. [Image: A triangle split into 9 equal smaller triangles. 6 of them are shaded.],\( \frac{1}{3} \),"First I counted up the triangles, which equaled 9 and then counted the 3 triangles which were not shaded in. Then I knew it was 3\9, which can be simplified to 1\3",True_Correct,
611,31772,What fraction of the shape is not shaded? Give your answer in its simplest form. [Image: A triangle split into 9 equal smaller triangles. 6 of them are shaded.],\( \frac{1}{3} \),First I found out how many shapes are shaded and there were 6 and in total there are 9 triangles so it would be 3/9 then it says in the simplest form so the answer would be 1/3.,True_Correct,
612,31772,What fraction of the shape is not shaded? Give your answer in its simplest form. [Image: A triangle split into 9 equal smaller triangles. 6 of them are shaded.],\( \frac{1}{3} \),First it would be 6/9 as a fraction and then you simplify it to make 1/3 as a fraction,True_Neither,
613,31772,What fraction of the shape is not shaded? Give your answer in its simplest form. [Image: A triangle split into 9 equal smaller triangles. 6 of them are shaded.],\( \frac{1}{3} \),"First, there are 9 pieces. Second, three are unshaded. Third, if you divide both of the numbers by three, you will get 1/3.",True_Correct,
614,31772,What fraction of the shape is not shaded? Give your answer in its simplest form. [Image: A triangle split into 9 equal smaller triangles. 6 of them are shaded.],\( \frac{1}{3} \),"Firstly, count up all the pieces in the shape. You get 9. Then, count how many pieces are not shaded. You get 3. Now you know that 3/9 of the shape is not shaded. However, the question asks for its simplest form so you need to find fractions that are equivalent to 3/9. You get 1/3.",True_Correct,
615,31772,What fraction of the shape is not shaded? Give your answer in its simplest form. [Image: A triangle split into 9 equal smaller triangles. 6 of them are shaded.],\( \frac{1}{3} \),Got to 3/9. Needed help simplifying to 1/3,True_Correct,
616,31772,What fraction of the shape is not shaded? Give your answer in its simplest form. [Image: A triangle split into 9 equal smaller triangles. 6 of them are shaded.],\( \frac{1}{3} \),Gott to 3-9. Needed help simplifying to 1/3.,True_Correct,
617,31772,What fraction of the shape is not shaded? Give your answer in its simplest form. [Image: A triangle split into 9 equal smaller triangles. 6 of them are shaded.],\( \frac{1}{3} \),Here's the denominator: 3 is the number of triangles thatt aren't shaded. 3 / 9 = 1/3.,True_Correct,
618,31772,What fraction of the shape is not shaded? Give your answer in its simplest form. [Image: A triangle split into 9 equal smaller triangles. 6 of them are shaded.],\( \frac{1}{3} \),I DID IT IN THE SIMPLEST FORM,True_Neither,
619,31772,What fraction of the shape is not shaded? Give your answer in its simplest form. [Image: A triangle split into 9 equal smaller triangles. 6 of them are shaded.],\( \frac{1}{3} \),I NEW THE ANSWER BECAUSE ON THE TRIANGLE THERES THREE NOT SHADED SO I GUESSED I/3,True_Neither,
620,31772,What fraction of the shape is not shaded? Give your answer in its simplest form. [Image: A triangle split into 9 equal smaller triangles. 6 of them are shaded.],\( \frac{1}{3} \),I Think this is because 3/9 simplified 1/3,True_Correct,
621,31772,What fraction of the shape is not shaded? Give your answer in its simplest form. [Image: A triangle split into 9 equal smaller triangles. 6 of them are shaded.],\( \frac{1}{3} \),I added all the triangles together which = 9 then added the blank ones together and that is how I got my answer then simplified it,True_Neither,
622,31772,What fraction of the shape is not shaded? Give your answer in its simplest form. [Image: A triangle split into 9 equal smaller triangles. 6 of them are shaded.],\( \frac{1}{3} \),"I added all the triangles which made 9, and then counted the not shaded ones which made 3. This makes 3/9 and that in simplest form is 1/3.",True_Correct,
623,31772,What fraction of the shape is not shaded? Give your answer in its simplest form. [Image: A triangle split into 9 equal smaller triangles. 6 of them are shaded.],\( \frac{1}{3} \),I answered A because 3 out of 9 of the triangles are not shaded. You can simplify 3/9 to 1/3.,True_Correct,
624,31772,What fraction of the shape is not shaded? Give your answer in its simplest form. [Image: A triangle split into 9 equal smaller triangles. 6 of them are shaded.],\( \frac{1}{3} \),I answered A because 3/9 are not shaded and 3/9=1/3,True_Correct,
625,31772,What fraction of the shape is not shaded? Give your answer in its simplest form. [Image: A triangle split into 9 equal smaller triangles. 6 of them are shaded.],\( \frac{1}{3} \),"I answered A because 3/9 is not shaded, and since it is asking for its simplest form, you would need to simplify it to 1/3.",True_Correct,
626,31772,What fraction of the shape is not shaded? Give your answer in its simplest form. [Image: A triangle split into 9 equal smaller triangles. 6 of them are shaded.],\( \frac{1}{3} \),"I answered A because 3/9 is not shaded, and since it is asking for its simplest form, you would need to simplify the number. 3/9 could be simplified to 1/3, so 1/3 is the answer since 1/3 cannot be simplified.",True_Correct,
627,31772,What fraction of the shape is not shaded? Give your answer in its simplest form. [Image: A triangle split into 9 equal smaller triangles. 6 of them are shaded.],\( \frac{1}{3} \),I answered A because the fraction without simplifying it would be 3/9 but you can divide it by 3 because 9 ÷ 3 = 3 (denominator) and 3 ÷ 3 = 1 (numerator).,True_Correct,
628,31772,What fraction of the shape is not shaded? Give your answer in its simplest form. [Image: A triangle split into 9 equal smaller triangles. 6 of them are shaded.],\( \frac{1}{3} \),I answered A because there are 6 shaded and 9 triangles so the fraction that is shaded is 6/9 so the remaining fraction would be 3/9 and 3/9 is equivalent to 1/3 ( 3/9 divided by 3 is 1/3),True_Correct,
629,31772,What fraction of the shape is not shaded? Give your answer in its simplest form. [Image: A triangle split into 9 equal smaller triangles. 6 of them are shaded.],\( \frac{1}{3} \),I answered A because there are 9 triangles and 3 of them are not shaded. 3 out of 9 is equal to 1/3,True_Correct,
630,31772,What fraction of the shape is not shaded? Give your answer in its simplest form. [Image: A triangle split into 9 equal smaller triangles. 6 of them are shaded.],\( \frac{1}{3} \),I answered this because 3 out of 9 (3/9) aren't shaded but if you simplify 3/9 you'd get 1/3.,True_Correct,
631,31772,What fraction of the shape is not shaded? Give your answer in its simplest form. [Image: A triangle split into 9 equal smaller triangles. 6 of them are shaded.],\( \frac{1}{3} \),I can see that 3 are not shaded. Then I counted how many are shaded and the answer was 9. Then that would be my denominator,True_Correct,
632,31772,What fraction of the shape is not shaded? Give your answer in its simplest form. [Image: A triangle split into 9 equal smaller triangles. 6 of them are shaded.],\( \frac{1}{3} \),"I can see that three out of the nine small triangles are not shaded, and I know that three-ninths is equivalent to one-third",True_Correct,
633,31772,What fraction of the shape is not shaded? Give your answer in its simplest form. [Image: A triangle split into 9 equal smaller triangles. 6 of them are shaded.],\( \frac{1}{3} \),I can tell this because there are 6 shaded and 3 not so youu get the fraction 6/3 and 6 1/3 simplified is 1/3.,True_Correct,
634,31772,What fraction of the shape is not shaded? Give your answer in its simplest form. [Image: A triangle split into 9 equal smaller triangles. 6 of them are shaded.],\( \frac{1}{3} \),I choose A because it asked for the fraction of the not shaded part there is 3 and so I 1/3 would be the answer,True_Correct,
635,31772,What fraction of the shape is not shaded? Give your answer in its simplest form. [Image: A triangle split into 9 equal smaller triangles. 6 of them are shaded.],\( \frac{1}{3} \),I chose 1/3 because it there are 3 triangles not shaded and there are 9 shaded in so when you simplify it by divide it by 3,True_Neither,
636,31772,What fraction of the shape is not shaded? Give your answer in its simplest form. [Image: A triangle split into 9 equal smaller triangles. 6 of them are shaded.],\( \frac{1}{3} \),"I chose 1/3 because it there are 3 triangles not shaded and 9 that are shade in. So when you simplify it by dividing by 3, it comes out to be 9.",True_Neither,
637,31772,What fraction of the shape is not shaded? Give your answer in its simplest form. [Image: A triangle split into 9 equal smaller triangles. 6 of them are shaded.],\( \frac{1}{3} \),I chose A because there 9 parts of the triangle and 3 parts are not shaded so it is 3/9 and 3/9 simplified is 1/3.,True_Correct,
638,31772,What fraction of the shape is not shaded? Give your answer in its simplest form. [Image: A triangle split into 9 equal smaller triangles. 6 of them are shaded.],\( \frac{1}{3} \),I chose a because the fraction shaded and kept is 3/6 and as simplified is 1/3.,True_Neither,
639,31772,What fraction of the shape is not shaded? Give your answer in its simplest form. [Image: A triangle split into 9 equal smaller triangles. 6 of them are shaded.],\( \frac{1}{3} \),I chose this answer because on the diagram it shows 3/9 and I know that when this is cancelled down it is 1/3.,True_Correct,
640,31772,What fraction of the shape is not shaded? Give your answer in its simplest form. [Image: A triangle split into 9 equal smaller triangles. 6 of them are shaded.],\( \frac{1}{3} \),"I chose this answer because three of the triangles are blank so it's 3/9. After I figured that out, I simplified the fraction and the result was 1/3.",True_Correct,
641,31772,What fraction of the shape is not shaded? Give your answer in its simplest form. [Image: A triangle split into 9 equal smaller triangles. 6 of them are shaded.],\( \frac{1}{3} \),I chose this answer because you have three not shaded in a family of 9 giving you 3/9 then if you divide both the numerator and denominator by 3 you will have simplified it to 1/3.,True_Correct,
642,31772,What fraction of the shape is not shaded? Give your answer in its simplest form. [Image: A triangle split into 9 equal smaller triangles. 6 of them are shaded.],\( \frac{1}{3} \),"I chose this answerr because you have three not shaded in a family of 9 giving you 3/9. Then, if you divide both the numerator and denominator by 3, you will have simplified it to 1/3.",True_Correct,
643,31772,What fraction of the shape is not shaded? Give your answer in its simplest form. [Image: A triangle split into 9 equal smaller triangles. 6 of them are shaded.],\( \frac{1}{3} \),I counted all of the triangles which was 9 and the amount of triangle not shaded was 3 and if you convert 3/9 it would be 1/3.,True_Correct,
644,31772,What fraction of the shape is not shaded? Give your answer in its simplest form. [Image: A triangle split into 9 equal smaller triangles. 6 of them are shaded.],\( \frac{1}{3} \),I counted all the mini triangles which was 9 amd then i counted the unshaded area which was 3 which would equal 3 over 9 and that simplified into 1 over 3,True_Correct,
645,31772,What fraction of the shape is not shaded? Give your answer in its simplest form. [Image: A triangle split into 9 equal smaller triangles. 6 of them are shaded.],\( \frac{1}{3} \),"I counted all the squares and worked out the fraction, then simplified it.",True_Neither,
646,31772,What fraction of the shape is not shaded? Give your answer in its simplest form. [Image: A triangle split into 9 equal smaller triangles. 6 of them are shaded.],\( \frac{1}{3} \),I counted all the triangles and counted the ones that are shaded in and simplified it to its simplest form,True_Neither,
647,31772,What fraction of the shape is not shaded? Give your answer in its simplest form. [Image: A triangle split into 9 equal smaller triangles. 6 of them are shaded.],\( \frac{1}{3} \),I counted all the triangles up and then I counted how many were white.I also simplified it,True_Neither,
648,31772,What fraction of the shape is not shaded? Give your answer in its simplest form. [Image: A triangle split into 9 equal smaller triangles. 6 of them are shaded.],\( \frac{1}{3} \),I counted how many triangles there are inside the triangle and then i simplified it,True_Neither,
649,31772,What fraction of the shape is not shaded? Give your answer in its simplest form. [Image: A triangle split into 9 equal smaller triangles. 6 of them are shaded.],\( \frac{1}{3} \),I counted how many triangles there were and then I counted how many weren’t shaded. Then I simplified my answer.,True_Correct,
650,31772,What fraction of the shape is not shaded? Give your answer in its simplest form. [Image: A triangle split into 9 equal smaller triangles. 6 of them are shaded.],\( \frac{1}{3} \),I counted how many triangles there were then I counted how many are not shaded. The fraction was 3/9 but in its simplest form it is 1/3,True_Correct,
651,31772,What fraction of the shape is not shaded? Give your answer in its simplest form. [Image: A triangle split into 9 equal smaller triangles. 6 of them are shaded.],\( \frac{1}{3} \),"I counted how many triangles were in total and then how many shaded.Once I had done this, I subtracted the total from shaded which gave me 3 over 9 but it asks for its simplest form so I divided the numerator and denominator by 3 to give me a which is one third.",True_Correct,
652,31772,What fraction of the shape is not shaded? Give your answer in its simplest form. [Image: A triangle split into 9 equal smaller triangles. 6 of them are shaded.],\( \frac{1}{3} \),I counted it and got 3/9 then simplified that to 1/3,True_Correct,
653,31772,What fraction of the shape is not shaded? Give your answer in its simplest form. [Image: A triangle split into 9 equal smaller triangles. 6 of them are shaded.],\( \frac{1}{3} \),I counted the shaded parts and then I put it inti a fraction,True_Neither,
654,31772,What fraction of the shape is not shaded? Give your answer in its simplest form. [Image: A triangle split into 9 equal smaller triangles. 6 of them are shaded.],\( \frac{1}{3} \),I counted the shape then simplified.,True_Neither,
655,31772,What fraction of the shape is not shaded? Give your answer in its simplest form. [Image: A triangle split into 9 equal smaller triangles. 6 of them are shaded.],\( \frac{1}{3} \),I counted the shapes and then simplified them.,True_Neither,
656,31772,What fraction of the shape is not shaded? Give your answer in its simplest form. [Image: A triangle split into 9 equal smaller triangles. 6 of them are shaded.],\( \frac{1}{3} \),I counted the squares and I got 3/9 the I simplified that to 1/3,True_Correct,
657,31772,What fraction of the shape is not shaded? Give your answer in its simplest form. [Image: A triangle split into 9 equal smaller triangles. 6 of them are shaded.],\( \frac{1}{3} \),I counted the total triangles and simplified the fraction.,True_Neither,
658,31772,What fraction of the shape is not shaded? Give your answer in its simplest form. [Image: A triangle split into 9 equal smaller triangles. 6 of them are shaded.],\( \frac{1}{3} \),"I counted the triangles and got a denominator of 3, so I divided by 3 to get the remainder of 2.",True_Neither,
659,31772,What fraction of the shape is not shaded? Give your answer in its simplest form. [Image: A triangle split into 9 equal smaller triangles. 6 of them are shaded.],\( \frac{1}{3} \),I counted the triangles and got the denominator 3,True_Neither,
660,31772,What fraction of the shape is not shaded? Give your answer in its simplest form. [Image: A triangle split into 9 equal smaller triangles. 6 of them are shaded.],\( \frac{1}{3} \),I counted the triangles and then when I worked it out I found the simplest form,True_Neither,
661,31772,What fraction of the shape is not shaded? Give your answer in its simplest form. [Image: A triangle split into 9 equal smaller triangles. 6 of them are shaded.],\( \frac{1}{3} \),I counted the unshaded triangles and there were 3 and then I counted the total triangles and there were 9. 3/9 in its simplest form would be 1/3.,True_Correct,
662,31772,What fraction of the shape is not shaded? Give your answer in its simplest form. [Image: A triangle split into 9 equal smaller triangles. 6 of them are shaded.],\( \frac{1}{3} \),I counted them and then saw the answer.,True_Neither,
663,31772,What fraction of the shape is not shaded? Give your answer in its simplest form. [Image: A triangle split into 9 equal smaller triangles. 6 of them are shaded.],\( \frac{1}{3} \),I counted up all the triangles and that is 3/7 but in simple form would leave you with the snswer A.,True_Neither,
664,31772,What fraction of the shape is not shaded? Give your answer in its simplest form. [Image: A triangle split into 9 equal smaller triangles. 6 of them are shaded.],\( \frac{1}{3} \),I did 3/9 divided by 3 which is equal to 1/3.,True_Correct,
665,31772,What fraction of the shape is not shaded? Give your answer in its simplest form. [Image: A triangle split into 9 equal smaller triangles. 6 of them are shaded.],\( \frac{1}{3} \),I did 3/9 divided by 3 which makes 1/3,True_Neither,
666,31772,What fraction of the shape is not shaded? Give your answer in its simplest form. [Image: A triangle split into 9 equal smaller triangles. 6 of them are shaded.],\( \frac{1}{3} \),I did it in my head,True_Neither,
667,31772,What fraction of the shape is not shaded? Give your answer in its simplest form. [Image: A triangle split into 9 equal smaller triangles. 6 of them are shaded.],\( \frac{1}{3} \),I did it in my head.,True_Neither,
668,31772,What fraction of the shape is not shaded? Give your answer in its simplest form. [Image: A triangle split into 9 equal smaller triangles. 6 of them are shaded.],\( \frac{1}{3} \),I don't kink how to explain.. Sorry..,True_Neither,
669,31772,What fraction of the shape is not shaded? Give your answer in its simplest form. [Image: A triangle split into 9 equal smaller triangles. 6 of them are shaded.],\( \frac{1}{3} \),"I don't know how to explain, sorry.",True_Neither,
670,31772,What fraction of the shape is not shaded? Give your answer in its simplest form. [Image: A triangle split into 9 equal smaller triangles. 6 of them are shaded.],\( \frac{1}{3} \),I figured out thr fractions then divided by two.,True_Neither,
671,31772,What fraction of the shape is not shaded? Give your answer in its simplest form. [Image: A triangle split into 9 equal smaller triangles. 6 of them are shaded.],\( \frac{1}{3} \),I got A because it's 3/9 but you have to simplify it to get 1/3,True_Correct,
672,31772,What fraction of the shape is not shaded? Give your answer in its simplest form. [Image: A triangle split into 9 equal smaller triangles. 6 of them are shaded.],\( \frac{1}{3} \),I got this because there is 6 9ths shaded,True_Correct,
673,31772,What fraction of the shape is not shaded? Give your answer in its simplest form. [Image: A triangle split into 9 equal smaller triangles. 6 of them are shaded.],\( \frac{1}{3} \),I got this because there is 6 9ths shaded,True_Correct,
674,31772,What fraction of the shape is not shaded? Give your answer in its simplest form. [Image: A triangle split into 9 equal smaller triangles. 6 of them are shaded.],\( \frac{1}{3} \),"I have counted all of the triangles and there was 9, 3 of them were not shaded, so that is 3/9, I have simplified it to 1/3",True_Correct,
675,31772,What fraction of the shape is not shaded? Give your answer in its simplest form. [Image: A triangle split into 9 equal smaller triangles. 6 of them are shaded.],\( \frac{1}{3} \),"I have counted all of the triangles and there were 9, three of them were not shaded, so that is 3 / 9.",True_Correct,
676,31772,What fraction of the shape is not shaded? Give your answer in its simplest form. [Image: A triangle split into 9 equal smaller triangles. 6 of them are shaded.],\( \frac{1}{3} \),I knew that the original fraction was 3 /9 ÷ 3 = 1 / 3,True_Neither,
677,31772,What fraction of the shape is not shaded? Give your answer in its simplest form. [Image: A triangle split into 9 equal smaller triangles. 6 of them are shaded.],\( \frac{1}{3} \),I knew this because i counted 3 over 9 but then it said 'the simplist form' so I converted it to 1 over 3.,True_Correct,
678,31772,What fraction of the shape is not shaded? Give your answer in its simplest form. [Image: A triangle split into 9 equal smaller triangles. 6 of them are shaded.],\( \frac{1}{3} \),I knew this because we saw three of the triangles were not shaded so we counted all of the triangles so the not shaded was 3/9 but we needed to simplify that to make 1/3,True_Correct,
679,31772,What fraction of the shape is not shaded? Give your answer in its simplest form. [Image: A triangle split into 9 equal smaller triangles. 6 of them are shaded.],\( \frac{1}{3} \),I know because 6/9 is shaded in so 9-6 is 3 so it is 3/9 but the question says to reduce to its simplist form so 3/9 reduced is 1/3,True_Correct,
680,31772,What fraction of the shape is not shaded? Give your answer in its simplest form. [Image: A triangle split into 9 equal smaller triangles. 6 of them are shaded.],\( \frac{1}{3} \),I know it is A because 3/9 of the shape is not shaded. 3 and and 9 are in the same multiples so I divided it by 3. Which then I got 1/3,True_Correct,
681,31772,What fraction of the shape is not shaded? Give your answer in its simplest form. [Image: A triangle split into 9 equal smaller triangles. 6 of them are shaded.],\( \frac{1}{3} \),I know it is A because the fraction is 3/9 but it said in its simplest form so it is 1/3😄😄😄,True_Correct,
682,31772,What fraction of the shape is not shaded? Give your answer in its simplest form. [Image: A triangle split into 9 equal smaller triangles. 6 of them are shaded.],\( \frac{1}{3} \),"I know it is A because the fraction is 3/9, but it said in its simplest form, whivh is 1/3.",True_Correct,
683,31772,What fraction of the shape is not shaded? Give your answer in its simplest form. [Image: A triangle split into 9 equal smaller triangles. 6 of them are shaded.],\( \frac{1}{3} \),I know it is a because 3/9 = 1/3,True_Correct,
684,31772,What fraction of the shape is not shaded? Give your answer in its simplest form. [Image: A triangle split into 9 equal smaller triangles. 6 of them are shaded.],\( \frac{1}{3} \),I know it's one third as there are 9 triangles and three not shaded and 9 dived by 3 equals 3 which is one third,True_Correct,
685,31772,What fraction of the shape is not shaded? Give your answer in its simplest form. [Image: A triangle split into 9 equal smaller triangles. 6 of them are shaded.],\( \frac{1}{3} \),I know it's one thirdd as there are 9 triangles and three not shaded and 9 dived by 3 equals 3 which is three thirds.,True_Correct,
686,31772,What fraction of the shape is not shaded? Give your answer in its simplest form. [Image: A triangle split into 9 equal smaller triangles. 6 of them are shaded.],\( \frac{1}{3} \),I know its a because 3 9ths is the same as 1 third,True_Correct,
687,31772,What fraction of the shape is not shaded? Give your answer in its simplest form. [Image: A triangle split into 9 equal smaller triangles. 6 of them are shaded.],\( \frac{1}{3} \),I know its this because the ones that are not shaded is three,True_Neither,
688,31772,What fraction of the shape is not shaded? Give your answer in its simplest form. [Image: A triangle split into 9 equal smaller triangles. 6 of them are shaded.],\( \frac{1}{3} \),I know that 3 9 can be simplified to 1/3.,True_Correct,
689,31772,What fraction of the shape is not shaded? Give your answer in its simplest form. [Image: A triangle split into 9 equal smaller triangles. 6 of them are shaded.],\( \frac{1}{3} \),I know that 3/9 is not shaded and if you divide the numerator and the denominator by 3 I got 1/3,True_Correct,
690,31772,What fraction of the shape is not shaded? Give your answer in its simplest form. [Image: A triangle split into 9 equal smaller triangles. 6 of them are shaded.],\( \frac{1}{3} \),"I know that the answer is a because 3 out of 9 of them are shaded, so the answer would be 3 over nine. But, you can divide it by three which would make the answer 1 over 3.",True_Neither,
691,31772,What fraction of the shape is not shaded? Give your answer in its simplest form. [Image: A triangle split into 9 equal smaller triangles. 6 of them are shaded.],\( \frac{1}{3} \),I know this because 3/9 can also be 1/3,True_Correct,
692,31772,What fraction of the shape is not shaded? Give your answer in its simplest form. [Image: A triangle split into 9 equal smaller triangles. 6 of them are shaded.],\( \frac{1}{3} \),I know this because 3/9 is equal to 1/3,True_Correct,
693,31772,What fraction of the shape is not shaded? Give your answer in its simplest form. [Image: A triangle split into 9 equal smaller triangles. 6 of them are shaded.],\( \frac{1}{3} \),I know this because 3/9 is the fraction and 1/3 is simplified.,True_Correct,
694,31772,What fraction of the shape is not shaded? Give your answer in its simplest form. [Image: A triangle split into 9 equal smaller triangles. 6 of them are shaded.],\( \frac{1}{3} \),I know this because I counted all the triangles which was 3/9.Next I simplified it to 1/3 to get my answer,True_Correct,
695,31772,What fraction of the shape is not shaded? Give your answer in its simplest form. [Image: A triangle split into 9 equal smaller triangles. 6 of them are shaded.],\( \frac{1}{3} \),I know this because I worked it out,True_Neither,
696,31772,What fraction of the shape is not shaded? Give your answer in its simplest form. [Image: A triangle split into 9 equal smaller triangles. 6 of them are shaded.],\( \frac{1}{3} \),I know this because if you count then you'll get it correct,True_Neither,
697,31772,What fraction of the shape is not shaded? Give your answer in its simplest form. [Image: A triangle split into 9 equal smaller triangles. 6 of them are shaded.],\( \frac{1}{3} \),I know this because if you count thenn you'll get it correct.,True_Neither,
698,31772,What fraction of the shape is not shaded? Give your answer in its simplest form. [Image: A triangle split into 9 equal smaller triangles. 6 of them are shaded.],\( \frac{1}{3} \),I know this because if you have 3/9 then you can simplify it to 1/3.,True_Correct,
699,31772,What fraction of the shape is not shaded? Give your answer in its simplest form. [Image: A triangle split into 9 equal smaller triangles. 6 of them are shaded.],\( \frac{1}{3} \),I know this because if you have 3/9 you can simplify it to 1/3,True_Correct,
700,31772,What fraction of the shape is not shaded? Give your answer in its simplest form. [Image: A triangle split into 9 equal smaller triangles. 6 of them are shaded.],\( \frac{1}{3} \),I know this because the 3 is for the 3 white triangles and the 9 is for the blue triangles and if you divided those answers by 3 it would give you its simplest form.,True_Neither,
701,31772,What fraction of the shape is not shaded? Give your answer in its simplest form. [Image: A triangle split into 9 equal smaller triangles. 6 of them are shaded.],\( \frac{1}{3} \),I know this because the answer is 3/9 and that in its simplest is 1/3,True_Correct,
702,31772,What fraction of the shape is not shaded? Give your answer in its simplest form. [Image: A triangle split into 9 equal smaller triangles. 6 of them are shaded.],\( \frac{1}{3} \),I know this because the hole shape is 9/9 and 3 of them aren't shaded so it would be 3/9 but then you have to simplify it into 1/3.,True_Correct,
703,31772,What fraction of the shape is not shaded? Give your answer in its simplest form. [Image: A triangle split into 9 equal smaller triangles. 6 of them are shaded.],\( \frac{1}{3} \),I know this because the original answer is 3 9ths and that simplified is 1 3rd.,True_Correct,
704,31772,What fraction of the shape is not shaded? Give your answer in its simplest form. [Image: A triangle split into 9 equal smaller triangles. 6 of them are shaded.],\( \frac{1}{3} \),I know this because the triangle is three sixths and one third is equivalent to three sixths,True_Neither,
705,31772,What fraction of the shape is not shaded? Give your answer in its simplest form. [Image: A triangle split into 9 equal smaller triangles. 6 of them are shaded.],\( \frac{1}{3} \),I know this because there are 3\9,True_Neither,
706,31772,What fraction of the shape is not shaded? Give your answer in its simplest form. [Image: A triangle split into 9 equal smaller triangles. 6 of them are shaded.],\( \frac{1}{3} \),"I know this because there are 9 triangles all together and 3 of them are not shaded, so then when you simplify 3/9 you get 1/3.",True_Correct,
707,31772,What fraction of the shape is not shaded? Give your answer in its simplest form. [Image: A triangle split into 9 equal smaller triangles. 6 of them are shaded.],\( \frac{1}{3} \),I know this because there are 9 triangles and only 3 are not shaded so 3/9 are equivalent to 1/3,True_Correct,
708,31772,What fraction of the shape is not shaded? Give your answer in its simplest form. [Image: A triangle split into 9 equal smaller triangles. 6 of them are shaded.],\( \frac{1}{3} \),I know this because there are 9 triangles in total and 6 are shaded so 3 are not shaded which is 1/3,True_Correct,
709,31772,What fraction of the shape is not shaded? Give your answer in its simplest form. [Image: A triangle split into 9 equal smaller triangles. 6 of them are shaded.],\( \frac{1}{3} \),"I know this because there are 9 triangles in total and only 3 of them are not shaded in. That gives us a total of 3/9 . Simplified, it's 1/3.",True_Correct,
710,31772,What fraction of the shape is not shaded? Give your answer in its simplest form. [Image: A triangle split into 9 equal smaller triangles. 6 of them are shaded.],\( \frac{1}{3} \),I know this because there are three that are not shaded and then i simplified it.,True_Neither,
711,31772,What fraction of the shape is not shaded? Give your answer in its simplest form. [Image: A triangle split into 9 equal smaller triangles. 6 of them are shaded.],\( \frac{1}{3} \),I know this because there is 9 in total and 3 are not shaded so 3 goes into 9 3 times making 1/3,True_Correct,
712,31772,What fraction of the shape is not shaded? Give your answer in its simplest form. [Image: A triangle split into 9 equal smaller triangles. 6 of them are shaded.],\( \frac{1}{3} \),I know this because you can divided 3/9 by 3 to get 1/3,True_Correct,
713,31772,What fraction of the shape is not shaded? Give your answer in its simplest form. [Image: A triangle split into 9 equal smaller triangles. 6 of them are shaded.],\( \frac{1}{3} \),"I know this because, I counted all of the blue triangles and I got 6 and because there are 3 white triangle that are not shaded, my answer is 3/6. If you simplify it by 3, it comes out to 1/3.",True_Misconception,WNB
714,31772,What fraction of the shape is not shaded? Give your answer in its simplest form. [Image: A triangle split into 9 equal smaller triangles. 6 of them are shaded.],\( \frac{1}{3} \),"I know this because, I counted all of the blue triangles and I got 6 and because there is 3 white triangles not shaded my answer is 3/6 but you can simplify it by 3 so my final answer is 1/3.",True_Misconception,WNB
715,31772,What fraction of the shape is not shaded? Give your answer in its simplest form. [Image: A triangle split into 9 equal smaller triangles. 6 of them are shaded.],\( \frac{1}{3} \),I know this becausee there are 39.,True_Neither,
716,31772,What fraction of the shape is not shaded? Give your answer in its simplest form. [Image: A triangle split into 9 equal smaller triangles. 6 of them are shaded.],\( \frac{1}{3} \),I know this is correct because i counted all the triangles then i took away three and i got 3/9 so i put it in its simplest form which is 1/3!,True_Correct,
717,31772,What fraction of the shape is not shaded? Give your answer in its simplest form. [Image: A triangle split into 9 equal smaller triangles. 6 of them are shaded.],\( \frac{1}{3} \),I pick A because 3/9 simplified is 1/3,True_Correct,
718,31772,What fraction of the shape is not shaded? Give your answer in its simplest form. [Image: A triangle split into 9 equal smaller triangles. 6 of them are shaded.],\( \frac{1}{3} \),I put D because there is 3 shaded in and in total there are 9 triangles so it's 3/9 however it's not in its simplest form you have to divide 3/9 by 3 to the bottom and the top which gives you 1/3,True_Neither,
719,31772,What fraction of the shape is not shaded? Give your answer in its simplest form. [Image: A triangle split into 9 equal smaller triangles. 6 of them are shaded.],\( \frac{1}{3} \),I put this because there are 9 boxes and 3 are not shaded so you divide by 3 to get 1/3.,True_Correct,
720,31772,What fraction of the shape is not shaded? Give your answer in its simplest form. [Image: A triangle split into 9 equal smaller triangles. 6 of them are shaded.],\( \frac{1}{3} \),I really dont know how to explain my method,True_Neither,
721,31772,What fraction of the shape is not shaded? Give your answer in its simplest form. [Image: A triangle split into 9 equal smaller triangles. 6 of them are shaded.],\( \frac{1}{3} \),I saw mr Barton’s math videos,True_Neither,
722,31772,What fraction of the shape is not shaded? Give your answer in its simplest form. [Image: A triangle split into 9 equal smaller triangles. 6 of them are shaded.],\( \frac{1}{3} \),I simplified the answer I got.,True_Neither,
723,31772,What fraction of the shape is not shaded? Give your answer in its simplest form. [Image: A triangle split into 9 equal smaller triangles. 6 of them are shaded.],\( \frac{1}{3} \),I thimk it is A because I ran out of time:(,True_Neither,
724,31772,What fraction of the shape is not shaded? Give your answer in its simplest form. [Image: A triangle split into 9 equal smaller triangles. 6 of them are shaded.],\( \frac{1}{3} \),I think 1/3 because 3/9 simplified is 1/3 because 3/9 both go in the 3 time table,True_Correct,
725,31772,What fraction of the shape is not shaded? Give your answer in its simplest form. [Image: A triangle split into 9 equal smaller triangles. 6 of them are shaded.],\( \frac{1}{3} \),I think A because out of the 9 triangles only 3 are shaded giving the fraction 3/9=1/3,True_Neither,
726,31772,What fraction of the shape is not shaded? Give your answer in its simplest form. [Image: A triangle split into 9 equal smaller triangles. 6 of them are shaded.],\( \frac{1}{3} \),I think A because 3/9 is shaded in but 3/9 is equivalent to 1/3.,True_Neither,
727,31772,What fraction of the shape is not shaded? Give your answer in its simplest form. [Image: A triangle split into 9 equal smaller triangles. 6 of them are shaded.],\( \frac{1}{3} \),I think A because the are 9 triangles and 3 of them are not shaded in so that means the fraction would be 3/9 and then in it’s simplest form would 1/3,True_Correct,
728,31772,What fraction of the shape is not shaded? Give your answer in its simplest form. [Image: A triangle split into 9 equal smaller triangles. 6 of them are shaded.],\( \frac{1}{3} \),I think A because there are 9 triangles and 3 of them are not shaded in so that means the fraction wouldd be 3/9 and then in it’s simplest form would 1/3.,True_Correct,
729,31772,What fraction of the shape is not shaded? Give your answer in its simplest form. [Image: A triangle split into 9 equal smaller triangles. 6 of them are shaded.],\( \frac{1}{3} \),I think A because there are nine triangles and three are not shaded so 3/9 can be simplified to 1/3.,True_Correct,
730,31772,What fraction of the shape is not shaded? Give your answer in its simplest form. [Image: A triangle split into 9 equal smaller triangles. 6 of them are shaded.],\( \frac{1}{3} \),I think A brcause there are nine triangles and three are not shaded. So 3/9 can be simplified to 1/3.,True_Correct,
731,31772,What fraction of the shape is not shaded? Give your answer in its simplest form. [Image: A triangle split into 9 equal smaller triangles. 6 of them are shaded.],\( \frac{1}{3} \),I think A is the answer because there are 9 triangles altogether and 3 are shaded so it would be 3 over 9 but if you divide the numerator and denominator by 3 it would be 1 over 3.,True_Correct,
732,31772,What fraction of the shape is not shaded? Give your answer in its simplest form. [Image: A triangle split into 9 equal smaller triangles. 6 of them are shaded.],\( \frac{1}{3} \),I think This is right because there's 9 triangles when it is not simplified it's would be three ninths when simplified it is one third,True_Correct,
733,31772,What fraction of the shape is not shaded? Give your answer in its simplest form. [Image: A triangle split into 9 equal smaller triangles. 6 of them are shaded.],\( \frac{1}{3} \),I think a because I know that there was 1 and I coated it and on one side there was 3 so it must be1over 3,True_Neither,
734,31772,What fraction of the shape is not shaded? Give your answer in its simplest form. [Image: A triangle split into 9 equal smaller triangles. 6 of them are shaded.],\( \frac{1}{3} \),I think because 3/9s are shaded and simplyfiy that it is 1/3,True_Neither,
735,31772,What fraction of the shape is not shaded? Give your answer in its simplest form. [Image: A triangle split into 9 equal smaller triangles. 6 of them are shaded.],\( \frac{1}{3} \),I think because 3/9s are shadedd and simplyfiy that it is 1/3.,True_Neither,
736,31772,What fraction of the shape is not shaded? Give your answer in its simplest form. [Image: A triangle split into 9 equal smaller triangles. 6 of them are shaded.],\( \frac{1}{3} \),I think becausee only 3 is not blue.,True_Neither,
737,31772,What fraction of the shape is not shaded? Give your answer in its simplest form. [Image: A triangle split into 9 equal smaller triangles. 6 of them are shaded.],\( \frac{1}{3} \),I think is 1/3 because I simplified the number 3/9 to the simplest form.,True_Correct,
738,31772,What fraction of the shape is not shaded? Give your answer in its simplest form. [Image: A triangle split into 9 equal smaller triangles. 6 of them are shaded.],\( \frac{1}{3} \),I think it 1/3 because that it is the lowest there .,True_Neither,
739,31772,What fraction of the shape is not shaded? Give your answer in its simplest form. [Image: A triangle split into 9 equal smaller triangles. 6 of them are shaded.],\( \frac{1}{3} \),I think it is 1/3 because in total there was 9 triangles and only 3 of them were not shaded in so the answer would be 3/9 but it said in the simplest form so if u divided by 3 it equals 1/3,True_Correct,
740,31772,What fraction of the shape is not shaded? Give your answer in its simplest form. [Image: A triangle split into 9 equal smaller triangles. 6 of them are shaded.],\( \frac{1}{3} \),"I think it is 1/3 because in total there was 9 triangles and only 3 of them were not shaded in. The answer would be 3/9, but if you divided it by 3, it would equal 1/3.",True_Correct,
741,31772,What fraction of the shape is not shaded? Give your answer in its simplest form. [Image: A triangle split into 9 equal smaller triangles. 6 of them are shaded.],\( \frac{1}{3} \),I think it is 1/3 because it will start of as 1/6 but then you have to simplify thatt so that is why i think its 1/3.,True_Neither,
742,31772,What fraction of the shape is not shaded? Give your answer in its simplest form. [Image: A triangle split into 9 equal smaller triangles. 6 of them are shaded.],\( \frac{1}{3} \),I think it is 1/3 because there are 3/9 that are not shaded andd 1/3 is equivalent to 2/9.,True_Neither,
743,31772,What fraction of the shape is not shaded? Give your answer in its simplest form. [Image: A triangle split into 9 equal smaller triangles. 6 of them are shaded.],\( \frac{1}{3} \),I think it is 1/3 because there are 3/9 unshaded and 3/9 is equivalent to 1/3,True_Correct,
744,31772,What fraction of the shape is not shaded? Give your answer in its simplest form. [Image: A triangle split into 9 equal smaller triangles. 6 of them are shaded.],\( \frac{1}{3} \),I think it is 1/3 because there are 9 parts altogether. 6 of them are shaded and 3 are not. That gives you 3/9 but simplified is 1/3.,True_Correct,
745,31772,What fraction of the shape is not shaded? Give your answer in its simplest form. [Image: A triangle split into 9 equal smaller triangles. 6 of them are shaded.],\( \frac{1}{3} \),I think it is 1/3 because there are 9 parts altogether. 6 of them are shaded and 3 are not. That gives you 3/9.,True_Correct,
746,31772,What fraction of the shape is not shaded? Give your answer in its simplest form. [Image: A triangle split into 9 equal smaller triangles. 6 of them are shaded.],\( \frac{1}{3} \),"I think it is A as there are 9 parts to the triangle and 3 not shaded. you can divide both of these numbers by three, and therefore it would be 1/3.",True_Correct,
747,31772,What fraction of the shape is not shaded? Give your answer in its simplest form. [Image: A triangle split into 9 equal smaller triangles. 6 of them are shaded.],\( \frac{1}{3} \),I think it is A because 3/9 are shaded and it said simplest form,True_Neither,
748,31772,What fraction of the shape is not shaded? Give your answer in its simplest form. [Image: A triangle split into 9 equal smaller triangles. 6 of them are shaded.],\( \frac{1}{3} \),I think it is A because 3/9 aree shaded and it said simplest form.,True_Neither,
749,31772,What fraction of the shape is not shaded? Give your answer in its simplest form. [Image: A triangle split into 9 equal smaller triangles. 6 of them are shaded.],\( \frac{1}{3} \),I think it is A because 3/9 is simplified to 1/3.,True_Correct,
750,31772,What fraction of the shape is not shaded? Give your answer in its simplest form. [Image: A triangle split into 9 equal smaller triangles. 6 of them are shaded.],\( \frac{1}{3} \),I think it is A because 3/9 isn't shaded and then simplify it into its simplest form which is 1/3,True_Correct,
751,31772,What fraction of the shape is not shaded? Give your answer in its simplest form. [Image: A triangle split into 9 equal smaller triangles. 6 of them are shaded.],\( \frac{1}{3} \),"I think it is A because there are 9 triangles, 6 are shaded 3 aren't. Therefore, 3/9 are not shaded, simplified is 1/3!",True_Correct,
752,31772,What fraction of the shape is not shaded? Give your answer in its simplest form. [Image: A triangle split into 9 equal smaller triangles. 6 of them are shaded.],\( \frac{1}{3} \),I think it is a because if you add up all the triangles there is 9 and 3 not shaded which equals 3/9 but you have to simpilfy it to make 1/3,True_Correct,
753,31772,What fraction of the shape is not shaded? Give your answer in its simplest form. [Image: A triangle split into 9 equal smaller triangles. 6 of them are shaded.],\( \frac{1}{3} \),"I think it is a because if you simplify 3/9, it is 1/3.",True_Correct,
754,31772,What fraction of the shape is not shaded? Give your answer in its simplest form. [Image: A triangle split into 9 equal smaller triangles. 6 of them are shaded.],\( \frac{1}{3} \),I think it is a because there are 9 parts in the triangle and three are not shaded in then that in its simplest form is one third,True_Correct,
755,31772,What fraction of the shape is not shaded? Give your answer in its simplest form. [Image: A triangle split into 9 equal smaller triangles. 6 of them are shaded.],\( \frac{1}{3} \),I think it is the answer because denominator is 6 and numerator is 3 so simplest form is 1 --- 3,True_Misconception,WNB
756,31772,What fraction of the shape is not shaded? Give your answer in its simplest form. [Image: A triangle split into 9 equal smaller triangles. 6 of them are shaded.],\( \frac{1}{3} \),"I think it is the answer because denominator is 6 and numerators is 3, so simplest form is 1 minus 3.",True_Neither,
757,31772,What fraction of the shape is not shaded? Give your answer in its simplest form. [Image: A triangle split into 9 equal smaller triangles. 6 of them are shaded.],\( \frac{1}{3} \),I think it is this answer,True_Neither,
758,31772,What fraction of the shape is not shaded? Give your answer in its simplest form. [Image: A triangle split into 9 equal smaller triangles. 6 of them are shaded.],\( \frac{1}{3} \),I think it is this because the total number is 9 then I counted the ones that are not shaded and that would be 3/9 which you can simplify to 1/3.,True_Correct,
759,31772,What fraction of the shape is not shaded? Give your answer in its simplest form. [Image: A triangle split into 9 equal smaller triangles. 6 of them are shaded.],\( \frac{1}{3} \),I think it is this because the total number is 9 then i counted the ones that are not shaded and that would be 3/9 which you can simplify to 1/3.,True_Correct,
760,31772,What fraction of the shape is not shaded? Give your answer in its simplest form. [Image: A triangle split into 9 equal smaller triangles. 6 of them are shaded.],\( \frac{1}{3} \),I think it's 1/3 because you can simperfly it from 3/9 and if you divide it by 3,True_Correct,
761,31772,What fraction of the shape is not shaded? Give your answer in its simplest form. [Image: A triangle split into 9 equal smaller triangles. 6 of them are shaded.],\( \frac{1}{3} \),I think it's A because I simplified it.,True_Neither,
762,31772,What fraction of the shape is not shaded? Give your answer in its simplest form. [Image: A triangle split into 9 equal smaller triangles. 6 of them are shaded.],\( \frac{1}{3} \),I think it's A because i simplified it,True_Neither,
763,31772,What fraction of the shape is not shaded? Give your answer in its simplest form. [Image: A triangle split into 9 equal smaller triangles. 6 of them are shaded.],\( \frac{1}{3} \),I think it's A because the answer I'd 3/9 but you have to simplify it to 1/3,True_Correct,
764,31772,What fraction of the shape is not shaded? Give your answer in its simplest form. [Image: A triangle split into 9 equal smaller triangles. 6 of them are shaded.],\( \frac{1}{3} \),"I think it's A because there aree 9 triangles and 6 are shaded, so the rest of them aren't. Also, 3 divided by 3 = 9.",True_Correct,
765,31772,What fraction of the shape is not shaded? Give your answer in its simplest form. [Image: A triangle split into 9 equal smaller triangles. 6 of them are shaded.],\( \frac{1}{3} \),I think it's a because if you simplify 3/9 by three you'll get 1/3,True_Correct,
766,31772,What fraction of the shape is not shaded? Give your answer in its simplest form. [Image: A triangle split into 9 equal smaller triangles. 6 of them are shaded.],\( \frac{1}{3} \),I think it's because theres 3/9 and simplefied is 1/3.,True_Correct,
767,31772,What fraction of the shape is not shaded? Give your answer in its simplest form. [Image: A triangle split into 9 equal smaller triangles. 6 of them are shaded.],\( \frac{1}{3} \),"I think it's going to be A because the denominator is 9 and the numerator is 3 so if you simplify that , you get 1/3 as your answer.",True_Correct,
768,31772,What fraction of the shape is not shaded? Give your answer in its simplest form. [Image: A triangle split into 9 equal smaller triangles. 6 of them are shaded.],\( \frac{1}{3} \),"I think it's going to be A because the denominator is 9 and the numerator, which is 3, is 3. So if you simplify that, you get 1 / 3 as your answer.",True_Correct,
769,31772,What fraction of the shape is not shaded? Give your answer in its simplest form. [Image: A triangle split into 9 equal smaller triangles. 6 of them are shaded.],\( \frac{1}{3} \),I think its A because I ran out of time:(,True_Neither,
770,31772,What fraction of the shape is not shaded? Give your answer in its simplest form. [Image: A triangle split into 9 equal smaller triangles. 6 of them are shaded.],\( \frac{1}{3} \),I think its A because there are 9 triangles and 6 are shaded so the rest of them are not shaded. Also 3 divided by 3 = 9,True_Neither,
771,31772,What fraction of the shape is not shaded? Give your answer in its simplest form. [Image: A triangle split into 9 equal smaller triangles. 6 of them are shaded.],\( \frac{1}{3} \),I think its one third because its the same as three niths,True_Correct,
772,31772,What fraction of the shape is not shaded? Give your answer in its simplest form. [Image: A triangle split into 9 equal smaller triangles. 6 of them are shaded.],\( \frac{1}{3} \),I think its this answer because if you use the shape I think you need to find out how many they are !,True_Neither,
773,31772,What fraction of the shape is not shaded? Give your answer in its simplest form. [Image: A triangle split into 9 equal smaller triangles. 6 of them are shaded.],\( \frac{1}{3} \),I think it’s because there are 6 triangles that are shaded in and there are 3 triangles that are not then 3/9=1/3.,True_Correct,
774,31772,What fraction of the shape is not shaded? Give your answer in its simplest form. [Image: A triangle split into 9 equal smaller triangles. 6 of them are shaded.],\( \frac{1}{3} \),I think letter A because there are 9 triangles altogether and only 3 of them are shaded so that is 3/9.,True_Correct,
775,31772,What fraction of the shape is not shaded? Give your answer in its simplest form. [Image: A triangle split into 9 equal smaller triangles. 6 of them are shaded.],\( \frac{1}{3} \),I think letter A because there are 9 triangles altogether and only 3 of them are shaded so thats is 3/9 but 3/9 can be simplified to 1/3.,True_Neither,
776,31772,What fraction of the shape is not shaded? Give your answer in its simplest form. [Image: A triangle split into 9 equal smaller triangles. 6 of them are shaded.],\( \frac{1}{3} \),I think that 1/3 is the answer because there are 3 /9 pieces shaded.,True_Neither,
777,31772,What fraction of the shape is not shaded? Give your answer in its simplest form. [Image: A triangle split into 9 equal smaller triangles. 6 of them are shaded.],\( \frac{1}{3} \),I think that 1/3 is the answer because there are 3/9 pieces shaded but i've simplified it to its simplest form which is 1/3,True_Neither,
778,31772,What fraction of the shape is not shaded? Give your answer in its simplest form. [Image: A triangle split into 9 equal smaller triangles. 6 of them are shaded.],\( \frac{1}{3} \),I think that it is 1/3 because 1/3 is equivalent to 3/9,True_Correct,
779,31772,What fraction of the shape is not shaded? Give your answer in its simplest form. [Image: A triangle split into 9 equal smaller triangles. 6 of them are shaded.],\( \frac{1}{3} \),I think that it is 1/3 because 1/3 is equivalent to 3/9.,True_Correct,
780,31772,What fraction of the shape is not shaded? Give your answer in its simplest form. [Image: A triangle split into 9 equal smaller triangles. 6 of them are shaded.],\( \frac{1}{3} \),I think that it is 1/3 because there is 9 triangles all together but there is 3 not coloured in. Then you simplify it and see how many 3 go into it so it would be 1/3,True_Correct,
781,31772,What fraction of the shape is not shaded? Give your answer in its simplest form. [Image: A triangle split into 9 equal smaller triangles. 6 of them are shaded.],\( \frac{1}{3} \),I think that it was 1/3 because that there is 3 one that are not blue.,True_Correct,
782,31772,What fraction of the shape is not shaded? Give your answer in its simplest form. [Image: A triangle split into 9 equal smaller triangles. 6 of them are shaded.],\( \frac{1}{3} \),I think that the answer is A because there is 9 triangles in the triangle and 3 are white and 6 are blue so the answer is D but in its simplest form is A,True_Correct,
783,31772,What fraction of the shape is not shaded? Give your answer in its simplest form. [Image: A triangle split into 9 equal smaller triangles. 6 of them are shaded.],\( \frac{1}{3} \),I think that the fraction of the shape that is not shaded which is 3/9 then it told to simplify into simplest form which is 1/3,True_Correct,
784,31772,What fraction of the shape is not shaded? Give your answer in its simplest form. [Image: A triangle split into 9 equal smaller triangles. 6 of them are shaded.],\( \frac{1}{3} \),"I think the answer is 1/3 as out of the 9 parts of the triangle, 3 parts are unshaded. 3/9 is though not in its simplest form so it can be simplified into 1/3.",True_Correct,
785,31772,What fraction of the shape is not shaded? Give your answer in its simplest form. [Image: A triangle split into 9 equal smaller triangles. 6 of them are shaded.],\( \frac{1}{3} \),I think the answer is 1/3 becaus I simplified my answer that I originally got.,True_Correct,
786,31772,What fraction of the shape is not shaded? Give your answer in its simplest form. [Image: A triangle split into 9 equal smaller triangles. 6 of them are shaded.],\( \frac{1}{3} \),I think the answer is 1/3 because 3/9 is not shaded and if you divide it by 3 it is 1/3,True_Correct,
787,31772,What fraction of the shape is not shaded? Give your answer in its simplest form. [Image: A triangle split into 9 equal smaller triangles. 6 of them are shaded.],\( \frac{1}{3} \),"I think the answer is 1/3 because 3/9 is not shaded and if you divide it by 3, it is 1 / 3.",True_Correct,
788,31772,What fraction of the shape is not shaded? Give your answer in its simplest form. [Image: A triangle split into 9 equal smaller triangles. 6 of them are shaded.],\( \frac{1}{3} \),I think the answer is 1/3 because there are 9 triangles altogether and 3 are not shaded which means 3/9 of the triangles are not shaded however it said to simplify so the actual answer would be 1/3,True_Correct,
789,31772,What fraction of the shape is not shaded? Give your answer in its simplest form. [Image: A triangle split into 9 equal smaller triangles. 6 of them are shaded.],\( \frac{1}{3} \),"I think the answer is A 1/3, because when you count up all the triangles together it gives you 9 as the denominator (whole amount) 3 would be the numerator because only 3 are not shaded. To simplify this fraction you divide both the numerator and denominator by 3, which gives you 1/3.",True_Correct,
790,31772,What fraction of the shape is not shaded? Give your answer in its simplest form. [Image: A triangle split into 9 equal smaller triangles. 6 of them are shaded.],\( \frac{1}{3} \),I think the answer is A because the fraction is 3/9 and if you simplify it by dividing by 3 it equals 1/3.,True_Correct,
791,31772,What fraction of the shape is not shaded? Give your answer in its simplest form. [Image: A triangle split into 9 equal smaller triangles. 6 of them are shaded.],\( \frac{1}{3} \),I think the answer is A because there are 9 shapes and three of them are shaded,True_Neither,
792,31772,What fraction of the shape is not shaded? Give your answer in its simplest form. [Image: A triangle split into 9 equal smaller triangles. 6 of them are shaded.],\( \frac{1}{3} \),I think the answer is A because there are three triangles that are not shaded.,True_Correct,
793,31772,What fraction of the shape is not shaded? Give your answer in its simplest form. [Image: A triangle split into 9 equal smaller triangles. 6 of them are shaded.],\( \frac{1}{3} \),"I think the answer is A because there is 3/9 triangles not shaded, but it can be simplified to 1/3.",True_Correct,
794,31772,What fraction of the shape is not shaded? Give your answer in its simplest form. [Image: A triangle split into 9 equal smaller triangles. 6 of them are shaded.],\( \frac{1}{3} \),I think the answer is a because 3 triangles out of 9 are not shaded,True_Correct,
795,31772,What fraction of the shape is not shaded? Give your answer in its simplest form. [Image: A triangle split into 9 equal smaller triangles. 6 of them are shaded.],\( \frac{1}{3} \),I think the answer is a because there are 9 triangles in total and 3 aren't shaded and so 3/9 are not shaded but 3/9 in its simplist form is 1/3,True_Correct,
796,31772,What fraction of the shape is not shaded? Give your answer in its simplest form. [Image: A triangle split into 9 equal smaller triangles. 6 of them are shaded.],\( \frac{1}{3} \),I think the answer is a third because three 9ths of the triangle isn't shaded and three 9ths simplified is 1 third.,True_Correct,
797,31772,What fraction of the shape is not shaded? Give your answer in its simplest form. [Image: A triangle split into 9 equal smaller triangles. 6 of them are shaded.],\( \frac{1}{3} \),I think this beacuse if you simplify 6/9 you get 3/9 then you simple again which gives you 1/3,True_Correct,
798,31772,What fraction of the shape is not shaded? Give your answer in its simplest form. [Image: A triangle split into 9 equal smaller triangles. 6 of them are shaded.],\( \frac{1}{3} \),I think this beacuse if you simplify 6/9 you get 3/9 then you simplify again which gives you 1/3,True_Neither,
799,31772,What fraction of the shape is not shaded? Give your answer in its simplest form. [Image: A triangle split into 9 equal smaller triangles. 6 of them are shaded.],\( \frac{1}{3} \),I think this became 1-3 is a small fraction,True_Neither,
800,31772,What fraction of the shape is not shaded? Give your answer in its simplest form. [Image: A triangle split into 9 equal smaller triangles. 6 of them are shaded.],\( \frac{1}{3} \),I think this becaus there are 9 shapes inside the triangle and 3 of them are not shaded giving a fraction of 3/9 and 3/9 simplified is 1/3.,True_Correct,
801,31772,What fraction of the shape is not shaded? Give your answer in its simplest form. [Image: A triangle split into 9 equal smaller triangles. 6 of them are shaded.],\( \frac{1}{3} \),I think this because their are nine triangle and 3 of them aren't shaded but it wants it's in a simpler from divide it by 3 which is 1/3.,True_Correct,
802,31772,What fraction of the shape is not shaded? Give your answer in its simplest form. [Image: A triangle split into 9 equal smaller triangles. 6 of them are shaded.],\( \frac{1}{3} \),I think this because 1/3 is shaded in its simplest form.,True_Neither,
803,31772,What fraction of the shape is not shaded? Give your answer in its simplest form. [Image: A triangle split into 9 equal smaller triangles. 6 of them are shaded.],\( \frac{1}{3} \),I think this because 1/3 is 3/9 in it’s simplest form,True_Correct,
804,31772,What fraction of the shape is not shaded? Give your answer in its simplest form. [Image: A triangle split into 9 equal smaller triangles. 6 of them are shaded.],\( \frac{1}{3} \),I think this because 1/3 is a simplified version of 3/9,True_Correct,
805,31772,What fraction of the shape is not shaded? Give your answer in its simplest form. [Image: A triangle split into 9 equal smaller triangles. 6 of them are shaded.],\( \frac{1}{3} \),I think this because 1/3 is equall to 3/9.,True_Correct,
806,31772,What fraction of the shape is not shaded? Give your answer in its simplest form. [Image: A triangle split into 9 equal smaller triangles. 6 of them are shaded.],\( \frac{1}{3} \),I think this because 1out of 3 is shaded,True_Correct,
807,31772,What fraction of the shape is not shaded? Give your answer in its simplest form. [Image: A triangle split into 9 equal smaller triangles. 6 of them are shaded.],\( \frac{1}{3} \),I think this because 2/3 is shaded.,True_Correct,
808,31772,What fraction of the shape is not shaded? Give your answer in its simplest form. [Image: A triangle split into 9 equal smaller triangles. 6 of them are shaded.],\( \frac{1}{3} \),I think this because 2/3 of the fraction is shaded,True_Correct,
809,31772,What fraction of the shape is not shaded? Give your answer in its simplest form. [Image: A triangle split into 9 equal smaller triangles. 6 of them are shaded.],\( \frac{1}{3} \),I think this because 3 -9 is simplified to 1 3rd.,True_Correct,
810,31772,What fraction of the shape is not shaded? Give your answer in its simplest form. [Image: A triangle split into 9 equal smaller triangles. 6 of them are shaded.],\( \frac{1}{3} \),I think this because 3 9ths of the shape is not shaded which is equal to 1 3rd,True_Correct,
811,31772,What fraction of the shape is not shaded? Give your answer in its simplest form. [Image: A triangle split into 9 equal smaller triangles. 6 of them are shaded.],\( \frac{1}{3} \),I think this because 3 are not shaded and nine are shaded so it would be 3/9 so that simplified is one third,True_Neither,
812,31772,What fraction of the shape is not shaded? Give your answer in its simplest form. [Image: A triangle split into 9 equal smaller triangles. 6 of them are shaded.],\( \frac{1}{3} \),"I think this because 3 are not shaded, there are 9 triangles in total, 3/9 simplified is 1/3",True_Correct,
813,31772,What fraction of the shape is not shaded? Give your answer in its simplest form. [Image: A triangle split into 9 equal smaller triangles. 6 of them are shaded.],\( \frac{1}{3} \),I think this because 3 ninths in its simplest form is 1third,True_Correct,
814,31772,What fraction of the shape is not shaded? Give your answer in its simplest form. [Image: A triangle split into 9 equal smaller triangles. 6 of them are shaded.],\( \frac{1}{3} \),I think this because 3 ninths in its simplest form is a third,True_Correct,
815,31772,What fraction of the shape is not shaded? Give your answer in its simplest form. [Image: A triangle split into 9 equal smaller triangles. 6 of them are shaded.],\( \frac{1}{3} \),I think this because 3 of the 9 pieces wasn’t shaded and if you simplify 3/9 you get 1/3.,True_Correct,
816,31772,What fraction of the shape is not shaded? Give your answer in its simplest form. [Image: A triangle split into 9 equal smaller triangles. 6 of them are shaded.],\( \frac{1}{3} \),I think this because 3 of them are not shaded and there are 9 triangles altogether so it would be 3/9 but it has to be simplified so it is 1/3.,True_Correct,
817,31772,What fraction of the shape is not shaded? Give your answer in its simplest form. [Image: A triangle split into 9 equal smaller triangles. 6 of them are shaded.],\( \frac{1}{3} \),I think this because 3 of them are not shaded and there are 9 triangles altogether so it would be 3/9.,True_Correct,
818,31772,What fraction of the shape is not shaded? Give your answer in its simplest form. [Image: A triangle split into 9 equal smaller triangles. 6 of them are shaded.],\( \frac{1}{3} \),I think this because 3 out of 9 is q 3rd,True_Correct,
819,31772,What fraction of the shape is not shaded? Give your answer in its simplest form. [Image: A triangle split into 9 equal smaller triangles. 6 of them are shaded.],\( \frac{1}{3} \),I think this because 3 out of 9 simplified is 1/3.,True_Correct,
820,31772,What fraction of the shape is not shaded? Give your answer in its simplest form. [Image: A triangle split into 9 equal smaller triangles. 6 of them are shaded.],\( \frac{1}{3} \),"I think this because 3 out of the 9 triangles are not shaded. Then, 3/9 simplified is 1/3.",True_Correct,
821,31772,What fraction of the shape is not shaded? Give your answer in its simplest form. [Image: A triangle split into 9 equal smaller triangles. 6 of them are shaded.],\( \frac{1}{3} \),"I think this because 3 outt of the 9 triangles are not shaded. Then, 3/9 simplified is 1/3.",True_Correct,
822,31772,What fraction of the shape is not shaded? Give your answer in its simplest form. [Image: A triangle split into 9 equal smaller triangles. 6 of them are shaded.],\( \frac{1}{3} \),I think this because 3 triangles aren't shaded in and there are a total of 9 triangles. Therefor 3 out of 9 are not shaded in and 3/9 simplifies to 1/3.,True_Correct,
823,31772,What fraction of the shape is not shaded? Give your answer in its simplest form. [Image: A triangle split into 9 equal smaller triangles. 6 of them are shaded.],\( \frac{1}{3} \),I think this because 3/6 in its simplest form is 1/3.,True_Neither,
824,31772,What fraction of the shape is not shaded? Give your answer in its simplest form. [Image: A triangle split into 9 equal smaller triangles. 6 of them are shaded.],\( \frac{1}{3} \),I think this because 3/6 of the shape is shaded but you need to simplify it with gives you 1/3,True_Correct,
825,31772,What fraction of the shape is not shaded? Give your answer in its simplest form. [Image: A triangle split into 9 equal smaller triangles. 6 of them are shaded.],\( \frac{1}{3} \),I think this because 3/9 are not shaded and 3/9 simplified is 1/3.,True_Correct,
826,31772,What fraction of the shape is not shaded? Give your answer in its simplest form. [Image: A triangle split into 9 equal smaller triangles. 6 of them are shaded.],\( \frac{1}{3} \),"I think this because 3/9 are not shaded in. 3 divided by 3 is 1 and 9 divided by 3 is 3, which makes 1/3",True_Correct,
827,31772,What fraction of the shape is not shaded? Give your answer in its simplest form. [Image: A triangle split into 9 equal smaller triangles. 6 of them are shaded.],\( \frac{1}{3} \),I think this because 3/9 are not shaded. If you divide 3/9 by 3 it equals 1/3,True_Correct,
828,31772,What fraction of the shape is not shaded? Give your answer in its simplest form. [Image: A triangle split into 9 equal smaller triangles. 6 of them are shaded.],\( \frac{1}{3} \),I think this because 3/9 aren't shaded and then if you simplifyy it it is 1/3.,True_Correct,
829,31772,What fraction of the shape is not shaded? Give your answer in its simplest form. [Image: A triangle split into 9 equal smaller triangles. 6 of them are shaded.],\( \frac{1}{3} \),I think this because 3/9 aren't shaded but then if it is simplified it is 1/3,True_Neither,
830,31772,What fraction of the shape is not shaded? Give your answer in its simplest form. [Image: A triangle split into 9 equal smaller triangles. 6 of them are shaded.],\( \frac{1}{3} \),I think this because 3/9 divided into thirds is 1/3.,True_Correct,
831,31772,What fraction of the shape is not shaded? Give your answer in its simplest form. [Image: A triangle split into 9 equal smaller triangles. 6 of them are shaded.],\( \frac{1}{3} \),I think this because 3/9 in its simplest form is 1/3,True_Correct,
832,31772,What fraction of the shape is not shaded? Give your answer in its simplest form. [Image: A triangle split into 9 equal smaller triangles. 6 of them are shaded.],\( \frac{1}{3} \),I think this because 3/9 is not shaded (1/3),True_Correct,
833,31772,What fraction of the shape is not shaded? Give your answer in its simplest form. [Image: A triangle split into 9 equal smaller triangles. 6 of them are shaded.],\( \frac{1}{3} \),I think this because 3/9 is not shaded and 3/9 in its simplest form is 1/3,True_Correct,
834,31772,What fraction of the shape is not shaded? Give your answer in its simplest form. [Image: A triangle split into 9 equal smaller triangles. 6 of them are shaded.],\( \frac{1}{3} \),I think this because 3/9 is not shaded but it's simplest form is 1/3,True_Correct,
835,31772,What fraction of the shape is not shaded? Give your answer in its simplest form. [Image: A triangle split into 9 equal smaller triangles. 6 of them are shaded.],\( \frac{1}{3} \),I think this because 3/9 is nott shaded and it's simplest form is 1/3.,True_Correct,
836,31772,What fraction of the shape is not shaded? Give your answer in its simplest form. [Image: A triangle split into 9 equal smaller triangles. 6 of them are shaded.],\( \frac{1}{3} \),I think this because 3/9 is shaded and that is equal to 1/3,True_Neither,
837,31772,What fraction of the shape is not shaded? Give your answer in its simplest form. [Image: A triangle split into 9 equal smaller triangles. 6 of them are shaded.],\( \frac{1}{3} \),I think this because 3/9 parts are not shaded and that is equivalent to 1/3,True_Correct,
838,31772,What fraction of the shape is not shaded? Give your answer in its simplest form. [Image: A triangle split into 9 equal smaller triangles. 6 of them are shaded.],\( \frac{1}{3} \),I think this because 3/9 simplified equals to 1/3.,True_Correct,
839,31772,What fraction of the shape is not shaded? Give your answer in its simplest form. [Image: A triangle split into 9 equal smaller triangles. 6 of them are shaded.],\( \frac{1}{3} \),I think this because 3/9 split into thirds is 1/3.,True_Correct,
840,31772,What fraction of the shape is not shaded? Give your answer in its simplest form. [Image: A triangle split into 9 equal smaller triangles. 6 of them are shaded.],\( \frac{1}{3} \),"I think this because 3/9 triangles are not shaded, and in its simplest form it is 1/3.",True_Correct,
841,31772,What fraction of the shape is not shaded? Give your answer in its simplest form. [Image: A triangle split into 9 equal smaller triangles. 6 of them are shaded.],\( \frac{1}{3} \),I think this because 3/9's are not shaded. 3/9's = 1/3 in it's simplest form. So it's A.,True_Correct,
842,31772,What fraction of the shape is not shaded? Give your answer in its simplest form. [Image: A triangle split into 9 equal smaller triangles. 6 of them are shaded.],\( \frac{1}{3} \),"I think this because 6/9 is shaded but it says what fraction of the shape is not shaded so it must be 3/9, no it says do it in the simplest form so it is 1/3.",True_Correct,
843,31772,What fraction of the shape is not shaded? Give your answer in its simplest form. [Image: A triangle split into 9 equal smaller triangles. 6 of them are shaded.],\( \frac{1}{3} \),I think this because 6/9 of the shape is shaded and that simplified ( divide the numerator and denominater by 3) is 1/3.,True_Neither,
844,31772,What fraction of the shape is not shaded? Give your answer in its simplest form. [Image: A triangle split into 9 equal smaller triangles. 6 of them are shaded.],\( \frac{1}{3} \),I think this because 6/9 of the shape is shaded so there is 3 remaining 3/9 = 1/3,True_Correct,
845,31772,What fraction of the shape is not shaded? Give your answer in its simplest form. [Image: A triangle split into 9 equal smaller triangles. 6 of them are shaded.],\( \frac{1}{3} \),I think this because 9 simplified down to 3 because it's in the 3 times table then 1 x 3 = 3 so 3/9 simplifies to 1/3,True_Correct,
846,31772,What fraction of the shape is not shaded? Give your answer in its simplest form. [Image: A triangle split into 9 equal smaller triangles. 6 of them are shaded.],\( \frac{1}{3} \),I think this because 9/3 divided by thre is 1/3,True_Neither,
847,31772,What fraction of the shape is not shaded? Give your answer in its simplest form. [Image: A triangle split into 9 equal smaller triangles. 6 of them are shaded.],\( \frac{1}{3} \),"I think this because I added all the triangles and then I saw that 3 wasn't colored in and that gave me 3/9. In the simplest form I knew that both 3 and 9 aree multiples of 3, so that had given me 1/3.",True_Correct,
848,31772,What fraction of the shape is not shaded? Give your answer in its simplest form. [Image: A triangle split into 9 equal smaller triangles. 6 of them are shaded.],\( \frac{1}{3} \),I think this because I added all the triangles and then i saw that 3 weren't colour in and that gave me 3/9. In the simplest form I knew that both 3 and 9 are multiples of 3 and then that had given me 1/3.,True_Correct,
849,31772,What fraction of the shape is not shaded? Give your answer in its simplest form. [Image: A triangle split into 9 equal smaller triangles. 6 of them are shaded.],\( \frac{1}{3} \),"I think this because I counted that there are 9 parts but 6 of those parts are shaded and but then we need to find out what fraction of the shape is not shaded. So, I used my known facts to find out that it’s 3/9 , which in its simplified form is 1/3",True_Correct,
850,31772,What fraction of the shape is not shaded? Give your answer in its simplest form. [Image: A triangle split into 9 equal smaller triangles. 6 of them are shaded.],\( \frac{1}{3} \),I think this because I counted up the triangles and got 9 then worked out that fraction which was 3/9 then simplified it which is 1/3.,True_Correct,
851,31772,What fraction of the shape is not shaded? Give your answer in its simplest form. [Image: A triangle split into 9 equal smaller triangles. 6 of them are shaded.],\( \frac{1}{3} \),I think this because I counted up the triangles and got 9 then worked out that fraction which was 3/9 then simplified it which was 1/3.,True_Correct,
852,31772,What fraction of the shape is not shaded? Give your answer in its simplest form. [Image: A triangle split into 9 equal smaller triangles. 6 of them are shaded.],\( \frac{1}{3} \),I think this because I have worked out it is 3/9 and that simplified is 1/3,True_Correct,
853,31772,What fraction of the shape is not shaded? Give your answer in its simplest form. [Image: A triangle split into 9 equal smaller triangles. 6 of them are shaded.],\( \frac{1}{3} \),I think this because I just counted all the triangles and took out the shaded part which was 3/9 and then simplified it.,True_Neither,
854,31772,What fraction of the shape is not shaded? Give your answer in its simplest form. [Image: A triangle split into 9 equal smaller triangles. 6 of them are shaded.],\( \frac{1}{3} \),I think this because I know that 1/3 can go into 3/9.,True_Neither,
855,31772,What fraction of the shape is not shaded? Give your answer in its simplest form. [Image: A triangle split into 9 equal smaller triangles. 6 of them are shaded.],\( \frac{1}{3} \),I think this because altogether there is 9 triangles and only three are not shaded so it would be three nineths but you need to simplify it so it would be one nineth,True_Neither,
856,31772,What fraction of the shape is not shaded? Give your answer in its simplest form. [Image: A triangle split into 9 equal smaller triangles. 6 of them are shaded.],\( \frac{1}{3} \),I think this because because there are 9 triangles and three of them are not shaded. This makes 3/9 but you can simplify it to 1/3 :),True_Correct,
857,31772,What fraction of the shape is not shaded? Give your answer in its simplest form. [Image: A triangle split into 9 equal smaller triangles. 6 of them are shaded.],\( \frac{1}{3} \),"I think this because i counted 9 pieces and 3 were not shaded, plus 1/3 of 9 is three.",True_Correct,
858,31772,What fraction of the shape is not shaded? Give your answer in its simplest form. [Image: A triangle split into 9 equal smaller triangles. 6 of them are shaded.],\( \frac{1}{3} \),I think this because i counted how many triangles there are and there are 9 and shaded is 6 out of 9. Simplified is 1 third,True_Correct,
859,31772,What fraction of the shape is not shaded? Give your answer in its simplest form. [Image: A triangle split into 9 equal smaller triangles. 6 of them are shaded.],\( \frac{1}{3} \),I think this because if 3 / 6 was simplified it would be 1/3.,True_Neither,
860,31772,What fraction of the shape is not shaded? Give your answer in its simplest form. [Image: A triangle split into 9 equal smaller triangles. 6 of them are shaded.],\( \frac{1}{3} \),I think this because if 3/6 would be simplified it would be 1/3,True_Misconception,WNB
861,31772,What fraction of the shape is not shaded? Give your answer in its simplest form. [Image: A triangle split into 9 equal smaller triangles. 6 of them are shaded.],\( \frac{1}{3} \),I think this because if you count all of the triangles then count the white ones and its 3 ninths and you simplify it,True_Correct,
862,31772,What fraction of the shape is not shaded? Give your answer in its simplest form. [Image: A triangle split into 9 equal smaller triangles. 6 of them are shaded.],\( \frac{1}{3} \),"I think this because if you count how many triangles there are you get 9. If you count how many aren't shaded, you get three. 3/9 in its simplest forms is 1/3",True_Correct,
863,31772,What fraction of the shape is not shaded? Give your answer in its simplest form. [Image: A triangle split into 9 equal smaller triangles. 6 of them are shaded.],\( \frac{1}{3} \),I think this because if you count how much squares their are then you will get 9 and 6 of the is shaded so therefore it would be three ninth but it asks to be in simplest form so 1 third would be the answer.,True_Correct,
864,31772,What fraction of the shape is not shaded? Give your answer in its simplest form. [Image: A triangle split into 9 equal smaller triangles. 6 of them are shaded.],\( \frac{1}{3} \),"I think this because if you count it, it is 3 over 9 divided by 3 = 1/3.",True_Correct,
865,31772,What fraction of the shape is not shaded? Give your answer in its simplest form. [Image: A triangle split into 9 equal smaller triangles. 6 of them are shaded.],\( \frac{1}{3} \),I think this because if you divide 3 over 9 it would be 1 over 3.,True_Correct,
866,31772,What fraction of the shape is not shaded? Give your answer in its simplest form. [Image: A triangle split into 9 equal smaller triangles. 6 of them are shaded.],\( \frac{1}{3} \),I think this because if you have the answer 3/9 then put it in its simplest form and you get 1/3.,True_Correct,
867,31772,What fraction of the shape is not shaded? Give your answer in its simplest form. [Image: A triangle split into 9 equal smaller triangles. 6 of them are shaded.],\( \frac{1}{3} \),I think this because if you have the answer 3/9 then put it in its simplest form you get 1/3,True_Correct,
868,31772,What fraction of the shape is not shaded? Give your answer in its simplest form. [Image: A triangle split into 9 equal smaller triangles. 6 of them are shaded.],\( \frac{1}{3} \),I think this because if you simplify 3/9 it will be 1/3,True_Correct,
869,31772,What fraction of the shape is not shaded? Give your answer in its simplest form. [Image: A triangle split into 9 equal smaller triangles. 6 of them are shaded.],\( \frac{1}{3} \),I think this because in the white there is 3/9 and if we simplify that number it would be 1/3,True_Correct,
870,31772,What fraction of the shape is not shaded? Give your answer in its simplest form. [Image: A triangle split into 9 equal smaller triangles. 6 of them are shaded.],\( \frac{1}{3} \),I think this because it is 1/3 of 9,True_Correct,
871,31772,What fraction of the shape is not shaded? Give your answer in its simplest form. [Image: A triangle split into 9 equal smaller triangles. 6 of them are shaded.],\( \frac{1}{3} \),I think this because it is 3/9 and 3/9 simplified is 1/3,True_Correct,
872,31772,What fraction of the shape is not shaded? Give your answer in its simplest form. [Image: A triangle split into 9 equal smaller triangles. 6 of them are shaded.],\( \frac{1}{3} \),I think this because it is 3/o and 1/3 is the simplified form of 3/9,True_Correct,
873,31772,What fraction of the shape is not shaded? Give your answer in its simplest form. [Image: A triangle split into 9 equal smaller triangles. 6 of them are shaded.],\( \frac{1}{3} \),I think this because it is divided into 9 and 3 ninths aren't shaded.,True_Correct,
874,31772,What fraction of the shape is not shaded? Give your answer in its simplest form. [Image: A triangle split into 9 equal smaller triangles. 6 of them are shaded.],\( \frac{1}{3} \),I think this because it is divided into 9 and 3 ninths aren't shaded.,True_Correct,
875,31772,What fraction of the shape is not shaded? Give your answer in its simplest form. [Image: A triangle split into 9 equal smaller triangles. 6 of them are shaded.],\( \frac{1}{3} \),I think this because it is hard of the number,True_Neither,
876,31772,What fraction of the shape is not shaded? Give your answer in its simplest form. [Image: A triangle split into 9 equal smaller triangles. 6 of them are shaded.],\( \frac{1}{3} \),I think this because it is in the simplest form,True_Neither,
877,31772,What fraction of the shape is not shaded? Give your answer in its simplest form. [Image: A triangle split into 9 equal smaller triangles. 6 of them are shaded.],\( \frac{1}{3} \),I think this because it is split up into 9ths and 3 are not shaded so it is 3/9 which can be simplified to 1/3 .,True_Correct,
878,31772,What fraction of the shape is not shaded? Give your answer in its simplest form. [Image: A triangle split into 9 equal smaller triangles. 6 of them are shaded.],\( \frac{1}{3} \),I think this because it is three ninghths that equals one third,True_Correct,
879,31772,What fraction of the shape is not shaded? Give your answer in its simplest form. [Image: A triangle split into 9 equal smaller triangles. 6 of them are shaded.],\( \frac{1}{3} \),I think this because it it 3/9 and i we need to put it in the simplest form and the simplest form of 3/9 is 1/3,True_Correct,
880,31772,What fraction of the shape is not shaded? Give your answer in its simplest form. [Image: A triangle split into 9 equal smaller triangles. 6 of them are shaded.],\( \frac{1}{3} \),I think this because its 3/9 and I simplifed it to 1/3,True_Correct,
881,31772,What fraction of the shape is not shaded? Give your answer in its simplest form. [Image: A triangle split into 9 equal smaller triangles. 6 of them are shaded.],\( \frac{1}{3} \),I think this because its 3/9 and I simplified it to 1/3.,True_Correct,
882,31772,What fraction of the shape is not shaded? Give your answer in its simplest form. [Image: A triangle split into 9 equal smaller triangles. 6 of them are shaded.],\( \frac{1}{3} \),I think this because only 1/3 is shaded,True_Correct,
883,31772,What fraction of the shape is not shaded? Give your answer in its simplest form. [Image: A triangle split into 9 equal smaller triangles. 6 of them are shaded.],\( \frac{1}{3} \),"I think this because the total amount of triangles is 9 and 3 triangles are not shaded. Then you work out that it is 3/9. After that, you can simplify it to 1/3.",True_Correct,
884,31772,What fraction of the shape is not shaded? Give your answer in its simplest form. [Image: A triangle split into 9 equal smaller triangles. 6 of them are shaded.],\( \frac{1}{3} \),I think this because the actual answer is 3/9 but that simplified is 1/3,True_Correct,
885,31772,What fraction of the shape is not shaded? Give your answer in its simplest form. [Image: A triangle split into 9 equal smaller triangles. 6 of them are shaded.],\( \frac{1}{3} \),I think this because the amount 3/9 in it's simplest form is 1/3,True_Correct,
886,31772,What fraction of the shape is not shaded? Give your answer in its simplest form. [Image: A triangle split into 9 equal smaller triangles. 6 of them are shaded.],\( \frac{1}{3} \),I think this because the amount 3/9 in it's simplest form is 1/3.,True_Correct,
887,31772,What fraction of the shape is not shaded? Give your answer in its simplest form. [Image: A triangle split into 9 equal smaller triangles. 6 of them are shaded.],\( \frac{1}{3} \),I think this because the answer is 3 nines but you can simplify it to 1/3.,True_Correct,
888,31772,What fraction of the shape is not shaded? Give your answer in its simplest form. [Image: A triangle split into 9 equal smaller triangles. 6 of them are shaded.],\( \frac{1}{3} \),"I think this because the answer is 3/9 and if yiu simplify it, it becomes 1/3.",True_Correct,
889,31772,What fraction of the shape is not shaded? Give your answer in its simplest form. [Image: A triangle split into 9 equal smaller triangles. 6 of them are shaded.],\( \frac{1}{3} \),I think this because the answer is three nines but you can simplify it to 1/3,True_Correct,
890,31772,What fraction of the shape is not shaded? Give your answer in its simplest form. [Image: A triangle split into 9 equal smaller triangles. 6 of them are shaded.],\( \frac{1}{3} \),I think this because the answer is three over nine then they can be simplified to one over three.,True_Correct,
891,31772,What fraction of the shape is not shaded? Give your answer in its simplest form. [Image: A triangle split into 9 equal smaller triangles. 6 of them are shaded.],\( \frac{1}{3} \),I think this because the fraction is 3 over 9 because there are 9 in total and there are 3 triangles not shaded but then you also have to simplify it so its 1 over 3.,True_Correct,
892,31772,What fraction of the shape is not shaded? Give your answer in its simplest form. [Image: A triangle split into 9 equal smaller triangles. 6 of them are shaded.],\( \frac{1}{3} \),I think this because the fraction of how many is not shaded is 3/9. However 3/9 can be simplified to 1/3.,True_Correct,
893,31772,What fraction of the shape is not shaded? Give your answer in its simplest form. [Image: A triangle split into 9 equal smaller triangles. 6 of them are shaded.],\( \frac{1}{3} \),I think this because the fraction of the amount that is not shaded is 3/9 before being simplified and then thou have to simplify. Because 3 and nine are both divisible by three you dived both numbers by three so you get 1/3 which cannot be simplified any further,True_Correct,
894,31772,What fraction of the shape is not shaded? Give your answer in its simplest form. [Image: A triangle split into 9 equal smaller triangles. 6 of them are shaded.],\( \frac{1}{3} \),I think this because the fraction of the shape shaded is 3/9 but simplified it is 1/3.,True_Neither,
895,31772,What fraction of the shape is not shaded? Give your answer in its simplest form. [Image: A triangle split into 9 equal smaller triangles. 6 of them are shaded.],\( \frac{1}{3} \),I think this because the fraction of the shape that is not shaded is 3/9 and 3/9 in it's simplest form is 1/3.,True_Correct,
896,31772,What fraction of the shape is not shaded? Give your answer in its simplest form. [Image: A triangle split into 9 equal smaller triangles. 6 of them are shaded.],\( \frac{1}{3} \),I think this because the fraction of the triangle was 3/9 and a eqivalent fraction is 1/3,True_Correct,
897,31772,What fraction of the shape is not shaded? Give your answer in its simplest form. [Image: A triangle split into 9 equal smaller triangles. 6 of them are shaded.],\( \frac{1}{3} \),I think this because the fraction of the triangle was 3/9 and a equivalency fraction is 1/3.,True_Correct,
898,31772,What fraction of the shape is not shaded? Give your answer in its simplest form. [Image: A triangle split into 9 equal smaller triangles. 6 of them are shaded.],\( \frac{1}{3} \),I think this because the fraction shaded is 3/9 and in it’s simplest form is 1/3,True_Neither,
899,31772,What fraction of the shape is not shaded? Give your answer in its simplest form. [Image: A triangle split into 9 equal smaller triangles. 6 of them are shaded.],\( \frac{1}{3} \),I think this because the fraction shaded is 3/9 and in it’s simplest form is 1/3.,True_Correct,
900,31772,What fraction of the shape is not shaded? Give your answer in its simplest form. [Image: A triangle split into 9 equal smaller triangles. 6 of them are shaded.],\( \frac{1}{3} \),I think this because the fraction that is actually missing is 3/9 and 1/3 is it 3/9 simplified,True_Correct,
901,31772,What fraction of the shape is not shaded? Give your answer in its simplest form. [Image: A triangle split into 9 equal smaller triangles. 6 of them are shaded.],\( \frac{1}{3} \),"I think this because the fraction that is not shaded is 3/9, I then simplify it by dividing it by three. This then makes 1/3",True_Correct,
902,31772,What fraction of the shape is not shaded? Give your answer in its simplest form. [Image: A triangle split into 9 equal smaller triangles. 6 of them are shaded.],\( \frac{1}{3} \),I think this because the fraction would be 3/9 and in its simplest form it is 1/3,True_Correct,
903,31772,What fraction of the shape is not shaded? Give your answer in its simplest form. [Image: A triangle split into 9 equal smaller triangles. 6 of them are shaded.],\( \frac{1}{3} \),I think this because the normal fraction of the shape not shaded is 3/9 which is 1/3 in it's simplest form.,True_Correct,
904,31772,What fraction of the shape is not shaded? Give your answer in its simplest form. [Image: A triangle split into 9 equal smaller triangles. 6 of them are shaded.],\( \frac{1}{3} \),I think this because the shaded area is 2/3 and 1-2/3=1/3,True_Correct,
905,31772,What fraction of the shape is not shaded? Give your answer in its simplest form. [Image: A triangle split into 9 equal smaller triangles. 6 of them are shaded.],\( \frac{1}{3} \),I think this because the shaded areaa is 2/3 and 1-2/3=1/3.,True_Correct,
906,31772,What fraction of the shape is not shaded? Give your answer in its simplest form. [Image: A triangle split into 9 equal smaller triangles. 6 of them are shaded.],\( \frac{1}{3} \),I think this because the shaded fraction in its original form is 3 ninths and that simplified is 1 third.,True_Correct,
907,31772,What fraction of the shape is not shaded? Give your answer in its simplest form. [Image: A triangle split into 9 equal smaller triangles. 6 of them are shaded.],\( \frac{1}{3} \),I think this because the shaded shape is 1 / 3.,True_Neither,
908,31772,What fraction of the shape is not shaded? Give your answer in its simplest form. [Image: A triangle split into 9 equal smaller triangles. 6 of them are shaded.],\( \frac{1}{3} \),I think this because the shaded shape is 1/3.,True_Neither,
909,31772,What fraction of the shape is not shaded? Give your answer in its simplest form. [Image: A triangle split into 9 equal smaller triangles. 6 of them are shaded.],\( \frac{1}{3} \),I think this because the shape is 3/9 and simplified it would be 1/3.,True_Correct,
910,31772,What fraction of the shape is not shaded? Give your answer in its simplest form. [Image: A triangle split into 9 equal smaller triangles. 6 of them are shaded.],\( \frac{1}{3} \),I think this because the shape is out of nine and three is not shaded and if you simplify you get one thirds,True_Correct,
911,31772,What fraction of the shape is not shaded? Give your answer in its simplest form. [Image: A triangle split into 9 equal smaller triangles. 6 of them are shaded.],\( \frac{1}{3} \),I think this because the shape is out of nine and three is not shaded and if you simplify you get one thirds.,True_Correct,
912,31772,What fraction of the shape is not shaded? Give your answer in its simplest form. [Image: A triangle split into 9 equal smaller triangles. 6 of them are shaded.],\( \frac{1}{3} \),I think this because the shape is shaded 6 out of 9 and is equivilent to one third.,True_Neither,
913,31772,What fraction of the shape is not shaded? Give your answer in its simplest form. [Image: A triangle split into 9 equal smaller triangles. 6 of them are shaded.],\( \frac{1}{3} \),I think this because the shape is shaded 6out of 9 and it is equivilent to one third.,True_Correct,
914,31772,What fraction of the shape is not shaded? Give your answer in its simplest form. [Image: A triangle split into 9 equal smaller triangles. 6 of them are shaded.],\( \frac{1}{3} \),"I think this because the shape is split up into 9 pieces and 9 are shaded. Also, 3/9 is equal to 1/3.",True_Neither,
915,31772,What fraction of the shape is not shaded? Give your answer in its simplest form. [Image: A triangle split into 9 equal smaller triangles. 6 of them are shaded.],\( \frac{1}{3} \),I think this because the shape represents 3/9 and as it says 'give your answer in its simplest form.'it=1/3,True_Correct,
916,31772,What fraction of the shape is not shaded? Give your answer in its simplest form. [Image: A triangle split into 9 equal smaller triangles. 6 of them are shaded.],\( \frac{1}{3} \),I think this because the total amount of the triangle is out of nine and there is 3 not shaded in so the fraction would be 3/9 and you can simplify it to 1/3.,True_Correct,
917,31772,What fraction of the shape is not shaded? Give your answer in its simplest form. [Image: A triangle split into 9 equal smaller triangles. 6 of them are shaded.],\( \frac{1}{3} \),I think this because the total of this shape is 9 and the shaded part is 3. The answer should be 3/9 but the simplest form of 3/9 is 1/3.,True_Neither,
918,31772,What fraction of the shape is not shaded? Give your answer in its simplest form. [Image: A triangle split into 9 equal smaller triangles. 6 of them are shaded.],\( \frac{1}{3} \),I think this because the total parts are 9 and 3 are n9t shaded so that makes it 3/9 but you can simplify it by 3 so it makes 1/3,True_Correct,
919,31772,What fraction of the shape is not shaded? Give your answer in its simplest form. [Image: A triangle split into 9 equal smaller triangles. 6 of them are shaded.],\( \frac{1}{3} \),I think this because the triangle has 9 smaller triangles inside of it so your fraction would be out of 9 then you need to find how many smaller triangles aren't shaded and that will give you the answer 3 so the amount not shaded is 3/9 however it asks to give your answer in its simplest form so 3/9 simplified would be 1/3.,True_Correct,
920,31772,What fraction of the shape is not shaded? Give your answer in its simplest form. [Image: A triangle split into 9 equal smaller triangles. 6 of them are shaded.],\( \frac{1}{3} \),I think this because the triangle is 3/9 and if you simplify that you get 1/3,True_Correct,
921,31772,What fraction of the shape is not shaded? Give your answer in its simplest form. [Image: A triangle split into 9 equal smaller triangles. 6 of them are shaded.],\( \frac{1}{3} \),I think this because there 6 out of 9 shaded.,True_Correct,
922,31772,What fraction of the shape is not shaded? Give your answer in its simplest form. [Image: A triangle split into 9 equal smaller triangles. 6 of them are shaded.],\( \frac{1}{3} \),I think this because there are 3 non-shaded parts out of 9 parts so 3/9. This is equal to 1/3,True_Correct,
923,31772,What fraction of the shape is not shaded? Give your answer in its simplest form. [Image: A triangle split into 9 equal smaller triangles. 6 of them are shaded.],\( \frac{1}{3} \),"I think this because there are 3 out of 9 not shaded. When simplified, this is 1 out of 3 or one third.",True_Correct,
924,31772,What fraction of the shape is not shaded? Give your answer in its simplest form. [Image: A triangle split into 9 equal smaller triangles. 6 of them are shaded.],\( \frac{1}{3} \),I think this because there are 3 out of the 9 that aren't shaded in which equals a third,True_Correct,
925,31772,What fraction of the shape is not shaded? Give your answer in its simplest form. [Image: A triangle split into 9 equal smaller triangles. 6 of them are shaded.],\( \frac{1}{3} \),I think this because there are 3 out of the 9 that aren't shaded in which equalss a third.,True_Correct,
926,31772,What fraction of the shape is not shaded? Give your answer in its simplest form. [Image: A triangle split into 9 equal smaller triangles. 6 of them are shaded.],\( \frac{1}{3} \),I think this because there are 3 triangles not shaded and 3/9 can be simplify as 1/3,True_Correct,
927,31772,What fraction of the shape is not shaded? Give your answer in its simplest form. [Image: A triangle split into 9 equal smaller triangles. 6 of them are shaded.],\( \frac{1}{3} \),"I think this because there are 3 triangles not shaded in so that's the denominator, so u have to put 1 on the top because if there was 6 not shaded in that would be 2/3.",True_Neither,
928,31772,What fraction of the shape is not shaded? Give your answer in its simplest form. [Image: A triangle split into 9 equal smaller triangles. 6 of them are shaded.],\( \frac{1}{3} \),"I think this because there are 3 triangles not shaded out of the 9 triangles, so the fraction 3/9 in its lowest form is 1/3.",True_Correct,
929,31772,What fraction of the shape is not shaded? Give your answer in its simplest form. [Image: A triangle split into 9 equal smaller triangles. 6 of them are shaded.],\( \frac{1}{3} \),"I think this because there are 3/9 shaded, however 3/9 also= 1/3 because 9 divided by 3= 1 and 9 divided by 3= 3",True_Neither,
930,31772,What fraction of the shape is not shaded? Give your answer in its simplest form. [Image: A triangle split into 9 equal smaller triangles. 6 of them are shaded.],\( \frac{1}{3} \),"I think this because there are 3/9 shaded. However, 3 divided by 3= 1 and 9 divided By 3 = 3.",True_Correct,
931,31772,What fraction of the shape is not shaded? Give your answer in its simplest form. [Image: A triangle split into 9 equal smaller triangles. 6 of them are shaded.],\( \frac{1}{3} \),I think this because there are 9 boxes and three aren't shaded and three ninths in its simplist form is one third.,True_Correct,
932,31772,What fraction of the shape is not shaded? Give your answer in its simplest form. [Image: A triangle split into 9 equal smaller triangles. 6 of them are shaded.],\( \frac{1}{3} \),"I think this because there are 9 parts and there are 3 that have not been shaded in, so you get 3/9. Then, simplified, it is 1/3, for 3 goes into 3 and 9.",True_Correct,
933,31772,What fraction of the shape is not shaded? Give your answer in its simplest form. [Image: A triangle split into 9 equal smaller triangles. 6 of them are shaded.],\( \frac{1}{3} \),I think this because there are 9 parts in a triangle and 3 are not shaded.,True_Neither,
934,31772,What fraction of the shape is not shaded? Give your answer in its simplest form. [Image: A triangle split into 9 equal smaller triangles. 6 of them are shaded.],\( \frac{1}{3} \),"I think this because there are 9 parts in the triangle and 3 are not shaded so it is 3/9. However, I simplified it to 1/3.",True_Correct,
935,31772,What fraction of the shape is not shaded? Give your answer in its simplest form. [Image: A triangle split into 9 equal smaller triangles. 6 of them are shaded.],\( \frac{1}{3} \),"I think this because there are 9 smaller triangles in the big triangle, and there are 3 not shaded. The fraction would then be 3/9, which can be simplified by 3, equaling 1/3.",True_Correct,
936,31772,What fraction of the shape is not shaded? Give your answer in its simplest form. [Image: A triangle split into 9 equal smaller triangles. 6 of them are shaded.],\( \frac{1}{3} \),"I think this because there are 9 spaces in the triangle, and 6 are shaded. This leaves 3/9 not shaded, and 3/9 simplified= 1/3",True_Correct,
937,31772,What fraction of the shape is not shaded? Give your answer in its simplest form. [Image: A triangle split into 9 equal smaller triangles. 6 of them are shaded.],\( \frac{1}{3} \),I think this because there are 9 squares and 3 are not shaded in. So the fraction in it’s simplest form is 1/3.,True_Correct,
938,31772,What fraction of the shape is not shaded? Give your answer in its simplest form. [Image: A triangle split into 9 equal smaller triangles. 6 of them are shaded.],\( \frac{1}{3} \),I think this because there are 9 squares and 3 of them arent shaded and that simplified is 1/3.,True_Correct,
939,31772,What fraction of the shape is not shaded? Give your answer in its simplest form. [Image: A triangle split into 9 equal smaller triangles. 6 of them are shaded.],\( \frac{1}{3} \),I think this because there are 9 squares in total. 3 of them are not shaded so that is 3/9. But if you simplify then it would be 1/3,True_Correct,
940,31772,What fraction of the shape is not shaded? Give your answer in its simplest form. [Image: A triangle split into 9 equal smaller triangles. 6 of them are shaded.],\( \frac{1}{3} \),I think this because there are 9 triangles 6 are shaded ad 3 are not,True_Correct,
941,31772,What fraction of the shape is not shaded? Give your answer in its simplest form. [Image: A triangle split into 9 equal smaller triangles. 6 of them are shaded.],\( \frac{1}{3} \),I think this because there are 9 triangles altogether and 3 aren't shaded in so the fraction is 3/9 but that simplified is 1/3.,True_Correct,
942,31772,What fraction of the shape is not shaded? Give your answer in its simplest form. [Image: A triangle split into 9 equal smaller triangles. 6 of them are shaded.],\( \frac{1}{3} \),I think this because there are 9 triangles altogether and 3 of them are not shaded so it is 3/9 also equivalent to 1/3,True_Correct,
943,31772,What fraction of the shape is not shaded? Give your answer in its simplest form. [Image: A triangle split into 9 equal smaller triangles. 6 of them are shaded.],\( \frac{1}{3} \),I think this because there are 9 triangles altogether and 3 of them are not shaded so its simplest form is 1 third,True_Correct,
944,31772,What fraction of the shape is not shaded? Give your answer in its simplest form. [Image: A triangle split into 9 equal smaller triangles. 6 of them are shaded.],\( \frac{1}{3} \),I think this because there are 9 triangles altogether and that is 3/9 so to it simplest for is 1/3,True_Correct,
945,31772,What fraction of the shape is not shaded? Give your answer in its simplest form. [Image: A triangle split into 9 equal smaller triangles. 6 of them are shaded.],\( \frac{1}{3} \),I think this because there are 9 triangles and 3 are not shaded and 3/9 is 1/3.,True_Correct,
946,31772,What fraction of the shape is not shaded? Give your answer in its simplest form. [Image: A triangle split into 9 equal smaller triangles. 6 of them are shaded.],\( \frac{1}{3} \),I think this because there are 9 triangles and 3 are not shaded and the fraction would be 3/9 and then you simplify it which is 1/3,True_Correct,
947,31772,What fraction of the shape is not shaded? Give your answer in its simplest form. [Image: A triangle split into 9 equal smaller triangles. 6 of them are shaded.],\( \frac{1}{3} \),I think this because there are 9 triangles and 3 are not shaded and then when u simplify 3 over 9 it's 1 over 3.,True_Correct,
948,31772,What fraction of the shape is not shaded? Give your answer in its simplest form. [Image: A triangle split into 9 equal smaller triangles. 6 of them are shaded.],\( \frac{1}{3} \),I think this because there are 9 triangles and 3 are not shaded so 3/9 is 1/3,True_Correct,
949,31772,What fraction of the shape is not shaded? Give your answer in its simplest form. [Image: A triangle split into 9 equal smaller triangles. 6 of them are shaded.],\( \frac{1}{3} \),I think this because there are 9 triangles and 3 are not shaded so that would make the fraction three nineths and that can be simplified to one third.,True_Correct,
950,31772,What fraction of the shape is not shaded? Give your answer in its simplest form. [Image: A triangle split into 9 equal smaller triangles. 6 of them are shaded.],\( \frac{1}{3} \),I think this because there are 9 triangles and 3 are not shaded which = 39 but in the simplest form it is 13.,True_Correct,
951,31772,What fraction of the shape is not shaded? Give your answer in its simplest form. [Image: A triangle split into 9 equal smaller triangles. 6 of them are shaded.],\( \frac{1}{3} \),I think this because there are 9 triangles and 3 are not shaded which makes it 3/9. 3/9 in its simplest form is 1/3 because 3 divided by 3 is 1 and 9 divided by 3 is 3.,True_Correct,
952,31772,What fraction of the shape is not shaded? Give your answer in its simplest form. [Image: A triangle split into 9 equal smaller triangles. 6 of them are shaded.],\( \frac{1}{3} \),I think this because there are 9 triangles and 3 are not shaded. 3 / 9 in its simplest form is 1/3.,True_Correct,
953,31772,What fraction of the shape is not shaded? Give your answer in its simplest form. [Image: A triangle split into 9 equal smaller triangles. 6 of them are shaded.],\( \frac{1}{3} \),I think this because there are 9 triangles and 3 are not shaded. 3/9 in the simplest form is 1/3,True_Correct,
954,31772,What fraction of the shape is not shaded? Give your answer in its simplest form. [Image: A triangle split into 9 equal smaller triangles. 6 of them are shaded.],\( \frac{1}{3} \),I think this because there are 9 triangles and 3 of them are not shaded so that would be 3\9 and then if you simplifly that fraction by dividing the numerator and the denomenator be 3 it comes to 1\3.,True_Correct,
955,31772,What fraction of the shape is not shaded? Give your answer in its simplest form. [Image: A triangle split into 9 equal smaller triangles. 6 of them are shaded.],\( \frac{1}{3} \),I think this because there are 9 triangles and 3 of them aren't shaded. 3/9 in it's simplest form is 1/3.,True_Correct,
956,31772,What fraction of the shape is not shaded? Give your answer in its simplest form. [Image: A triangle split into 9 equal smaller triangles. 6 of them are shaded.],\( \frac{1}{3} \),I think this because there are 9 triangles and 6 of them is shaded and 3 of them is not shaded so 3 / 9 = 1/3,True_Correct,
957,31772,What fraction of the shape is not shaded? Give your answer in its simplest form. [Image: A triangle split into 9 equal smaller triangles. 6 of them are shaded.],\( \frac{1}{3} \),I think this because there are 9 triangles in the triangle altogether and there are 6 shaded but I have simplified it to 1/3.,True_Neither,
958,31772,What fraction of the shape is not shaded? Give your answer in its simplest form. [Image: A triangle split into 9 equal smaller triangles. 6 of them are shaded.],\( \frac{1}{3} \),I think this because there are 9 triangles in the triangle and there are 3 triangles not shaded which is 3/9 and then you simplify it to 1/3 by looking to see what number goes into both of them.,True_Correct,
959,31772,What fraction of the shape is not shaded? Give your answer in its simplest form. [Image: A triangle split into 9 equal smaller triangles. 6 of them are shaded.],\( \frac{1}{3} \),I think this because there are 9 triangles in total and 3 are not shaded so its 3/9 but divide them both by 3 and u get 1/3,True_Correct,
960,31772,What fraction of the shape is not shaded? Give your answer in its simplest form. [Image: A triangle split into 9 equal smaller triangles. 6 of them are shaded.],\( \frac{1}{3} \),I think this because there are 9 triangles in total. 3/9 are not shaded since 3 squares out of 9 are plain white. In its simplest form it would be 1/3 and that is A,True_Correct,
961,31772,What fraction of the shape is not shaded? Give your answer in its simplest form. [Image: A triangle split into 9 equal smaller triangles. 6 of them are shaded.],\( \frac{1}{3} \),I think this because there are 9 triangles inside of the big triangle. There are 3 pieces not shaded which makes it 3 1 - which can be simplified to - 9 3,True_Correct,
962,31772,What fraction of the shape is not shaded? Give your answer in its simplest form. [Image: A triangle split into 9 equal smaller triangles. 6 of them are shaded.],\( \frac{1}{3} \),I think this because there are 9 triangles which 3 of them are not shaded so 3/9 is the same as 1/3.,True_Correct,
963,31772,What fraction of the shape is not shaded? Give your answer in its simplest form. [Image: A triangle split into 9 equal smaller triangles. 6 of them are shaded.],\( \frac{1}{3} \),I think this because there are 9 triangles within the large triangle and three aren't shaded. Which would be 3 and when both the numerator and denominator are divided by three it equals 1/3,True_Correct,
964,31772,What fraction of the shape is not shaded? Give your answer in its simplest form. [Image: A triangle split into 9 equal smaller triangles. 6 of them are shaded.],\( \frac{1}{3} \),I think this because there are 9 triangles within the large triangle and three aren't shaded. Which would be 3 and when both the numerator and denominator are divided by three it equals 1/3.,True_Correct,
965,31772,What fraction of the shape is not shaded? Give your answer in its simplest form. [Image: A triangle split into 9 equal smaller triangles. 6 of them are shaded.],\( \frac{1}{3} \),I think this because there are 9triangles that make up the big triangle so the fraction not shaded would be 3/9. If it was in the simplest form it would then be 1/3 as 9 divided by 3 is 3 and 3 divided by 3 is one so the answer must be 1//3,True_Correct,
966,31772,What fraction of the shape is not shaded? Give your answer in its simplest form. [Image: A triangle split into 9 equal smaller triangles. 6 of them are shaded.],\( \frac{1}{3} \),I think this because there are nine triangles 3 are not shaded and six are shaded so it is three ninths and three ninths simplified is one third.,True_Correct,
967,31772,What fraction of the shape is not shaded? Give your answer in its simplest form. [Image: A triangle split into 9 equal smaller triangles. 6 of them are shaded.],\( \frac{1}{3} \),I think this because there are nine triangles altogether and three aren't shaded so that makes 3/9.,True_Correct,
968,31772,What fraction of the shape is not shaded? Give your answer in its simplest form. [Image: A triangle split into 9 equal smaller triangles. 6 of them are shaded.],\( \frac{1}{3} \),I think this because there are nine triangles and 3 of them are not shaded so 3/9 simplified is 1/3,True_Correct,
969,31772,What fraction of the shape is not shaded? Give your answer in its simplest form. [Image: A triangle split into 9 equal smaller triangles. 6 of them are shaded.],\( \frac{1}{3} \),I think this because there are nine triangles and only three of them aren't shaded which is 1/3,True_Correct,
970,31772,What fraction of the shape is not shaded? Give your answer in its simplest form. [Image: A triangle split into 9 equal smaller triangles. 6 of them are shaded.],\( \frac{1}{3} \),I think this because there are nine triangles and three of them aren't shaded. It wants to be in a simpler form divide it by 3 which is 1/3.,True_Correct,
971,31772,What fraction of the shape is not shaded? Give your answer in its simplest form. [Image: A triangle split into 9 equal smaller triangles. 6 of them are shaded.],\( \frac{1}{3} \),I think this because there are nine triangles in total and three of them are not shaded. This makes 3 ninths and this simplified is one third,True_Correct,
972,31772,What fraction of the shape is not shaded? Give your answer in its simplest form. [Image: A triangle split into 9 equal smaller triangles. 6 of them are shaded.],\( \frac{1}{3} \),I think this because there are three that are not shaded and one that is,True_Neither,
973,31772,What fraction of the shape is not shaded? Give your answer in its simplest form. [Image: A triangle split into 9 equal smaller triangles. 6 of them are shaded.],\( \frac{1}{3} \),I think this because there are three unshaded and there are 9 in total so 3/9 and simplified is 1/3,True_Correct,
974,31772,What fraction of the shape is not shaded? Give your answer in its simplest form. [Image: A triangle split into 9 equal smaller triangles. 6 of them are shaded.],\( \frac{1}{3} \),I think this because there is 1 shape and 3 not shaded,True_Neither,
975,31772,What fraction of the shape is not shaded? Give your answer in its simplest form. [Image: A triangle split into 9 equal smaller triangles. 6 of them are shaded.],\( \frac{1}{3} \),I think this because there is 3 not shaded so its 1/3,True_Correct,
976,31772,What fraction of the shape is not shaded? Give your answer in its simplest form. [Image: A triangle split into 9 equal smaller triangles. 6 of them are shaded.],\( \frac{1}{3} \),I think this because there is 6/9 of the triangle shaded so there is only 3 left non shaded so it is 1/3.,True_Correct,
977,31772,What fraction of the shape is not shaded? Give your answer in its simplest form. [Image: A triangle split into 9 equal smaller triangles. 6 of them are shaded.],\( \frac{1}{3} \),I think this because there is 9 and 6 are shaded so it’s 3/9 but then you can simplify it to1/3,True_Correct,
978,31772,What fraction of the shape is not shaded? Give your answer in its simplest form. [Image: A triangle split into 9 equal smaller triangles. 6 of them are shaded.],\( \frac{1}{3} \),I think this because there is 9 boxes and only 3 is shaded and simplify it is one third.,True_Neither,
979,31772,What fraction of the shape is not shaded? Give your answer in its simplest form. [Image: A triangle split into 9 equal smaller triangles. 6 of them are shaded.],\( \frac{1}{3} \),I think this because there is 9 parts in the triangle and 6 of them parts are shaded in leaving 3 ninths which in the simplest form is 1/3,True_Correct,
980,31772,What fraction of the shape is not shaded? Give your answer in its simplest form. [Image: A triangle split into 9 equal smaller triangles. 6 of them are shaded.],\( \frac{1}{3} \),I think this because there is 9 triangles and 3 aren’t shaded if you make that to its simplest form it’s 1/3.,True_Correct,
981,31772,What fraction of the shape is not shaded? Give your answer in its simplest form. [Image: A triangle split into 9 equal smaller triangles. 6 of them are shaded.],\( \frac{1}{3} \),I think this because there is 9 triangles and 6 are shaded which leaves 3 not shaded so it'll be 3/9 and simplified it would be 1/3,True_Correct,
982,31772,What fraction of the shape is not shaded? Give your answer in its simplest form. [Image: A triangle split into 9 equal smaller triangles. 6 of them are shaded.],\( \frac{1}{3} \),"I think this because there is 9 triangles in the big triangle, and 3 are shaded in, so when you divide both numbers by 3, you get 1/3.",True_Neither,
983,31772,What fraction of the shape is not shaded? Give your answer in its simplest form. [Image: A triangle split into 9 equal smaller triangles. 6 of them are shaded.],\( \frac{1}{3} \),"I think this because there is 9 triangles in the triangle, and 3 triangles are not shaded, so the fraction is 3/9. 3/9 in its simplest form is 1/3, because only 3 can go into the denominator and the numerator.",True_Correct,
984,31772,What fraction of the shape is not shaded? Give your answer in its simplest form. [Image: A triangle split into 9 equal smaller triangles. 6 of them are shaded.],\( \frac{1}{3} \),I think this because there is nine triangles in the shape and 6 are shaded in so the amount shaded is 6/9 or 2/3. So the fraction of the shape is not shaded is 1/3.,True_Correct,
985,31772,What fraction of the shape is not shaded? Give your answer in its simplest form. [Image: A triangle split into 9 equal smaller triangles. 6 of them are shaded.],\( \frac{1}{3} \),I think this because there is three ninths shaded then I simplified it,True_Neither,
986,31772,What fraction of the shape is not shaded? Give your answer in its simplest form. [Image: A triangle split into 9 equal smaller triangles. 6 of them are shaded.],\( \frac{1}{3} \),I think this because there is three white triangles and that represents 1/3,True_Correct,
987,31772,What fraction of the shape is not shaded? Give your answer in its simplest form. [Image: A triangle split into 9 equal smaller triangles. 6 of them are shaded.],\( \frac{1}{3} \),I think this because there is three white triangles and that represents 1/3.,True_Correct,
988,31772,What fraction of the shape is not shaded? Give your answer in its simplest form. [Image: A triangle split into 9 equal smaller triangles. 6 of them are shaded.],\( \frac{1}{3} \),I think this because there nine triangles and three of them aren't shaded and three goes into nine three times so it's one third,True_Correct,
989,31772,What fraction of the shape is not shaded? Give your answer in its simplest form. [Image: A triangle split into 9 equal smaller triangles. 6 of them are shaded.],\( \frac{1}{3} \),I think this because there nine triangles andd three of them aren't shaded and 3 goes into nine three times so it's one third.,True_Correct,
990,31772,What fraction of the shape is not shaded? Give your answer in its simplest form. [Image: A triangle split into 9 equal smaller triangles. 6 of them are shaded.],\( \frac{1}{3} \),I think this because there sre 3 out of 9 not shaded.,True_Correct,
991,31772,What fraction of the shape is not shaded? Give your answer in its simplest form. [Image: A triangle split into 9 equal smaller triangles. 6 of them are shaded.],\( \frac{1}{3} \),I think this because there was 9 triangles all together and 3 not shaded so it would be 3/9 because it asked it to be a fraction of the ones not shaded in and simplified it is 1/3,True_Correct,
992,31772,What fraction of the shape is not shaded? Give your answer in its simplest form. [Image: A triangle split into 9 equal smaller triangles. 6 of them are shaded.],\( \frac{1}{3} \),I think this because there were 9 triangles all together and 3 not shaded in so it would be 3/9.,True_Correct,
993,31772,What fraction of the shape is not shaded? Give your answer in its simplest form. [Image: A triangle split into 9 equal smaller triangles. 6 of them are shaded.],\( \frac{1}{3} \),I think this because this equalatiral triangle is split into 9ths. Three fractions of this shape are not shaded so the fraction of shaded pieces is 3/9. Simplified it is 1/3.,True_Correct,
994,31772,What fraction of the shape is not shaded? Give your answer in its simplest form. [Image: A triangle split into 9 equal smaller triangles. 6 of them are shaded.],\( \frac{1}{3} \),"I think this because three parts of the triangle are shaded out of nine parts which, if simplified, is a third.",True_Neither,
995,31772,What fraction of the shape is not shaded? Give your answer in its simplest form. [Image: A triangle split into 9 equal smaller triangles. 6 of them are shaded.],\( \frac{1}{3} \),I think this because two ninths is equal to one third.,True_Neither,
996,31772,What fraction of the shape is not shaded? Give your answer in its simplest form. [Image: A triangle split into 9 equal smaller triangles. 6 of them are shaded.],\( \frac{1}{3} \),I think this because we found out that 3/9 are not shaded. We can simplify this by dividing the numerator and denominator by 3 (because 3 is the highest common factor) which left us with 1/3,True_Correct,
997,31772,What fraction of the shape is not shaded? Give your answer in its simplest form. [Image: A triangle split into 9 equal smaller triangles. 6 of them are shaded.],\( \frac{1}{3} \),"I think this because when you count all the triangles there would be nine, and 3 are unshaded while the rest aren’t, we know that 3/9 is also 1/3",True_Correct,
998,31772,What fraction of the shape is not shaded? Give your answer in its simplest form. [Image: A triangle split into 9 equal smaller triangles. 6 of them are shaded.],\( \frac{1}{3} \),I think this because when you simplify 3 / 9 you would get 1/3.,True_Correct,
